timestamp,mode,rows,cols,steps,seed,run_index,is_warmup,threads,procs,kernel,gpu,time_s,time_per_step_ms,alive_end
"2026-03-16T11:12:34","sequential","512","512","500","42","1","1","0","0","","","0.509554","1.01911","13431"
"2026-03-16T11:12:35","openmp","512","512","500","42","1","1","1","0","","","0.966601","1.9332","13431"
"2026-03-16T11:12:36","openmp","512","512","500","42","1","1","2","0","","","0.492351","0.984702","13431"
"2026-03-16T11:12:36","openmp","512","512","500","42","1","1","4","0","","","0.255439","0.510878","13431"
"2026-03-16T11:12:36","openmp","512","512","500","42","1","1","8","0","","","0.161892","0.323785","13431"
"2026-03-16T11:12:36","openmp","512","512","500","42","1","1","16","0","","","0.135478","0.270955","13431"
"2026-03-16T11:12:37","mpi","512","512","500","42","1","1","0","1","","","0.689586","1.37917","13431"
"2026-03-16T11:12:37","mpi","512","512","500","42","1","1","0","2","","","0.35016","0.70032","13431"
"2026-03-16T11:12:38","mpi","512","512","500","42","1","1","0","4","","","0.182606","0.365211","13431"
"2026-03-16T11:12:38","mpi","512","512","500","42","1","1","0","8","","","0.147761","0.295523","13431"
"2026-03-16T11:12:38","mixed","512","512","500","42","1","1","4","2","","","0.256225","0.512451","13431"
"2026-03-16T11:12:38","mixed","512","512","500","42","1","1","4","4","","","0.185804","0.371608","13431"
"2026-03-16T11:12:39","cuda_basic","512","512","500","42","1","1","0","0","basic","NVIDIA GeForce RTX 4070","0.0057408","0.0114816","13431"
"2026-03-16T11:12:39","cuda_shared","512","512","500","42","1","1","0","0","shared","NVIDIA GeForce RTX 4070","0.0056281","0.0112562","13431"
"2026-03-16T11:12:39","sequential","512","512","500","42","2","0","0","0","","","0.512916","1.02583","13431"
"2026-03-16T11:12:40","openmp","512","512","500","42","2","0","1","0","","","0.967728","1.93546","13431"
"2026-03-16T11:12:41","openmp","512","512","500","42","2","0","2","0","","","0.489293","0.978586","13431"
"2026-03-16T11:12:41","openmp","512","512","500","42","2","0","4","0","","","0.254335","0.508671","13431"
"2026-03-16T11:12:41","openmp","512","512","500","42","2","0","8","0","","","0.186662","0.373323","13431"
"2026-03-16T11:12:41","openmp","512","512","500","42","2","0","16","0","","","0.134921","0.269843","13431"
"2026-03-16T11:12:42","mpi","512","512","500","42","2","0","0","1","","","0.693097","1.38619","13431"
"2026-03-16T11:12:43","mpi","512","512","500","42","2","0","0","2","","","0.349928","0.699855","13431"
"2026-03-16T11:12:43","mpi","512","512","500","42","2","0","0","4","","","0.184372","0.368745","13431"
"2026-03-16T11:12:43","mpi","512","512","500","42","2","0","0","8","","","0.136062","0.272125","13431"
"2026-03-16T11:12:43","mixed","512","512","500","42","2","0","4","2","","","0.248423","0.496847","13431"
"2026-03-16T11:12:44","mixed","512","512","500","42","2","0","4","4","","","0.186494","0.372987","13431"
"2026-03-16T11:12:44","cuda_basic","512","512","500","42","2","0","0","0","basic","NVIDIA GeForce RTX 4070","0.0064523","0.0129046","13431"
"2026-03-16T11:12:44","cuda_shared","512","512","500","42","2","0","0","0","shared","NVIDIA GeForce RTX 4070","0.0063534","0.0127068","13431"
"2026-03-16T11:12:44","sequential","512","512","500","42","3","0","0","0","","","0.515486","1.03097","13431"
"2026-03-16T11:12:45","openmp","512","512","500","42","3","0","1","0","","","0.971904","1.94381","13431"
"2026-03-16T11:12:46","openmp","512","512","500","42","3","0","2","0","","","0.493265","0.98653","13431"
"2026-03-16T11:12:46","openmp","512","512","500","42","3","0","4","0","","","0.253955","0.507909","13431"
"2026-03-16T11:12:46","openmp","512","512","500","42","3","0","8","0","","","0.156586","0.313172","13431"
"2026-03-16T11:12:46","openmp","512","512","500","42","3","0","16","0","","","0.143322","0.286644","13431"
"2026-03-16T11:12:47","mpi","512","512","500","42","3","0","0","1","","","0.692295","1.38459","13431"
"2026-03-16T11:12:48","mpi","512","512","500","42","3","0","0","2","","","0.349695","0.699389","13431"
"2026-03-16T11:12:48","mpi","512","512","500","42","3","0","0","4","","","0.184512","0.369023","13431"
"2026-03-16T11:12:48","mpi","512","512","500","42","3","0","0","8","","","0.163464","0.326928","13431"
"2026-03-16T11:12:48","mixed","512","512","500","42","3","0","4","2","","","0.220692","0.441384","13431"
"2026-03-16T11:12:49","mixed","512","512","500","42","3","0","4","4","","","0.185428","0.370856","13431"
"2026-03-16T11:12:49","cuda_basic","512","512","500","42","3","0","0","0","basic","NVIDIA GeForce RTX 4070","0.0045926","0.0091852","13431"
"2026-03-16T11:12:49","cuda_shared","512","512","500","42","3","0","0","0","shared","NVIDIA GeForce RTX 4070","0.00588","0.01176","13431"
"2026-03-16T11:12:49","sequential","512","512","500","42","4","0","0","0","","","0.514598","1.0292","13431"
"2026-03-16T11:12:50","openmp","512","512","500","42","4","0","1","0","","","0.971005","1.94201","13431"
"2026-03-16T11:12:51","openmp","512","512","500","42","4","0","2","0","","","0.490331","0.980662","13431"
"2026-03-16T11:12:51","openmp","512","512","500","42","4","0","4","0","","","0.254155","0.508311","13431"
"2026-03-16T11:12:51","openmp","512","512","500","42","4","0","8","0","","","0.145351","0.290701","13431"
"2026-03-16T11:12:51","openmp","512","512","500","42","4","0","16","0","","","0.133784","0.267568","13431"
"2026-03-16T11:12:52","mpi","512","512","500","42","4","0","0","1","","","0.703788","1.40758","13431"
"2026-03-16T11:12:53","mpi","512","512","500","42","4","0","0","2","","","0.347454","0.694908","13431"
"2026-03-16T11:12:53","mpi","512","512","500","42","4","0","0","4","","","0.183163","0.366326","13431"
"2026-03-16T11:12:53","mpi","512","512","500","42","4","0","0","8","","","0.158607","0.317214","13431"
"2026-03-16T11:12:53","mixed","512","512","500","42","4","0","4","2","","","0.251021","0.502042","13431"
"2026-03-16T11:12:54","mixed","512","512","500","42","4","0","4","4","","","0.183511","0.367023","13431"
"2026-03-16T11:12:54","cuda_basic","512","512","500","42","4","0","0","0","basic","NVIDIA GeForce RTX 4070","0.0056067","0.0112134","13431"
"2026-03-16T11:12:54","cuda_shared","512","512","500","42","4","0","0","0","shared","NVIDIA GeForce RTX 4070","0.0054825","0.010965","13431"
"2026-03-16T11:12:54","sequential","512","512","500","42","5","0","0","0","","","0.514416","1.02883","13431"
"2026-03-16T11:12:55","openmp","512","512","500","42","5","0","1","0","","","0.971207","1.94241","13431"
"2026-03-16T11:12:56","openmp","512","512","500","42","5","0","2","0","","","0.496182","0.992364","13431"
"2026-03-16T11:12:56","openmp","512","512","500","42","5","0","4","0","","","0.257676","0.515352","13431"
"2026-03-16T11:12:56","openmp","512","512","500","42","5","0","8","0","","","0.170423","0.340846","13431"
"2026-03-16T11:12:57","openmp","512","512","500","42","5","0","16","0","","","0.133604","0.267209","13431"
"2026-03-16T11:12:57","mpi","512","512","500","42","5","0","0","1","","","0.692044","1.38409","13431"
"2026-03-16T11:12:58","mpi","512","512","500","42","5","0","0","2","","","0.347033","0.694066","13431"
"2026-03-16T11:12:58","mpi","512","512","500","42","5","0","0","4","","","0.184501","0.369002","13431"
"2026-03-16T11:12:58","mpi","512","512","500","42","5","0","0","8","","","0.146671","0.293342","13431"
"2026-03-16T11:12:58","mixed","512","512","500","42","5","0","4","2","","","0.237561","0.475122","13431"
"2026-03-16T11:12:59","mixed","512","512","500","42","5","0","4","4","","","0.1863","0.3726","13431"
"2026-03-16T11:12:59","cuda_basic","512","512","500","42","5","0","0","0","basic","NVIDIA GeForce RTX 4070","0.00471","0.00942","13431"
"2026-03-16T11:12:59","cuda_shared","512","512","500","42","5","0","0","0","shared","NVIDIA GeForce RTX 4070","0.0063518","0.0127036","13431"
"2026-03-16T11:12:59","sequential","512","512","500","42","6","0","0","0","","","0.514871","1.02974","13431"
"2026-03-16T11:13:00","openmp","512","512","500","42","6","0","1","0","","","0.976206","1.95241","13431"
"2026-03-16T11:13:01","openmp","512","512","500","42","6","0","2","0","","","0.494343","0.988685","13431"
"2026-03-16T11:13:01","openmp","512","512","500","42","6","0","4","0","","","0.276938","0.553876","13431"
"2026-03-16T11:13:01","openmp","512","512","500","42","6","0","8","0","","","0.181112","0.362224","13431"
"2026-03-16T11:13:02","openmp","512","512","500","42","6","0","16","0","","","0.132874","0.265748","13431"
"2026-03-16T11:13:02","mpi","512","512","500","42","6","0","0","1","","","0.693814","1.38763","13431"
"2026-03-16T11:13:03","mpi","512","512","500","42","6","0","0","2","","","0.371002","0.742003","13431"
"2026-03-16T11:13:03","mpi","512","512","500","42","6","0","0","4","","","0.183036","0.366071","13431"
"2026-03-16T11:13:03","mpi","512","512","500","42","6","0","0","8","","","0.134256","0.268512","13431"
"2026-03-16T11:13:04","mixed","512","512","500","42","6","0","4","2","","","0.211959","0.423919","13431"
"2026-03-16T11:13:04","mixed","512","512","500","42","6","0","4","4","","","0.185258","0.370516","13431"
"2026-03-16T11:13:04","cuda_basic","512","512","500","42","6","0","0","0","basic","NVIDIA GeForce RTX 4070","0.0055275","0.011055","13431"
"2026-03-16T11:13:04","cuda_shared","512","512","500","42","6","0","0","0","shared","NVIDIA GeForce RTX 4070","0.0066074","0.0132148","13431"
"2026-03-16T11:13:05","sequential","512","512","500","42","7","0","0","0","","","0.514125","1.02825","13431"
"2026-03-16T11:13:06","openmp","512","512","500","42","7","0","1","0","","","0.971685","1.94337","13431"
"2026-03-16T11:13:06","openmp","512","512","500","42","7","0","2","0","","","0.490288","0.980577","13431"
"2026-03-16T11:13:06","openmp","512","512","500","42","7","0","4","0","","","0.267942","0.535885","13431"
"2026-03-16T11:13:07","openmp","512","512","500","42","7","0","8","0","","","0.174423","0.348846","13431"
"2026-03-16T11:13:07","openmp","512","512","500","42","7","0","16","0","","","0.133156","0.266312","13431"
"2026-03-16T11:13:07","mpi","512","512","500","42","7","0","0","1","","","0.692631","1.38526","13431"
"2026-03-16T11:13:08","mpi","512","512","500","42","7","0","0","2","","","0.347028","0.694057","13431"
"2026-03-16T11:13:08","mpi","512","512","500","42","7","0","0","4","","","0.184301","0.368602","13431"
"2026-03-16T11:13:08","mpi","512","512","500","42","7","0","0","8","","","0.131733","0.263466","13431"
"2026-03-16T11:13:09","mixed","512","512","500","42","7","0","4","2","","","0.24634","0.49268","13431"
"2026-03-16T11:13:09","mixed","512","512","500","42","7","0","4","4","","","0.190605","0.381209","13431"
"2026-03-16T11:13:09","cuda_basic","512","512","500","42","7","0","0","0","basic","NVIDIA GeForce RTX 4070","0.0045498","0.0090996","13431"
"2026-03-16T11:13:09","cuda_shared","512","512","500","42","7","0","0","0","shared","NVIDIA GeForce RTX 4070","0.0061319","0.0122638","13431"
"2026-03-16T11:13:10","sequential","512","512","500","42","8","0","0","0","","","0.515887","1.03177","13431"
"2026-03-16T11:13:11","openmp","512","512","500","42","8","0","1","0","","","0.971148","1.9423","13431"
"2026-03-16T11:13:11","openmp","512","512","500","42","8","0","2","0","","","0.504561","1.00912","13431"
"2026-03-16T11:13:11","openmp","512","512","500","42","8","0","4","0","","","0.254241","0.508482","13431"
"2026-03-16T11:13:12","openmp","512","512","500","42","8","0","8","0","","","0.170648","0.341296","13431"
"2026-03-16T11:13:12","openmp","512","512","500","42","8","0","16","0","","","0.134377","0.268753","13431"
"2026-03-16T11:13:12","mpi","512","512","500","42","8","0","0","1","","","0.695414","1.39083","13431"
"2026-03-16T11:13:13","mpi","512","512","500","42","8","0","0","2","","","0.349314","0.698629","13431"
"2026-03-16T11:13:13","mpi","512","512","500","42","8","0","0","4","","","0.183001","0.366002","13431"
"2026-03-16T11:13:13","mpi","512","512","500","42","8","0","0","8","","","0.137983","0.275966","13431"
"2026-03-16T11:13:14","mixed","512","512","500","42","8","0","4","2","","","0.267261","0.534523","13431"
"2026-03-16T11:13:14","mixed","512","512","500","42","8","0","4","4","","","0.188807","0.377614","13431"
"2026-03-16T11:13:14","cuda_basic","512","512","500","42","8","0","0","0","basic","NVIDIA GeForce RTX 4070","0.0052582","0.0105164","13431"
"2026-03-16T11:13:14","cuda_shared","512","512","500","42","8","0","0","0","shared","NVIDIA GeForce RTX 4070","0.0089009","0.0178018","13431"
"2026-03-16T11:13:15","sequential","512","512","500","42","9","0","0","0","","","0.514354","1.02871","13431"
"2026-03-16T11:13:16","openmp","512","512","500","42","9","0","1","0","","","0.971089","1.94218","13431"
"2026-03-16T11:13:16","openmp","512","512","500","42","9","0","2","0","","","0.490458","0.980916","13431"
"2026-03-16T11:13:16","openmp","512","512","500","42","9","0","4","0","","","0.25506","0.51012","13431"
"2026-03-16T11:13:17","openmp","512","512","500","42","9","0","8","0","","","0.19654","0.393079","13431"
"2026-03-16T11:13:17","openmp","512","512","500","42","9","0","16","0","","","0.134891","0.269783","13431"
"2026-03-16T11:13:18","mpi","512","512","500","42","9","0","0","1","","","0.6938","1.3876","13431"
"2026-03-16T11:13:18","mpi","512","512","500","42","9","0","0","2","","","0.347986","0.695972","13431"
"2026-03-16T11:13:18","mpi","512","512","500","42","9","0","0","4","","","0.183134","0.366268","13431"
"2026-03-16T11:13:18","mpi","512","512","500","42","9","0","0","8","","","0.130947","0.261894","13431"
"2026-03-16T11:13:19","mixed","512","512","500","42","9","0","4","2","","","0.268484","0.536968","13431"
"2026-03-16T11:13:19","mixed","512","512","500","42","9","0","4","4","","","0.190529","0.381057","13431"
"2026-03-16T11:13:19","cuda_basic","512","512","500","42","9","0","0","0","basic","NVIDIA GeForce RTX 4070","0.0045558","0.0091116","13431"
"2026-03-16T11:13:19","cuda_shared","512","512","500","42","9","0","0","0","shared","NVIDIA GeForce RTX 4070","0.0062183","0.0124366","13431"
"2026-03-16T11:13:20","sequential","512","512","500","42","10","0","0","0","","","0.514935","1.02987","13431"
"2026-03-16T11:13:21","openmp","512","512","500","42","10","0","1","0","","","0.97261","1.94522","13431"
"2026-03-16T11:13:21","openmp","512","512","500","42","10","0","2","0","","","0.491226","0.982451","13431"
"2026-03-16T11:13:22","openmp","512","512","500","42","10","0","4","0","","","0.269309","0.538618","13431"
"2026-03-16T11:13:22","openmp","512","512","500","42","10","0","8","0","","","0.17524","0.35048","13431"
"2026-03-16T11:13:22","openmp","512","512","500","42","10","0","16","0","","","0.134893","0.269785","13431"
"2026-03-16T11:13:23","mpi","512","512","500","42","10","0","0","1","","","0.692925","1.38585","13431"
"2026-03-16T11:13:23","mpi","512","512","500","42","10","0","0","2","","","0.34727","0.694539","13431"
"2026-03-16T11:13:23","mpi","512","512","500","42","10","0","0","4","","","0.183594","0.367187","13431"
"2026-03-16T11:13:24","mpi","512","512","500","42","10","0","0","8","","","0.13025","0.2605","13431"
"2026-03-16T11:13:24","mixed","512","512","500","42","10","0","4","2","","","0.27626","0.55252","13431"
"2026-03-16T11:13:24","mixed","512","512","500","42","10","0","4","4","","","0.183255","0.36651","13431"
"2026-03-16T11:13:24","cuda_basic","512","512","500","42","10","0","0","0","basic","NVIDIA GeForce RTX 4070","0.0047879","0.0095758","13431"
"2026-03-16T11:13:24","cuda_shared","512","512","500","42","10","0","0","0","shared","NVIDIA GeForce RTX 4070","0.0062068","0.0124136","13431"
"2026-03-16T11:13:25","sequential","512","512","500","42","11","0","0","0","","","0.513835","1.02767","13431"
"2026-03-16T11:13:26","openmp","512","512","500","42","11","0","1","0","","","0.973257","1.94651","13431"
"2026-03-16T11:13:26","openmp","512","512","500","42","11","0","2","0","","","0.490441","0.980882","13431"
"2026-03-16T11:13:27","openmp","512","512","500","42","11","0","4","0","","","0.254984","0.509967","13431"
"2026-03-16T11:13:27","openmp","512","512","500","42","11","0","8","0","","","0.200697","0.401393","13431"
"2026-03-16T11:13:27","openmp","512","512","500","42","11","0","16","0","","","0.13335","0.2667","13431"
"2026-03-16T11:13:28","mpi","512","512","500","42","11","0","0","1","","","0.693697","1.38739","13431"
"2026-03-16T11:13:28","mpi","512","512","500","42","11","0","0","2","","","0.347507","0.695014","13431"
"2026-03-16T11:13:28","mpi","512","512","500","42","11","0","0","4","","","0.183177","0.366355","13431"
"2026-03-16T11:13:29","mpi","512","512","500","42","11","0","0","8","","","0.141904","0.283808","13431"
"2026-03-16T11:13:29","mixed","512","512","500","42","11","0","4","2","","","0.25063","0.50126","13431"
"2026-03-16T11:13:29","mixed","512","512","500","42","11","0","4","4","","","0.182967","0.365934","13431"
"2026-03-16T11:13:29","cuda_basic","512","512","500","42","11","0","0","0","basic","NVIDIA GeForce RTX 4070","0.0045982","0.0091964","13431"
"2026-03-16T11:13:29","cuda_shared","512","512","500","42","11","0","0","0","shared","NVIDIA GeForce RTX 4070","0.0062517","0.0125034","13431"
"2026-03-16T11:13:30","sequential","512","512","500","123","1","1","0","0","","","0.515466","1.03093","13299"
"2026-03-16T11:13:31","openmp","512","512","500","123","1","1","1","0","","","0.975304","1.95061","13299"
"2026-03-16T11:13:31","openmp","512","512","500","123","1","1","2","0","","","0.490894","0.981789","13299"
"2026-03-16T11:13:32","openmp","512","512","500","123","1","1","4","0","","","0.267333","0.534666","13299"
"2026-03-16T11:13:32","openmp","512","512","500","123","1","1","8","0","","","0.187292","0.374585","13299"
"2026-03-16T11:13:32","openmp","512","512","500","123","1","1","16","0","","","0.133508","0.267016","13299"
"2026-03-16T11:13:33","mpi","512","512","500","123","1","1","0","1","","","0.705607","1.41121","13299"
"2026-03-16T11:13:33","mpi","512","512","500","123","1","1","0","2","","","0.348596","0.697193","13299"
"2026-03-16T11:13:33","mpi","512","512","500","123","1","1","0","4","","","0.18369","0.36738","13299"
"2026-03-16T11:13:34","mpi","512","512","500","123","1","1","0","8","","","0.134601","0.269202","13299"
"2026-03-16T11:13:34","mixed","512","512","500","123","1","1","4","2","","","0.268301","0.536601","13299"
"2026-03-16T11:13:34","mixed","512","512","500","123","1","1","4","4","","","0.186791","0.373582","13299"
"2026-03-16T11:13:34","cuda_basic","512","512","500","123","1","1","0","0","basic","NVIDIA GeForce RTX 4070","0.0052113","0.0104226","13299"
"2026-03-16T11:13:35","cuda_shared","512","512","500","123","1","1","0","0","shared","NVIDIA GeForce RTX 4070","0.0062326","0.0124652","13299"
"2026-03-16T11:13:35","sequential","512","512","500","123","2","0","0","0","","","0.515066","1.03013","13299"
"2026-03-16T11:13:36","openmp","512","512","500","123","2","0","1","0","","","0.971572","1.94314","13299"
"2026-03-16T11:13:37","openmp","512","512","500","123","2","0","2","0","","","0.490448","0.980896","13299"
"2026-03-16T11:13:37","openmp","512","512","500","123","2","0","4","0","","","0.280777","0.561553","13299"
"2026-03-16T11:13:37","openmp","512","512","500","123","2","0","8","0","","","0.179293","0.358586","13299"
"2026-03-16T11:13:37","openmp","512","512","500","123","2","0","16","0","","","0.134044","0.268088","13299"
"2026-03-16T11:13:38","mpi","512","512","500","123","2","0","0","1","","","0.693445","1.38689","13299"
"2026-03-16T11:13:38","mpi","512","512","500","123","2","0","0","2","","","0.348315","0.69663","13299"
"2026-03-16T11:13:39","mpi","512","512","500","123","2","0","0","4","","","0.181381","0.362761","13299"
"2026-03-16T11:13:39","mpi","512","512","500","123","2","0","0","8","","","0.134174","0.268347","13299"
"2026-03-16T11:13:39","mixed","512","512","500","123","2","0","4","2","","","0.281519","0.563037","13299"
"2026-03-16T11:13:39","mixed","512","512","500","123","2","0","4","4","","","0.183107","0.366213","13299"
"2026-03-16T11:13:40","cuda_basic","512","512","500","123","2","0","0","0","basic","NVIDIA GeForce RTX 4070","0.0051056","0.0102112","13299"
"2026-03-16T11:13:40","cuda_shared","512","512","500","123","2","0","0","0","shared","NVIDIA GeForce RTX 4070","0.0062839","0.0125678","13299"
"2026-03-16T11:13:40","sequential","512","512","500","123","3","0","0","0","","","0.515247","1.03049","13299"
"2026-03-16T11:13:41","openmp","512","512","500","123","3","0","1","0","","","0.97301","1.94602","13299"
"2026-03-16T11:13:42","openmp","512","512","500","123","3","0","2","0","","","0.4906","0.981199","13299"
"2026-03-16T11:13:42","openmp","512","512","500","123","3","0","4","0","","","0.256529","0.513057","13299"
"2026-03-16T11:13:42","openmp","512","512","500","123","3","0","8","0","","","0.177567","0.355133","13299"
"2026-03-16T11:13:42","openmp","512","512","500","123","3","0","16","0","","","0.133208","0.266415","13299"
"2026-03-16T11:13:43","mpi","512","512","500","123","3","0","0","1","","","0.705765","1.41153","13299"
"2026-03-16T11:13:43","mpi","512","512","500","123","3","0","0","2","","","0.347454","0.694909","13299"
"2026-03-16T11:13:44","mpi","512","512","500","123","3","0","0","4","","","0.184768","0.369536","13299"
"2026-03-16T11:13:44","mpi","512","512","500","123","3","0","0","8","","","0.132703","0.265407","13299"
"2026-03-16T11:13:44","mixed","512","512","500","123","3","0","4","2","","","0.24053","0.481059","13299"
"2026-03-16T11:13:44","mixed","512","512","500","123","3","0","4","4","","","0.182815","0.365631","13299"
"2026-03-16T11:13:45","cuda_basic","512","512","500","123","3","0","0","0","basic","NVIDIA GeForce RTX 4070","0.0049737","0.0099474","13299"
"2026-03-16T11:13:45","cuda_shared","512","512","500","123","3","0","0","0","shared","NVIDIA GeForce RTX 4070","0.0062954","0.0125908","13299"
"2026-03-16T11:13:45","sequential","512","512","500","123","4","0","0","0","","","0.518543","1.03709","13299"
"2026-03-16T11:13:46","openmp","512","512","500","123","4","0","1","0","","","0.972158","1.94432","13299"
"2026-03-16T11:13:47","openmp","512","512","500","123","4","0","2","0","","","0.490667","0.981335","13299"
"2026-03-16T11:13:47","openmp","512","512","500","123","4","0","4","0","","","0.255996","0.511991","13299"
"2026-03-16T11:13:47","openmp","512","512","500","123","4","0","8","0","","","0.169181","0.338363","13299"
"2026-03-16T11:13:47","openmp","512","512","500","123","4","0","16","0","","","0.134744","0.269488","13299"
"2026-03-16T11:13:48","mpi","512","512","500","123","4","0","0","1","","","0.694568","1.38914","13299"
"2026-03-16T11:13:48","mpi","512","512","500","123","4","0","0","2","","","0.347772","0.695545","13299"
"2026-03-16T11:13:49","mpi","512","512","500","123","4","0","0","4","","","0.215237","0.430473","13299"
"2026-03-16T11:13:49","mpi","512","512","500","123","4","0","0","8","","","0.143887","0.287774","13299"
"2026-03-16T11:13:49","mixed","512","512","500","123","4","0","4","2","","","0.233269","0.466538","13299"
"2026-03-16T11:13:50","mixed","512","512","500","123","4","0","4","4","","","0.186087","0.372173","13299"
"2026-03-16T11:13:50","cuda_basic","512","512","500","123","4","0","0","0","basic","NVIDIA GeForce RTX 4070","0.0050638","0.0101276","13299"
"2026-03-16T11:13:50","cuda_shared","512","512","500","123","4","0","0","0","shared","NVIDIA GeForce RTX 4070","0.0056432","0.0112864","13299"
"2026-03-16T11:13:50","sequential","512","512","500","123","5","0","0","0","","","0.517592","1.03518","13299"
"2026-03-16T11:13:51","openmp","512","512","500","123","5","0","1","0","","","0.974075","1.94815","13299"
"2026-03-16T11:13:52","openmp","512","512","500","123","5","0","2","0","","","0.49062","0.981241","13299"
"2026-03-16T11:13:52","openmp","512","512","500","123","5","0","4","0","","","0.275417","0.550834","13299"
"2026-03-16T11:13:52","openmp","512","512","500","123","5","0","8","0","","","0.183553","0.367106","13299"
"2026-03-16T11:13:52","openmp","512","512","500","123","5","0","16","0","","","0.134186","0.268372","13299"
"2026-03-16T11:13:53","mpi","512","512","500","123","5","0","0","1","","","0.711925","1.42385","13299"
"2026-03-16T11:13:54","mpi","512","512","500","123","5","0","0","2","","","0.348363","0.696727","13299"
"2026-03-16T11:13:54","mpi","512","512","500","123","5","0","0","4","","","0.184505","0.369009","13299"
"2026-03-16T11:13:54","mpi","512","512","500","123","5","0","0","8","","","0.172953","0.345907","13299"
"2026-03-16T11:13:54","mixed","512","512","500","123","5","0","4","2","","","0.220857","0.441714","13299"
"2026-03-16T11:13:55","mixed","512","512","500","123","5","0","4","4","","","0.187078","0.374156","13299"
"2026-03-16T11:13:55","cuda_basic","512","512","500","123","5","0","0","0","basic","NVIDIA GeForce RTX 4070","0.005172","0.010344","13299"
"2026-03-16T11:13:55","cuda_shared","512","512","500","123","5","0","0","0","shared","NVIDIA GeForce RTX 4070","0.007061","0.014122","13299"
"2026-03-16T11:13:55","sequential","512","512","500","123","6","0","0","0","","","0.517412","1.03482","13299"
"2026-03-16T11:13:56","openmp","512","512","500","123","6","0","1","0","","","0.973132","1.94626","13299"
"2026-03-16T11:13:57","openmp","512","512","500","123","6","0","2","0","","","0.491181","0.982363","13299"
"2026-03-16T11:13:57","openmp","512","512","500","123","6","0","4","0","","","0.258074","0.516149","13299"
"2026-03-16T11:13:57","openmp","512","512","500","123","6","0","8","0","","","0.195951","0.391902","13299"
"2026-03-16T11:13:58","openmp","512","512","500","123","6","0","16","0","","","0.133801","0.267603","13299"
"2026-03-16T11:13:58","mpi","512","512","500","123","6","0","0","1","","","0.694678","1.38936","13299"
"2026-03-16T11:13:59","mpi","512","512","500","123","6","0","0","2","","","0.348648","0.697297","13299"
"2026-03-16T11:13:59","mpi","512","512","500","123","6","0","0","4","","","0.183771","0.367542","13299"
"2026-03-16T11:13:59","mpi","512","512","500","123","6","0","0","8","","","0.165858","0.331716","13299"
"2026-03-16T11:14:00","mixed","512","512","500","123","6","0","4","2","","","0.264178","0.528356","13299"
"2026-03-16T11:14:00","mixed","512","512","500","123","6","0","4","4","","","0.221881","0.443762","13299"
"2026-03-16T11:14:00","cuda_basic","512","512","500","123","6","0","0","0","basic","NVIDIA GeForce RTX 4070","0.0044392","0.0088784","13299"
"2026-03-16T11:14:00","cuda_shared","512","512","500","123","6","0","0","0","shared","NVIDIA GeForce RTX 4070","0.0055964","0.0111928","13299"
"2026-03-16T11:14:01","sequential","512","512","500","123","7","0","0","0","","","0.516037","1.03207","13299"
"2026-03-16T11:14:02","openmp","512","512","500","123","7","0","1","0","","","0.976413","1.95283","13299"
"2026-03-16T11:14:02","openmp","512","512","500","123","7","0","2","0","","","0.491233","0.982466","13299"
"2026-03-16T11:14:02","openmp","512","512","500","123","7","0","4","0","","","0.255482","0.510964","13299"
"2026-03-16T11:14:03","openmp","512","512","500","123","7","0","8","0","","","0.174966","0.349932","13299"
"2026-03-16T11:14:03","openmp","512","512","500","123","7","0","16","0","","","0.132676","0.265351","13299"
"2026-03-16T11:14:03","mpi","512","512","500","123","7","0","0","1","","","0.693829","1.38766","13299"
"2026-03-16T11:14:04","mpi","512","512","500","123","7","0","0","2","","","0.347607","0.695213","13299"
"2026-03-16T11:14:04","mpi","512","512","500","123","7","0","0","4","","","0.186236","0.372473","13299"
"2026-03-16T11:14:04","mpi","512","512","500","123","7","0","0","8","","","0.157285","0.314571","13299"
"2026-03-16T11:14:05","mixed","512","512","500","123","7","0","4","2","","","0.236707","0.473414","13299"
"2026-03-16T11:14:05","mixed","512","512","500","123","7","0","4","4","","","0.18274","0.36548","13299"
"2026-03-16T11:14:05","cuda_basic","512","512","500","123","7","0","0","0","basic","NVIDIA GeForce RTX 4070","0.0051433","0.0102866","13299"
"2026-03-16T11:14:05","cuda_shared","512","512","500","123","7","0","0","0","shared","NVIDIA GeForce RTX 4070","0.0077356","0.0154712","13299"
"2026-03-16T11:14:06","sequential","512","512","500","123","8","0","0","0","","","0.516559","1.03312","13299"
"2026-03-16T11:14:07","openmp","512","512","500","123","8","0","1","0","","","0.971589","1.94318","13299"
"2026-03-16T11:14:07","openmp","512","512","500","123","8","0","2","0","","","0.490959","0.981917","13299"
"2026-03-16T11:14:07","openmp","512","512","500","123","8","0","4","0","","","0.265067","0.530134","13299"
"2026-03-16T11:14:08","openmp","512","512","500","123","8","0","8","0","","","0.162086","0.324173","13299"
"2026-03-16T11:14:08","openmp","512","512","500","123","8","0","16","0","","","0.134978","0.269955","13299"
"2026-03-16T11:14:09","mpi","512","512","500","123","8","0","0","1","","","0.693702","1.3874","13299"
"2026-03-16T11:14:09","mpi","512","512","500","123","8","0","0","2","","","0.347846","0.695692","13299"
"2026-03-16T11:14:09","mpi","512","512","500","123","8","0","0","4","","","0.204604","0.409208","13299"
"2026-03-16T11:14:09","mpi","512","512","500","123","8","0","0","8","","","0.146699","0.293397","13299"
"2026-03-16T11:14:10","mixed","512","512","500","123","8","0","4","2","","","0.27074","0.541479","13299"
"2026-03-16T11:14:10","mixed","512","512","500","123","8","0","4","4","","","0.183377","0.366754","13299"
"2026-03-16T11:14:10","cuda_basic","512","512","500","123","8","0","0","0","basic","NVIDIA GeForce RTX 4070","0.0045145","0.009029","13299"
"2026-03-16T11:14:10","cuda_shared","512","512","500","123","8","0","0","0","shared","NVIDIA GeForce RTX 4070","0.0063701","0.0127402","13299"
"2026-03-16T11:14:11","sequential","512","512","500","123","9","0","0","0","","","0.51715","1.0343","13299"
"2026-03-16T11:14:12","openmp","512","512","500","123","9","0","1","0","","","0.973212","1.94642","13299"
"2026-03-16T11:14:12","openmp","512","512","500","123","9","0","2","0","","","0.498438","0.996875","13299"
"2026-03-16T11:14:13","openmp","512","512","500","123","9","0","4","0","","","0.259266","0.518532","13299"
"2026-03-16T11:14:13","openmp","512","512","500","123","9","0","8","0","","","0.16959","0.33918","13299"
"2026-03-16T11:14:13","openmp","512","512","500","123","9","0","16","0","","","0.134866","0.269733","13299"
"2026-03-16T11:14:14","mpi","512","512","500","123","9","0","0","1","","","0.695231","1.39046","13299"
"2026-03-16T11:14:14","mpi","512","512","500","123","9","0","0","2","","","0.348309","0.696617","13299"
"2026-03-16T11:14:14","mpi","512","512","500","123","9","0","0","4","","","0.212765","0.425531","13299"
"2026-03-16T11:14:15","mpi","512","512","500","123","9","0","0","8","","","0.160637","0.321273","13299"
"2026-03-16T11:14:15","mixed","512","512","500","123","9","0","4","2","","","0.221124","0.442248","13299"
"2026-03-16T11:14:15","mixed","512","512","500","123","9","0","4","4","","","0.181123","0.362246","13299"
"2026-03-16T11:14:15","cuda_basic","512","512","500","123","9","0","0","0","basic","NVIDIA GeForce RTX 4070","0.0051569","0.0103138","13299"
"2026-03-16T11:14:15","cuda_shared","512","512","500","123","9","0","0","0","shared","NVIDIA GeForce RTX 4070","0.0061488","0.0122976","13299"
"2026-03-16T11:14:16","sequential","512","512","500","123","10","0","0","0","","","0.516305","1.03261","13299"
"2026-03-16T11:14:17","openmp","512","512","500","123","10","0","1","0","","","0.97231","1.94462","13299"
"2026-03-16T11:14:17","openmp","512","512","500","123","10","0","2","0","","","0.491636","0.983273","13299"
"2026-03-16T11:14:18","openmp","512","512","500","123","10","0","4","0","","","0.269721","0.539442","13299"
"2026-03-16T11:14:18","openmp","512","512","500","123","10","0","8","0","","","0.175818","0.351636","13299"
"2026-03-16T11:14:18","openmp","512","512","500","123","10","0","16","0","","","0.134985","0.26997","13299"
"2026-03-16T11:14:19","mpi","512","512","500","123","10","0","0","1","","","0.706716","1.41343","13299"
"2026-03-16T11:14:19","mpi","512","512","500","123","10","0","0","2","","","0.347295","0.69459","13299"
"2026-03-16T11:14:19","mpi","512","512","500","123","10","0","0","4","","","0.216483","0.432966","13299"
"2026-03-16T11:14:20","mpi","512","512","500","123","10","0","0","8","","","0.140038","0.280075","13299"
"2026-03-16T11:14:20","mixed","512","512","500","123","10","0","4","2","","","0.250272","0.500544","13299"
"2026-03-16T11:14:20","mixed","512","512","500","123","10","0","4","4","","","0.184306","0.368612","13299"
"2026-03-16T11:14:20","cuda_basic","512","512","500","123","10","0","0","0","basic","NVIDIA GeForce RTX 4070","0.0068409","0.0136818","13299"
"2026-03-16T11:14:20","cuda_shared","512","512","500","123","10","0","0","0","shared","NVIDIA GeForce RTX 4070","0.0055954","0.0111908","13299"
"2026-03-16T11:14:21","sequential","512","512","500","123","11","0","0","0","","","0.517041","1.03408","13299"
"2026-03-16T11:14:22","openmp","512","512","500","123","11","0","1","0","","","0.972342","1.94468","13299"
"2026-03-16T11:14:22","openmp","512","512","500","123","11","0","2","0","","","0.491761","0.983522","13299"
"2026-03-16T11:14:23","openmp","512","512","500","123","11","0","4","0","","","0.255912","0.511824","13299"
"2026-03-16T11:14:23","openmp","512","512","500","123","11","0","8","0","","","0.169363","0.338726","13299"
"2026-03-16T11:14:23","openmp","512","512","500","123","11","0","16","0","","","0.142437","0.284874","13299"
"2026-03-16T11:14:24","mpi","512","512","500","123","11","0","0","1","","","0.701209","1.40242","13299"
"2026-03-16T11:14:24","mpi","512","512","500","123","11","0","0","2","","","0.364089","0.728178","13299"
"2026-03-16T11:14:24","mpi","512","512","500","123","11","0","0","4","","","0.185187","0.370374","13299"
"2026-03-16T11:14:25","mpi","512","512","500","123","11","0","0","8","","","0.143428","0.286855","13299"
"2026-03-16T11:14:25","mixed","512","512","500","123","11","0","4","2","","","0.285118","0.570236","13299"
"2026-03-16T11:14:25","mixed","512","512","500","123","11","0","4","4","","","0.184658","0.369315","13299"
"2026-03-16T11:14:25","cuda_basic","512","512","500","123","11","0","0","0","basic","NVIDIA GeForce RTX 4070","0.0049641","0.0099282","13299"
"2026-03-16T11:14:26","cuda_shared","512","512","500","123","11","0","0","0","shared","NVIDIA GeForce RTX 4070","0.0062192","0.0124384","13299"
"2026-03-16T11:14:26","sequential","512","512","500","999","1","1","0","0","","","0.516534","1.03307","14161"
"2026-03-16T11:14:27","openmp","512","512","500","999","1","1","1","0","","","0.976776","1.95355","14161"
"2026-03-16T11:14:28","openmp","512","512","500","999","1","1","2","0","","","0.49186","0.98372","14161"
"2026-03-16T11:14:28","openmp","512","512","500","999","1","1","4","0","","","0.25498","0.509959","14161"
"2026-03-16T11:14:28","openmp","512","512","500","999","1","1","8","0","","","0.201434","0.402869","14161"
"2026-03-16T11:14:28","openmp","512","512","500","999","1","1","16","0","","","0.133342","0.266683","14161"
"2026-03-16T11:14:29","mpi","512","512","500","999","1","1","0","1","","","0.697632","1.39526","14161"
"2026-03-16T11:14:29","mpi","512","512","500","999","1","1","0","2","","","0.349141","0.698282","14161"
"2026-03-16T11:14:30","mpi","512","512","500","999","1","1","0","4","","","0.185981","0.371962","14161"
"2026-03-16T11:14:30","mpi","512","512","500","999","1","1","0","8","","","0.161181","0.322362","14161"
"2026-03-16T11:14:30","mixed","512","512","500","999","1","1","4","2","","","0.26634","0.53268","14161"
"2026-03-16T11:14:30","mixed","512","512","500","999","1","1","4","4","","","0.191173","0.382347","14161"
"2026-03-16T11:14:31","cuda_basic","512","512","500","999","1","1","0","0","basic","NVIDIA GeForce RTX 4070","0.0046346","0.0092692","14161"
"2026-03-16T11:14:31","cuda_shared","512","512","500","999","1","1","0","0","shared","NVIDIA GeForce RTX 4070","0.0071687","0.0143374","14161"
"2026-03-16T11:14:31","sequential","512","512","500","999","2","0","0","0","","","0.51713","1.03426","14161"
"2026-03-16T11:14:32","openmp","512","512","500","999","2","0","1","0","","","0.974017","1.94803","14161"
"2026-03-16T11:14:33","openmp","512","512","500","999","2","0","2","0","","","0.491794","0.983589","14161"
"2026-03-16T11:14:33","openmp","512","512","500","999","2","0","4","0","","","0.255135","0.510269","14161"
"2026-03-16T11:14:33","openmp","512","512","500","999","2","0","8","0","","","0.200429","0.400857","14161"
"2026-03-16T11:14:33","openmp","512","512","500","999","2","0","16","0","","","0.136973","0.273946","14161"
"2026-03-16T11:14:34","mpi","512","512","500","999","2","0","0","1","","","0.695494","1.39099","14161"
"2026-03-16T11:14:35","mpi","512","512","500","999","2","0","0","2","","","0.349153","0.698306","14161"
"2026-03-16T11:14:35","mpi","512","512","500","999","2","0","0","4","","","0.214032","0.428065","14161"
"2026-03-16T11:14:35","mpi","512","512","500","999","2","0","0","8","","","0.137965","0.275931","14161"
"2026-03-16T11:14:35","mixed","512","512","500","999","2","0","4","2","","","0.250804","0.501609","14161"
"2026-03-16T11:14:36","mixed","512","512","500","999","2","0","4","4","","","0.193997","0.387994","14161"
"2026-03-16T11:14:36","cuda_basic","512","512","500","999","2","0","0","0","basic","NVIDIA GeForce RTX 4070","0.0048835","0.009767","14161"
"2026-03-16T11:14:36","cuda_shared","512","512","500","999","2","0","0","0","shared","NVIDIA GeForce RTX 4070","0.0062709","0.0125418","14161"
"2026-03-16T11:14:36","sequential","512","512","500","999","3","0","0","0","","","0.517128","1.03426","14161"
"2026-03-16T11:14:37","openmp","512","512","500","999","3","0","1","0","","","0.974275","1.94855","14161"
"2026-03-16T11:14:38","openmp","512","512","500","999","3","0","2","0","","","0.492515","0.98503","14161"
"2026-03-16T11:14:38","openmp","512","512","500","999","3","0","4","0","","","0.256956","0.513913","14161"
"2026-03-16T11:14:38","openmp","512","512","500","999","3","0","8","0","","","0.1757","0.351399","14161"
"2026-03-16T11:14:38","openmp","512","512","500","999","3","0","16","0","","","0.138775","0.27755","14161"
"2026-03-16T11:14:39","mpi","512","512","500","999","3","0","0","1","","","0.696265","1.39253","14161"
"2026-03-16T11:14:40","mpi","512","512","500","999","3","0","0","2","","","0.351008","0.702016","14161"
"2026-03-16T11:14:40","mpi","512","512","500","999","3","0","0","4","","","0.19783","0.39566","14161"
"2026-03-16T11:14:40","mpi","512","512","500","999","3","0","0","8","","","0.159253","0.318507","14161"
"2026-03-16T11:14:40","mixed","512","512","500","999","3","0","4","2","","","0.240532","0.481063","14161"
"2026-03-16T11:14:41","mixed","512","512","500","999","3","0","4","4","","","0.188497","0.376994","14161"
"2026-03-16T11:14:41","cuda_basic","512","512","500","999","3","0","0","0","basic","NVIDIA GeForce RTX 4070","0.0054763","0.0109526","14161"
"2026-03-16T11:14:41","cuda_shared","512","512","500","999","3","0","0","0","shared","NVIDIA GeForce RTX 4070","0.0064786","0.0129572","14161"
"2026-03-16T11:14:41","sequential","512","512","500","999","4","0","0","0","","","0.51663","1.03326","14161"
"2026-03-16T11:14:42","openmp","512","512","500","999","4","0","1","0","","","0.973826","1.94765","14161"
"2026-03-16T11:14:43","openmp","512","512","500","999","4","0","2","0","","","0.492047","0.984094","14161"
"2026-03-16T11:14:43","openmp","512","512","500","999","4","0","4","0","","","0.26984","0.53968","14161"
"2026-03-16T11:14:43","openmp","512","512","500","999","4","0","8","0","","","0.178307","0.356614","14161"
"2026-03-16T11:14:44","openmp","512","512","500","999","4","0","16","0","","","0.135806","0.271611","14161"
"2026-03-16T11:14:44","mpi","512","512","500","999","4","0","0","1","","","0.695811","1.39162","14161"
"2026-03-16T11:14:45","mpi","512","512","500","999","4","0","0","2","","","0.350043","0.700086","14161"
"2026-03-16T11:14:45","mpi","512","512","500","999","4","0","0","4","","","0.184778","0.369557","14161"
"2026-03-16T11:14:45","mpi","512","512","500","999","4","0","0","8","","","0.129318","0.258636","14161"
"2026-03-16T11:14:45","mixed","512","512","500","999","4","0","4","2","","","0.238314","0.476628","14161"
"2026-03-16T11:14:46","mixed","512","512","500","999","4","0","4","4","","","0.18228","0.364561","14161"
"2026-03-16T11:14:46","cuda_basic","512","512","500","999","4","0","0","0","basic","NVIDIA GeForce RTX 4070","0.0047002","0.0094004","14161"
"2026-03-16T11:14:46","cuda_shared","512","512","500","999","4","0","0","0","shared","NVIDIA GeForce RTX 4070","0.0060717","0.0121434","14161"
"2026-03-16T11:14:47","sequential","512","512","500","999","5","0","0","0","","","0.51647","1.03294","14161"
"2026-03-16T11:14:48","openmp","512","512","500","999","5","0","1","0","","","0.973895","1.94779","14161"
"2026-03-16T11:14:48","openmp","512","512","500","999","5","0","2","0","","","0.49193","0.983859","14161"
"2026-03-16T11:14:48","openmp","512","512","500","999","5","0","4","0","","","0.255381","0.510762","14161"
"2026-03-16T11:14:48","openmp","512","512","500","999","5","0","8","0","","","0.168425","0.33685","14161"
"2026-03-16T11:14:49","openmp","512","512","500","999","5","0","16","0","","","0.139479","0.278958","14161"
"2026-03-16T11:14:49","mpi","512","512","500","999","5","0","0","1","","","0.696035","1.39207","14161"
"2026-03-16T11:14:50","mpi","512","512","500","999","5","0","0","2","","","0.351875","0.703751","14161"
"2026-03-16T11:14:50","mpi","512","512","500","999","5","0","0","4","","","0.183878","0.367755","14161"
"2026-03-16T11:14:50","mpi","512","512","500","999","5","0","0","8","","","0.156605","0.31321","14161"
"2026-03-16T11:14:51","mixed","512","512","500","999","5","0","4","2","","","0.250584","0.501167","14161"
"2026-03-16T11:14:51","mixed","512","512","500","999","5","0","4","4","","","0.182463","0.364927","14161"
"2026-03-16T11:14:51","cuda_basic","512","512","500","999","5","0","0","0","basic","NVIDIA GeForce RTX 4070","0.0046203","0.0092406","14161"
"2026-03-16T11:14:51","cuda_shared","512","512","500","999","5","0","0","0","shared","NVIDIA GeForce RTX 4070","0.00639","0.01278","14161"
"2026-03-16T11:14:52","sequential","512","512","500","999","6","0","0","0","","","0.517937","1.03587","14161"
"2026-03-16T11:14:53","openmp","512","512","500","999","6","0","1","0","","","0.973414","1.94683","14161"
"2026-03-16T11:14:53","openmp","512","512","500","999","6","0","2","0","","","0.491966","0.983932","14161"
"2026-03-16T11:14:53","openmp","512","512","500","999","6","0","4","0","","","0.280687","0.561374","14161"
"2026-03-16T11:14:54","openmp","512","512","500","999","6","0","8","0","","","0.182659","0.365318","14161"
"2026-03-16T11:14:54","openmp","512","512","500","999","6","0","16","0","","","0.135813","0.271627","14161"
"2026-03-16T11:14:55","mpi","512","512","500","999","6","0","0","1","","","0.704261","1.40852","14161"
"2026-03-16T11:14:55","mpi","512","512","500","999","6","0","0","2","","","0.354059","0.708118","14161"
"2026-03-16T11:14:55","mpi","512","512","500","999","6","0","0","4","","","0.185555","0.37111","14161"
"2026-03-16T11:14:55","mpi","512","512","500","999","6","0","0","8","","","0.129644","0.259287","14161"
"2026-03-16T11:14:56","mixed","512","512","500","999","6","0","4","2","","","0.274461","0.548922","14161"
"2026-03-16T11:14:56","mixed","512","512","500","999","6","0","4","4","","","0.181726","0.363451","14161"
"2026-03-16T11:14:56","cuda_basic","512","512","500","999","6","0","0","0","basic","NVIDIA GeForce RTX 4070","0.0055299","0.0110598","14161"
"2026-03-16T11:14:56","cuda_shared","512","512","500","999","6","0","0","0","shared","NVIDIA GeForce RTX 4070","0.0052843","0.0105686","14161"
"2026-03-16T11:14:57","sequential","512","512","500","999","7","0","0","0","","","0.516999","1.034","14161"
"2026-03-16T11:14:58","openmp","512","512","500","999","7","0","1","0","","","0.973893","1.94779","14161"
"2026-03-16T11:14:58","openmp","512","512","500","999","7","0","2","0","","","0.491767","0.983535","14161"
"2026-03-16T11:14:59","openmp","512","512","500","999","7","0","4","0","","","0.264972","0.529944","14161"
"2026-03-16T11:14:59","openmp","512","512","500","999","7","0","8","0","","","0.185162","0.370325","14161"
"2026-03-16T11:14:59","openmp","512","512","500","999","7","0","16","0","","","0.133117","0.266235","14161"
"2026-03-16T11:15:00","mpi","512","512","500","999","7","0","0","1","","","0.698081","1.39616","14161"
"2026-03-16T11:15:00","mpi","512","512","500","999","7","0","0","2","","","0.350601","0.701202","14161"
"2026-03-16T11:15:00","mpi","512","512","500","999","7","0","0","4","","","0.185871","0.371743","14161"
"2026-03-16T11:15:00","mpi","512","512","500","999","7","0","0","8","","","0.149103","0.298206","14161"
"2026-03-16T11:15:01","mixed","512","512","500","999","7","0","4","2","","","0.275871","0.551742","14161"
"2026-03-16T11:15:01","mixed","512","512","500","999","7","0","4","4","","","0.191705","0.38341","14161"
"2026-03-16T11:15:01","cuda_basic","512","512","500","999","7","0","0","0","basic","NVIDIA GeForce RTX 4070","0.0044553","0.0089106","14161"
"2026-03-16T11:15:01","cuda_shared","512","512","500","999","7","0","0","0","shared","NVIDIA GeForce RTX 4070","0.0055169","0.0110338","14161"
"2026-03-16T11:15:02","sequential","512","512","500","999","8","0","0","0","","","0.518977","1.03795","14161"
"2026-03-16T11:15:03","openmp","512","512","500","999","8","0","1","0","","","0.976755","1.95351","14161"
"2026-03-16T11:15:03","openmp","512","512","500","999","8","0","2","0","","","0.493565","0.98713","14161"
"2026-03-16T11:15:04","openmp","512","512","500","999","8","0","4","0","","","0.2558","0.511601","14161"
"2026-03-16T11:15:04","openmp","512","512","500","999","8","0","8","0","","","0.162827","0.325654","14161"
"2026-03-16T11:15:04","openmp","512","512","500","999","8","0","16","0","","","0.1337","0.2674","14161"
"2026-03-16T11:15:05","mpi","512","512","500","999","8","0","0","1","","","0.697481","1.39496","14161"
"2026-03-16T11:15:05","mpi","512","512","500","999","8","0","0","2","","","0.352641","0.705282","14161"
"2026-03-16T11:15:05","mpi","512","512","500","999","8","0","0","4","","","0.187404","0.374808","14161"
"2026-03-16T11:15:06","mpi","512","512","500","999","8","0","0","8","","","0.128418","0.256836","14161"
"2026-03-16T11:15:06","mixed","512","512","500","999","8","0","4","2","","","0.251986","0.503973","14161"
"2026-03-16T11:15:06","mixed","512","512","500","999","8","0","4","4","","","0.181829","0.363658","14161"
"2026-03-16T11:15:06","cuda_basic","512","512","500","999","8","0","0","0","basic","NVIDIA GeForce RTX 4070","0.0092687","0.0185374","14161"
"2026-03-16T11:15:06","cuda_shared","512","512","500","999","8","0","0","0","shared","NVIDIA GeForce RTX 4070","0.0062508","0.0125016","14161"
"2026-03-16T11:15:07","sequential","512","512","500","999","9","0","0","0","","","0.519886","1.03977","14161"
"2026-03-16T11:15:08","openmp","512","512","500","999","9","0","1","0","","","0.974158","1.94832","14161"
"2026-03-16T11:15:08","openmp","512","512","500","999","9","0","2","0","","","0.492687","0.985374","14161"
"2026-03-16T11:15:09","openmp","512","512","500","999","9","0","4","0","","","0.272898","0.545796","14161"
"2026-03-16T11:15:09","openmp","512","512","500","999","9","0","8","0","","","0.168029","0.336059","14161"
"2026-03-16T11:15:09","openmp","512","512","500","999","9","0","16","0","","","0.134452","0.268903","14161"
"2026-03-16T11:15:10","mpi","512","512","500","999","9","0","0","1","","","0.73009","1.46018","14161"
"2026-03-16T11:15:10","mpi","512","512","500","999","9","0","0","2","","","0.348995","0.69799","14161"
"2026-03-16T11:15:10","mpi","512","512","500","999","9","0","0","4","","","0.185873","0.371746","14161"
"2026-03-16T11:15:11","mpi","512","512","500","999","9","0","0","8","","","0.164738","0.329477","14161"
"2026-03-16T11:15:11","mixed","512","512","500","999","9","0","4","2","","","0.287027","0.574055","14161"
"2026-03-16T11:15:11","mixed","512","512","500","999","9","0","4","4","","","0.184868","0.369736","14161"
"2026-03-16T11:15:11","cuda_basic","512","512","500","999","9","0","0","0","basic","NVIDIA GeForce RTX 4070","0.0047083","0.0094166","14161"
"2026-03-16T11:15:12","cuda_shared","512","512","500","999","9","0","0","0","shared","NVIDIA GeForce RTX 4070","0.006196","0.012392","14161"
"2026-03-16T11:15:12","sequential","512","512","500","999","10","0","0","0","","","0.519095","1.03819","14161"
"2026-03-16T11:15:13","openmp","512","512","500","999","10","0","1","0","","","0.973564","1.94713","14161"
"2026-03-16T11:15:14","openmp","512","512","500","999","10","0","2","0","","","0.491714","0.983427","14161"
"2026-03-16T11:15:14","openmp","512","512","500","999","10","0","4","0","","","0.254974","0.509949","14161"
"2026-03-16T11:15:14","openmp","512","512","500","999","10","0","8","0","","","0.186668","0.373336","14161"
"2026-03-16T11:15:14","openmp","512","512","500","999","10","0","16","0","","","0.134266","0.268532","14161"
"2026-03-16T11:15:15","mpi","512","512","500","999","10","0","0","1","","","0.696566","1.39313","14161"
"2026-03-16T11:15:15","mpi","512","512","500","999","10","0","0","2","","","0.349031","0.698062","14161"
"2026-03-16T11:15:16","mpi","512","512","500","999","10","0","0","4","","","0.201281","0.402562","14161"
"2026-03-16T11:15:16","mpi","512","512","500","999","10","0","0","8","","","0.155607","0.311215","14161"
"2026-03-16T11:15:16","mixed","512","512","500","999","10","0","4","2","","","0.255447","0.510894","14161"
"2026-03-16T11:15:16","mixed","512","512","500","999","10","0","4","4","","","0.182736","0.365471","14161"
"2026-03-16T11:15:17","cuda_basic","512","512","500","999","10","0","0","0","basic","NVIDIA GeForce RTX 4070","0.0052289","0.0104578","14161"
"2026-03-16T11:15:17","cuda_shared","512","512","500","999","10","0","0","0","shared","NVIDIA GeForce RTX 4070","0.0072359","0.0144718","14161"
"2026-03-16T11:15:17","sequential","512","512","500","999","11","0","0","0","","","0.518577","1.03715","14161"
"2026-03-16T11:15:18","openmp","512","512","500","999","11","0","1","0","","","0.974194","1.94839","14161"
"2026-03-16T11:15:19","openmp","512","512","500","999","11","0","2","0","","","0.491837","0.983675","14161"
"2026-03-16T11:15:19","openmp","512","512","500","999","11","0","4","0","","","0.256631","0.513263","14161"
"2026-03-16T11:15:19","openmp","512","512","500","999","11","0","8","0","","","0.144401","0.288801","14161"
"2026-03-16T11:15:19","openmp","512","512","500","999","11","0","16","0","","","0.135574","0.271147","14161"
"2026-03-16T11:15:20","mpi","512","512","500","999","11","0","0","1","","","0.710618","1.42124","14161"
"2026-03-16T11:15:20","mpi","512","512","500","999","11","0","0","2","","","0.352125","0.704249","14161"
"2026-03-16T11:15:21","mpi","512","512","500","999","11","0","0","4","","","0.185661","0.371322","14161"
"2026-03-16T11:15:21","mpi","512","512","500","999","11","0","0","8","","","0.11391","0.22782","14161"
"2026-03-16T11:15:21","mixed","512","512","500","999","11","0","4","2","","","0.237094","0.474188","14161"
"2026-03-16T11:15:21","mixed","512","512","500","999","11","0","4","4","","","0.184918","0.369836","14161"
"2026-03-16T11:15:22","cuda_basic","512","512","500","999","11","0","0","0","basic","NVIDIA GeForce RTX 4070","0.0051045","0.010209","14161"
"2026-03-16T11:15:22","cuda_shared","512","512","500","999","11","0","0","0","shared","NVIDIA GeForce RTX 4070","0.0055168","0.0110336","14161"
"2026-03-16T11:15:24","sequential","1024","1024","500","42","1","1","0","0","","","2.0682","4.13639","55741"
"2026-03-16T11:15:28","openmp","1024","1024","500","42","1","1","1","0","","","3.90712","7.81423","55741"
"2026-03-16T11:15:30","openmp","1024","1024","500","42","1","1","2","0","","","1.97814","3.95629","55741"
"2026-03-16T11:15:31","openmp","1024","1024","500","42","1","1","4","0","","","1.03186","2.06373","55741"
"2026-03-16T11:15:32","openmp","1024","1024","500","42","1","1","8","0","","","0.597051","1.1941","55741"
"2026-03-16T11:15:32","openmp","1024","1024","500","42","1","1","16","0","","","0.534197","1.06839","55741"
"2026-03-16T11:15:35","mpi","1024","1024","500","42","1","1","0","1","","","2.77706","5.55411","55741"
"2026-03-16T11:15:37","mpi","1024","1024","500","42","1","1","0","2","","","1.39431","2.78863","55741"
"2026-03-16T11:15:37","mpi","1024","1024","500","42","1","1","0","4","","","0.740076","1.48015","55741"
"2026-03-16T11:15:38","mpi","1024","1024","500","42","1","1","0","8","","","0.504436","1.00887","55741"
"2026-03-16T11:15:39","mixed","1024","1024","500","42","1","1","4","2","","","1.06065","2.12131","55741"
"2026-03-16T11:15:40","mixed","1024","1024","500","42","1","1","4","4","","","0.724374","1.44875","55741"
"2026-03-16T11:15:40","cuda_basic","1024","1024","500","42","1","1","0","0","basic","NVIDIA GeForce RTX 4070","0.0097981","0.0195962","55741"
"2026-03-16T11:15:40","cuda_shared","1024","1024","500","42","1","1","0","0","shared","NVIDIA GeForce RTX 4070","0.0131882","0.0263764","55741"
"2026-03-16T11:15:42","sequential","1024","1024","500","42","2","0","0","0","","","2.0585","4.117","55741"
"2026-03-16T11:15:46","openmp","1024","1024","500","42","2","0","1","0","","","3.90251","7.80502","55741"
"2026-03-16T11:15:48","openmp","1024","1024","500","42","2","0","2","0","","","1.97045","3.9409","55741"
"2026-03-16T11:15:49","openmp","1024","1024","500","42","2","0","4","0","","","1.05378","2.10757","55741"
"2026-03-16T11:15:50","openmp","1024","1024","500","42","2","0","8","0","","","0.654878","1.30976","55741"
"2026-03-16T11:15:51","openmp","1024","1024","500","42","2","0","16","0","","","0.529531","1.05906","55741"
"2026-03-16T11:15:53","mpi","1024","1024","500","42","2","0","0","1","","","2.78595","5.57189","55741"
"2026-03-16T11:15:55","mpi","1024","1024","500","42","2","0","0","2","","","1.42035","2.84071","55741"
"2026-03-16T11:15:56","mpi","1024","1024","500","42","2","0","0","4","","","0.821709","1.64342","55741"
"2026-03-16T11:15:56","mpi","1024","1024","500","42","2","0","0","8","","","0.516794","1.03359","55741"
"2026-03-16T11:15:57","mixed","1024","1024","500","42","2","0","4","2","","","0.804547","1.60909","55741"
"2026-03-16T11:15:58","mixed","1024","1024","500","42","2","0","4","4","","","0.721246","1.44249","55741"
"2026-03-16T11:15:58","cuda_basic","1024","1024","500","42","2","0","0","0","basic","NVIDIA GeForce RTX 4070","0.0093033","0.0186066","55741"
"2026-03-16T11:15:58","cuda_shared","1024","1024","500","42","2","0","0","0","shared","NVIDIA GeForce RTX 4070","0.0137939","0.0275878","55741"
"2026-03-16T11:16:00","sequential","1024","1024","500","42","3","0","0","0","","","2.07606","4.15212","55741"
"2026-03-16T11:16:04","openmp","1024","1024","500","42","3","0","1","0","","","3.89962","7.79924","55741"
"2026-03-16T11:16:06","openmp","1024","1024","500","42","3","0","2","0","","","1.96537","3.93074","55741"
"2026-03-16T11:16:07","openmp","1024","1024","500","42","3","0","4","0","","","1.0494","2.0988","55741"
"2026-03-16T11:16:08","openmp","1024","1024","500","42","3","0","8","0","","","0.575675","1.15135","55741"
"2026-03-16T11:16:09","openmp","1024","1024","500","42","3","0","16","0","","","0.539972","1.07994","55741"
"2026-03-16T11:16:11","mpi","1024","1024","500","42","3","0","0","1","","","2.7876","5.5752","55741"
"2026-03-16T11:16:13","mpi","1024","1024","500","42","3","0","0","2","","","1.39595","2.7919","55741"
"2026-03-16T11:16:14","mpi","1024","1024","500","42","3","0","0","4","","","0.747203","1.49441","55741"
"2026-03-16T11:16:14","mpi","1024","1024","500","42","3","0","0","8","","","0.461096","0.922192","55741"
"2026-03-16T11:16:15","mixed","1024","1024","500","42","3","0","4","2","","","1.01166","2.02332","55741"
"2026-03-16T11:16:16","mixed","1024","1024","500","42","3","0","4","4","","","0.718062","1.43612","55741"
"2026-03-16T11:16:16","cuda_basic","1024","1024","500","42","3","0","0","0","basic","NVIDIA GeForce RTX 4070","0.0091806","0.0183612","55741"
"2026-03-16T11:16:16","cuda_shared","1024","1024","500","42","3","0","0","0","shared","NVIDIA GeForce RTX 4070","0.0138231","0.0276462","55741"
"2026-03-16T11:16:18","sequential","1024","1024","500","42","4","0","0","0","","","2.05996","4.11991","55741"
"2026-03-16T11:16:22","openmp","1024","1024","500","42","4","0","1","0","","","3.9082","7.8164","55741"
"2026-03-16T11:16:24","openmp","1024","1024","500","42","4","0","2","0","","","1.96106","3.92213","55741"
"2026-03-16T11:16:25","openmp","1024","1024","500","42","4","0","4","0","","","1.06884","2.13768","55741"
"2026-03-16T11:16:26","openmp","1024","1024","500","42","4","0","8","0","","","0.628487","1.25697","55741"
"2026-03-16T11:16:27","openmp","1024","1024","500","42","4","0","16","0","","","0.531334","1.06267","55741"
"2026-03-16T11:16:29","mpi","1024","1024","500","42","4","0","0","1","","","2.77442","5.54884","55741"
"2026-03-16T11:16:31","mpi","1024","1024","500","42","4","0","0","2","","","1.41806","2.83613","55741"
"2026-03-16T11:16:32","mpi","1024","1024","500","42","4","0","0","4","","","0.733616","1.46723","55741"
"2026-03-16T11:16:32","mpi","1024","1024","500","42","4","0","0","8","","","0.47737","0.95474","55741"
"2026-03-16T11:16:33","mixed","1024","1024","500","42","4","0","4","2","","","0.976618","1.95324","55741"
"2026-03-16T11:16:34","mixed","1024","1024","500","42","4","0","4","4","","","0.714833","1.42967","55741"
"2026-03-16T11:16:34","cuda_basic","1024","1024","500","42","4","0","0","0","basic","NVIDIA GeForce RTX 4070","0.0085437","0.0170874","55741"
"2026-03-16T11:16:34","cuda_shared","1024","1024","500","42","4","0","0","0","shared","NVIDIA GeForce RTX 4070","0.0135894","0.0271788","55741"
"2026-03-16T11:16:37","sequential","1024","1024","500","42","5","0","0","0","","","2.10391","4.20782","55741"
"2026-03-16T11:16:41","openmp","1024","1024","500","42","5","0","1","0","","","3.97358","7.94716","55741"
"2026-03-16T11:16:43","openmp","1024","1024","500","42","5","0","2","0","","","1.97399","3.94798","55741"
"2026-03-16T11:16:44","openmp","1024","1024","500","42","5","0","4","0","","","1.04837","2.09673","55741"
"2026-03-16T11:16:44","openmp","1024","1024","500","42","5","0","8","0","","","0.622938","1.24588","55741"
"2026-03-16T11:16:45","openmp","1024","1024","500","42","5","0","16","0","","","0.5305","1.061","55741"
"2026-03-16T11:16:48","mpi","1024","1024","500","42","5","0","0","1","","","2.77513","5.55027","55741"
"2026-03-16T11:16:49","mpi","1024","1024","500","42","5","0","0","2","","","1.40066","2.80132","55741"
"2026-03-16T11:16:50","mpi","1024","1024","500","42","5","0","0","4","","","0.744594","1.48919","55741"
"2026-03-16T11:16:51","mpi","1024","1024","500","42","5","0","0","8","","","0.571329","1.14266","55741"
"2026-03-16T11:16:52","mixed","1024","1024","500","42","5","0","4","2","","","0.915589","1.83118","55741"
"2026-03-16T11:16:52","mixed","1024","1024","500","42","5","0","4","4","","","0.720635","1.44127","55741"
"2026-03-16T11:16:52","cuda_basic","1024","1024","500","42","5","0","0","0","basic","NVIDIA GeForce RTX 4070","0.009507","0.019014","55741"
"2026-03-16T11:16:53","cuda_shared","1024","1024","500","42","5","0","0","0","shared","NVIDIA GeForce RTX 4070","0.0132892","0.0265784","55741"
"2026-03-16T11:16:55","sequential","1024","1024","500","42","6","0","0","0","","","2.06203","4.12405","55741"
"2026-03-16T11:16:59","openmp","1024","1024","500","42","6","0","1","0","","","3.99363","7.98726","55741"
"2026-03-16T11:17:01","openmp","1024","1024","500","42","6","0","2","0","","","1.97589","3.95179","55741"
"2026-03-16T11:17:02","openmp","1024","1024","500","42","6","0","4","0","","","1.01741","2.03481","55741"
"2026-03-16T11:17:02","openmp","1024","1024","500","42","6","0","8","0","","","0.631937","1.26387","55741"
"2026-03-16T11:17:03","openmp","1024","1024","500","42","6","0","16","0","","","0.530504","1.06101","55741"
"2026-03-16T11:17:06","mpi","1024","1024","500","42","6","0","0","1","","","2.84846","5.69692","55741"
"2026-03-16T11:17:08","mpi","1024","1024","500","42","6","0","0","2","","","1.94655","3.8931","55741"
"2026-03-16T11:17:09","mpi","1024","1024","500","42","6","0","0","4","","","0.727527","1.45505","55741"
"2026-03-16T11:17:09","mpi","1024","1024","500","42","6","0","0","8","","","0.490692","0.981385","55741"
"2026-03-16T11:17:10","mixed","1024","1024","500","42","6","0","4","2","","","0.864619","1.72924","55741"
"2026-03-16T11:17:11","mixed","1024","1024","500","42","6","0","4","4","","","0.799738","1.59948","55741"
"2026-03-16T11:17:11","cuda_basic","1024","1024","500","42","6","0","0","0","basic","NVIDIA GeForce RTX 4070","0.008865","0.01773","55741"
"2026-03-16T11:17:11","cuda_shared","1024","1024","500","42","6","0","0","0","shared","NVIDIA GeForce RTX 4070","0.014058","0.028116","55741"
"2026-03-16T11:17:13","sequential","1024","1024","500","42","7","0","0","0","","","2.0585","4.117","55741"
"2026-03-16T11:17:17","openmp","1024","1024","500","42","7","0","1","0","","","3.90678","7.81357","55741"
"2026-03-16T11:17:19","openmp","1024","1024","500","42","7","0","2","0","","","1.96276","3.92551","55741"
"2026-03-16T11:17:20","openmp","1024","1024","500","42","7","0","4","0","","","1.0396","2.0792","55741"
"2026-03-16T11:17:21","openmp","1024","1024","500","42","7","0","8","0","","","0.689718","1.37944","55741"
"2026-03-16T11:17:22","openmp","1024","1024","500","42","7","0","16","0","","","0.578258","1.15652","55741"
"2026-03-16T11:17:25","mpi","1024","1024","500","42","7","0","0","1","","","2.76732","5.53463","55741"
"2026-03-16T11:17:26","mpi","1024","1024","500","42","7","0","0","2","","","1.88979","3.77959","55741"
"2026-03-16T11:17:27","mpi","1024","1024","500","42","7","0","0","4","","","0.727023","1.45405","55741"
"2026-03-16T11:17:28","mpi","1024","1024","500","42","7","0","0","8","","","0.501434","1.00287","55741"
"2026-03-16T11:17:29","mixed","1024","1024","500","42","7","0","4","2","","","0.904291","1.80858","55741"
"2026-03-16T11:17:30","mixed","1024","1024","500","42","7","0","4","4","","","0.736034","1.47207","55741"
"2026-03-16T11:17:30","cuda_basic","1024","1024","500","42","7","0","0","0","basic","NVIDIA GeForce RTX 4070","0.0091636","0.0183272","55741"
"2026-03-16T11:17:30","cuda_shared","1024","1024","500","42","7","0","0","0","shared","NVIDIA GeForce RTX 4070","0.0137735","0.027547","55741"
"2026-03-16T11:17:32","sequential","1024","1024","500","42","8","0","0","0","","","2.07644","4.15288","55741"
"2026-03-16T11:17:36","openmp","1024","1024","500","42","8","0","1","0","","","3.89678","7.79356","55741"
"2026-03-16T11:17:38","openmp","1024","1024","500","42","8","0","2","0","","","1.97781","3.95562","55741"
"2026-03-16T11:17:39","openmp","1024","1024","500","42","8","0","4","0","","","1.03655","2.07309","55741"
"2026-03-16T11:17:40","openmp","1024","1024","500","42","8","0","8","0","","","0.575506","1.15101","55741"
"2026-03-16T11:17:40","openmp","1024","1024","500","42","8","0","16","0","","","0.536056","1.07211","55741"
"2026-03-16T11:17:43","mpi","1024","1024","500","42","8","0","0","1","","","2.78328","5.56656","55741"
"2026-03-16T11:17:44","mpi","1024","1024","500","42","8","0","0","2","","","1.40987","2.81975","55741"
"2026-03-16T11:17:45","mpi","1024","1024","500","42","8","0","0","4","","","0.728181","1.45636","55741"
"2026-03-16T11:17:46","mpi","1024","1024","500","42","8","0","0","8","","","0.530645","1.06129","55741"
"2026-03-16T11:17:47","mixed","1024","1024","500","42","8","0","4","2","","","1.05948","2.11897","55741"
"2026-03-16T11:17:48","mixed","1024","1024","500","42","8","0","4","4","","","0.720476","1.44095","55741"
"2026-03-16T11:17:48","cuda_basic","1024","1024","500","42","8","0","0","0","basic","NVIDIA GeForce RTX 4070","0.0094689","0.0189378","55741"
"2026-03-16T11:17:48","cuda_shared","1024","1024","500","42","8","0","0","0","shared","NVIDIA GeForce RTX 4070","0.0140009","0.0280018","55741"
"2026-03-16T11:17:50","sequential","1024","1024","500","42","9","0","0","0","","","2.0596","4.1192","55741"
"2026-03-16T11:17:54","openmp","1024","1024","500","42","9","0","1","0","","","3.90954","7.81908","55741"
"2026-03-16T11:17:56","openmp","1024","1024","500","42","9","0","2","0","","","1.96433","3.92866","55741"
"2026-03-16T11:17:57","openmp","1024","1024","500","42","9","0","4","0","","","1.0754","2.15081","55741"
"2026-03-16T11:17:58","openmp","1024","1024","500","42","9","0","8","0","","","0.635127","1.27025","55741"
"2026-03-16T11:17:58","openmp","1024","1024","500","42","9","0","16","0","","","0.528852","1.0577","55741"
"2026-03-16T11:18:01","mpi","1024","1024","500","42","9","0","0","1","","","2.79132","5.58263","55741"
"2026-03-16T11:18:03","mpi","1024","1024","500","42","9","0","0","2","","","2.09109","4.18219","55741"
"2026-03-16T11:18:04","mpi","1024","1024","500","42","9","0","0","4","","","0.724705","1.44941","55741"
"2026-03-16T11:18:05","mpi","1024","1024","500","42","9","0","0","8","","","0.462988","0.925976","55741"
"2026-03-16T11:18:06","mixed","1024","1024","500","42","9","0","4","2","","","0.780329","1.56066","55741"
"2026-03-16T11:18:06","mixed","1024","1024","500","42","9","0","4","4","","","0.723361","1.44672","55741"
"2026-03-16T11:18:06","cuda_basic","1024","1024","500","42","9","0","0","0","basic","NVIDIA GeForce RTX 4070","0.0093828","0.0187656","55741"
"2026-03-16T11:18:07","cuda_shared","1024","1024","500","42","9","0","0","0","shared","NVIDIA GeForce RTX 4070","0.0133939","0.0267878","55741"
"2026-03-16T11:18:09","sequential","1024","1024","500","42","10","0","0","0","","","2.06786","4.13572","55741"
"2026-03-16T11:18:13","openmp","1024","1024","500","42","10","0","1","0","","","3.91163","7.82327","55741"
"2026-03-16T11:18:15","openmp","1024","1024","500","42","10","0","2","0","","","1.96416","3.92832","55741"
"2026-03-16T11:18:16","openmp","1024","1024","500","42","10","0","4","0","","","1.05525","2.11049","55741"
"2026-03-16T11:18:16","openmp","1024","1024","500","42","10","0","8","0","","","0.584593","1.16919","55741"
"2026-03-16T11:18:17","openmp","1024","1024","500","42","10","0","16","0","","","0.531298","1.0626","55741"
"2026-03-16T11:18:20","mpi","1024","1024","500","42","10","0","0","1","","","2.78808","5.57616","55741"
"2026-03-16T11:18:21","mpi","1024","1024","500","42","10","0","0","2","","","1.39992","2.79983","55741"
"2026-03-16T11:18:22","mpi","1024","1024","500","42","10","0","0","4","","","0.886015","1.77203","55741"
"2026-03-16T11:18:23","mpi","1024","1024","500","42","10","0","0","8","","","0.509729","1.01946","55741"
"2026-03-16T11:18:24","mixed","1024","1024","500","42","10","0","4","2","","","0.936605","1.87321","55741"
"2026-03-16T11:18:25","mixed","1024","1024","500","42","10","0","4","4","","","0.718155","1.43631","55741"
"2026-03-16T11:18:25","cuda_basic","1024","1024","500","42","10","0","0","0","basic","NVIDIA GeForce RTX 4070","0.009007","0.018014","55741"
"2026-03-16T11:18:25","cuda_shared","1024","1024","500","42","10","0","0","0","shared","NVIDIA GeForce RTX 4070","0.0138208","0.0276416","55741"
"2026-03-16T11:18:27","sequential","1024","1024","500","42","11","0","0","0","","","2.05674","4.11349","55741"
"2026-03-16T11:18:31","openmp","1024","1024","500","42","11","0","1","0","","","3.91412","7.82823","55741"
"2026-03-16T11:18:33","openmp","1024","1024","500","42","11","0","2","0","","","1.97293","3.94585","55741"
"2026-03-16T11:18:34","openmp","1024","1024","500","42","11","0","4","0","","","1.03824","2.07648","55741"
"2026-03-16T11:18:34","openmp","1024","1024","500","42","11","0","8","0","","","0.581803","1.16361","55741"
"2026-03-16T11:18:35","openmp","1024","1024","500","42","11","0","16","0","","","0.530297","1.06059","55741"
"2026-03-16T11:18:38","mpi","1024","1024","500","42","11","0","0","1","","","2.7734","5.54679","55741"
"2026-03-16T11:18:39","mpi","1024","1024","500","42","11","0","0","2","","","1.40959","2.81918","55741"
"2026-03-16T11:18:40","mpi","1024","1024","500","42","11","0","0","4","","","0.72703","1.45406","55741"
"2026-03-16T11:18:41","mpi","1024","1024","500","42","11","0","0","8","","","0.432687","0.865374","55741"
"2026-03-16T11:18:42","mixed","1024","1024","500","42","11","0","4","2","","","0.967267","1.93453","55741"
"2026-03-16T11:18:42","mixed","1024","1024","500","42","11","0","4","4","","","0.717355","1.43471","55741"
"2026-03-16T11:18:43","cuda_basic","1024","1024","500","42","11","0","0","0","basic","NVIDIA GeForce RTX 4070","0.0092499","0.0184998","55741"
"2026-03-16T11:18:43","cuda_shared","1024","1024","500","42","11","0","0","0","shared","NVIDIA GeForce RTX 4070","0.0132843","0.0265686","55741"
"2026-03-16T11:18:45","sequential","1024","1024","500","123","1","1","0","0","","","2.06384","4.12769","56248"
"2026-03-16T11:18:49","openmp","1024","1024","500","123","1","1","1","0","","","3.90509","7.81017","56248"
"2026-03-16T11:18:51","openmp","1024","1024","500","123","1","1","2","0","","","1.96365","3.92729","56248"
"2026-03-16T11:18:52","openmp","1024","1024","500","123","1","1","4","0","","","1.03681","2.07362","56248"
"2026-03-16T11:18:52","openmp","1024","1024","500","123","1","1","8","0","","","0.637081","1.27416","56248"
"2026-03-16T11:18:53","openmp","1024","1024","500","123","1","1","16","0","","","0.577775","1.15555","56248"
"2026-03-16T11:18:56","mpi","1024","1024","500","123","1","1","0","1","","","2.77528","5.55057","56248"
"2026-03-16T11:18:57","mpi","1024","1024","500","123","1","1","0","2","","","1.40753","2.81506","56248"
"2026-03-16T11:18:58","mpi","1024","1024","500","123","1","1","0","4","","","0.767158","1.53432","56248"
"2026-03-16T11:18:59","mpi","1024","1024","500","123","1","1","0","8","","","0.529886","1.05977","56248"
"2026-03-16T11:19:00","mixed","1024","1024","500","123","1","1","4","2","","","0.879979","1.75996","56248"
"2026-03-16T11:19:01","mixed","1024","1024","500","123","1","1","4","4","","","0.729526","1.45905","56248"
"2026-03-16T11:19:01","cuda_basic","1024","1024","500","123","1","1","0","0","basic","NVIDIA GeForce RTX 4070","0.0092131","0.0184262","56248"
"2026-03-16T11:19:01","cuda_shared","1024","1024","500","123","1","1","0","0","shared","NVIDIA GeForce RTX 4070","0.0132235","0.026447","56248"
"2026-03-16T11:19:03","sequential","1024","1024","500","123","2","0","0","0","","","2.05951","4.11901","56248"
"2026-03-16T11:19:07","openmp","1024","1024","500","123","2","0","1","0","","","3.90644","7.81289","56248"
"2026-03-16T11:19:09","openmp","1024","1024","500","123","2","0","2","0","","","1.98446","3.96892","56248"
"2026-03-16T11:19:10","openmp","1024","1024","500","123","2","0","4","0","","","1.03532","2.07065","56248"
"2026-03-16T11:19:11","openmp","1024","1024","500","123","2","0","8","0","","","0.613493","1.22699","56248"
"2026-03-16T11:19:11","openmp","1024","1024","500","123","2","0","16","0","","","0.530893","1.06179","56248"
"2026-03-16T11:19:14","mpi","1024","1024","500","123","2","0","0","1","","","2.78203","5.56407","56248"
"2026-03-16T11:19:15","mpi","1024","1024","500","123","2","0","0","2","","","1.39836","2.79672","56248"
"2026-03-16T11:19:16","mpi","1024","1024","500","123","2","0","0","4","","","0.733905","1.46781","56248"
"2026-03-16T11:19:17","mpi","1024","1024","500","123","2","0","0","8","","","0.432189","0.864378","56248"
"2026-03-16T11:19:18","mixed","1024","1024","500","123","2","0","4","2","","","0.980275","1.96055","56248"
"2026-03-16T11:19:19","mixed","1024","1024","500","123","2","0","4","4","","","0.761681","1.52336","56248"
"2026-03-16T11:19:19","cuda_basic","1024","1024","500","123","2","0","0","0","basic","NVIDIA GeForce RTX 4070","0.0093225","0.018645","56248"
"2026-03-16T11:19:19","cuda_shared","1024","1024","500","123","2","0","0","0","shared","NVIDIA GeForce RTX 4070","0.013722","0.027444","56248"
"2026-03-16T11:19:21","sequential","1024","1024","500","123","3","0","0","0","","","2.06436","4.12872","56248"
"2026-03-16T11:19:25","openmp","1024","1024","500","123","3","0","1","0","","","3.9151","7.83019","56248"
"2026-03-16T11:19:27","openmp","1024","1024","500","123","3","0","2","0","","","1.96289","3.92578","56248"
"2026-03-16T11:19:28","openmp","1024","1024","500","123","3","0","4","0","","","1.03986","2.07972","56248"
"2026-03-16T11:19:29","openmp","1024","1024","500","123","3","0","8","0","","","0.624331","1.24866","56248"
"2026-03-16T11:19:29","openmp","1024","1024","500","123","3","0","16","0","","","0.610345","1.22069","56248"
"2026-03-16T11:19:32","mpi","1024","1024","500","123","3","0","0","1","","","2.77946","5.55893","56248"
"2026-03-16T11:19:34","mpi","1024","1024","500","123","3","0","0","2","","","1.40342","2.80685","56248"
"2026-03-16T11:19:34","mpi","1024","1024","500","123","3","0","0","4","","","0.8223","1.6446","56248"
"2026-03-16T11:19:35","mpi","1024","1024","500","123","3","0","0","8","","","0.478524","0.957049","56248"
"2026-03-16T11:19:36","mixed","1024","1024","500","123","3","0","4","2","","","0.856007","1.71201","56248"
"2026-03-16T11:19:37","mixed","1024","1024","500","123","3","0","4","4","","","0.717504","1.43501","56248"
"2026-03-16T11:19:37","cuda_basic","1024","1024","500","123","3","0","0","0","basic","NVIDIA GeForce RTX 4070","0.0097073","0.0194146","56248"
"2026-03-16T11:19:37","cuda_shared","1024","1024","500","123","3","0","0","0","shared","NVIDIA GeForce RTX 4070","0.0138301","0.0276602","56248"
"2026-03-16T11:19:39","sequential","1024","1024","500","123","4","0","0","0","","","2.05886","4.11771","56248"
"2026-03-16T11:19:43","openmp","1024","1024","500","123","4","0","1","0","","","3.91272","7.82545","56248"
"2026-03-16T11:19:45","openmp","1024","1024","500","123","4","0","2","0","","","1.97578","3.95156","56248"
"2026-03-16T11:19:46","openmp","1024","1024","500","123","4","0","4","0","","","1.05966","2.11932","56248"
"2026-03-16T11:19:47","openmp","1024","1024","500","123","4","0","8","0","","","0.595293","1.19059","56248"
"2026-03-16T11:19:47","openmp","1024","1024","500","123","4","0","16","0","","","0.533233","1.06647","56248"
"2026-03-16T11:19:50","mpi","1024","1024","500","123","4","0","0","1","","","2.78631","5.57262","56248"
"2026-03-16T11:19:52","mpi","1024","1024","500","123","4","0","0","2","","","2.14423","4.28846","56248"
"2026-03-16T11:19:53","mpi","1024","1024","500","123","4","0","0","4","","","0.729594","1.45919","56248"
"2026-03-16T11:19:54","mpi","1024","1024","500","123","4","0","0","8","","","0.503114","1.00623","56248"
"2026-03-16T11:19:55","mixed","1024","1024","500","123","4","0","4","2","","","0.993557","1.98711","56248"
"2026-03-16T11:19:56","mixed","1024","1024","500","123","4","0","4","4","","","0.739902","1.4798","56248"
"2026-03-16T11:19:56","cuda_basic","1024","1024","500","123","4","0","0","0","basic","NVIDIA GeForce RTX 4070","0.0090447","0.0180894","56248"
"2026-03-16T11:19:56","cuda_shared","1024","1024","500","123","4","0","0","0","shared","NVIDIA GeForce RTX 4070","0.0137248","0.0274496","56248"
"2026-03-16T11:19:58","sequential","1024","1024","500","123","5","0","0","0","","","2.06174","4.12347","56248"
"2026-03-16T11:20:02","openmp","1024","1024","500","123","5","0","1","0","","","3.91834","7.83667","56248"
"2026-03-16T11:20:04","openmp","1024","1024","500","123","5","0","2","0","","","1.96196","3.92392","56248"
"2026-03-16T11:20:05","openmp","1024","1024","500","123","5","0","4","0","","","1.06392","2.12785","56248"
"2026-03-16T11:20:06","openmp","1024","1024","500","123","5","0","8","0","","","0.646865","1.29373","56248"
"2026-03-16T11:20:06","openmp","1024","1024","500","123","5","0","16","0","","","0.531424","1.06285","56248"
"2026-03-16T11:20:09","mpi","1024","1024","500","123","5","0","0","1","","","2.77259","5.54518","56248"
"2026-03-16T11:20:11","mpi","1024","1024","500","123","5","0","0","2","","","2.30372","4.60744","56248"
"2026-03-16T11:20:12","mpi","1024","1024","500","123","5","0","0","4","","","0.730237","1.46047","56248"
"2026-03-16T11:20:13","mpi","1024","1024","500","123","5","0","0","8","","","0.484058","0.968116","56248"
"2026-03-16T11:20:14","mixed","1024","1024","500","123","5","0","4","2","","","0.849937","1.69987","56248"
"2026-03-16T11:20:14","mixed","1024","1024","500","123","5","0","4","4","","","0.721848","1.4437","56248"
"2026-03-16T11:20:15","cuda_basic","1024","1024","500","123","5","0","0","0","basic","NVIDIA GeForce RTX 4070","0.0091025","0.018205","56248"
"2026-03-16T11:20:15","cuda_shared","1024","1024","500","123","5","0","0","0","shared","NVIDIA GeForce RTX 4070","0.0140382","0.0280764","56248"
"2026-03-16T11:20:17","sequential","1024","1024","500","123","6","0","0","0","","","2.08121","4.16241","56248"
"2026-03-16T11:20:21","openmp","1024","1024","500","123","6","0","1","0","","","3.91007","7.82013","56248"
"2026-03-16T11:20:23","openmp","1024","1024","500","123","6","0","2","0","","","1.9648","3.92959","56248"
"2026-03-16T11:20:24","openmp","1024","1024","500","123","6","0","4","0","","","1.01557","2.03115","56248"
"2026-03-16T11:20:24","openmp","1024","1024","500","123","6","0","8","0","","","0.611281","1.22256","56248"
"2026-03-16T11:20:25","openmp","1024","1024","500","123","6","0","16","0","","","0.531273","1.06255","56248"
"2026-03-16T11:20:28","mpi","1024","1024","500","123","6","0","0","1","","","2.7845","5.56901","56248"
"2026-03-16T11:20:29","mpi","1024","1024","500","123","6","0","0","2","","","1.40318","2.80635","56248"
"2026-03-16T11:20:30","mpi","1024","1024","500","123","6","0","0","4","","","0.725344","1.45069","56248"
"2026-03-16T11:20:31","mpi","1024","1024","500","123","6","0","0","8","","","0.560157","1.12031","56248"
"2026-03-16T11:20:32","mixed","1024","1024","500","123","6","0","4","2","","","1.0048","2.00959","56248"
"2026-03-16T11:20:33","mixed","1024","1024","500","123","6","0","4","4","","","0.724914","1.44983","56248"
"2026-03-16T11:20:33","cuda_basic","1024","1024","500","123","6","0","0","0","basic","NVIDIA GeForce RTX 4070","0.0086673","0.0173346","56248"
"2026-03-16T11:20:33","cuda_shared","1024","1024","500","123","6","0","0","0","shared","NVIDIA GeForce RTX 4070","0.013241","0.026482","56248"
"2026-03-16T11:20:35","sequential","1024","1024","500","123","7","0","0","0","","","2.05922","4.11844","56248"
"2026-03-16T11:20:39","openmp","1024","1024","500","123","7","0","1","0","","","3.908","7.81601","56248"
"2026-03-16T11:20:41","openmp","1024","1024","500","123","7","0","2","0","","","1.97489","3.94977","56248"
"2026-03-16T11:20:42","openmp","1024","1024","500","123","7","0","4","0","","","1.04529","2.09059","56248"
"2026-03-16T11:20:43","openmp","1024","1024","500","123","7","0","8","0","","","0.593985","1.18797","56248"
"2026-03-16T11:20:43","openmp","1024","1024","500","123","7","0","16","0","","","0.531435","1.06287","56248"
"2026-03-16T11:20:46","mpi","1024","1024","500","123","7","0","0","1","","","2.78853","5.57706","56248"
"2026-03-16T11:20:47","mpi","1024","1024","500","123","7","0","0","2","","","1.43094","2.86187","56248"
"2026-03-16T11:20:48","mpi","1024","1024","500","123","7","0","0","4","","","0.749187","1.49837","56248"
"2026-03-16T11:20:49","mpi","1024","1024","500","123","7","0","0","8","","","0.485845","0.97169","56248"
"2026-03-16T11:20:50","mixed","1024","1024","500","123","7","0","4","2","","","0.886062","1.77212","56248"
"2026-03-16T11:20:51","mixed","1024","1024","500","123","7","0","4","4","","","0.720093","1.44019","56248"
"2026-03-16T11:20:51","cuda_basic","1024","1024","500","123","7","0","0","0","basic","NVIDIA GeForce RTX 4070","0.0095387","0.0190774","56248"
"2026-03-16T11:20:51","cuda_shared","1024","1024","500","123","7","0","0","0","shared","NVIDIA GeForce RTX 4070","0.0140615","0.028123","56248"
"2026-03-16T11:20:53","sequential","1024","1024","500","123","8","0","0","0","","","2.06423","4.12846","56248"
"2026-03-16T11:20:57","openmp","1024","1024","500","123","8","0","1","0","","","3.90857","7.81714","56248"
"2026-03-16T11:20:59","openmp","1024","1024","500","123","8","0","2","0","","","1.97081","3.94162","56248"
"2026-03-16T11:21:00","openmp","1024","1024","500","123","8","0","4","0","","","1.02999","2.05999","56248"
"2026-03-16T11:21:01","openmp","1024","1024","500","123","8","0","8","0","","","0.583664","1.16733","56248"
"2026-03-16T11:21:01","openmp","1024","1024","500","123","8","0","16","0","","","0.591611","1.18322","56248"
"2026-03-16T11:21:04","mpi","1024","1024","500","123","8","0","0","1","","","2.77829","5.55658","56248"
"2026-03-16T11:21:05","mpi","1024","1024","500","123","8","0","0","2","","","1.39927","2.79854","56248"
"2026-03-16T11:21:06","mpi","1024","1024","500","123","8","0","0","4","","","0.799801","1.5996","56248"
"2026-03-16T11:21:07","mpi","1024","1024","500","123","8","0","0","8","","","0.495378","0.990756","56248"
"2026-03-16T11:21:08","mixed","1024","1024","500","123","8","0","4","2","","","0.833865","1.66773","56248"
"2026-03-16T11:21:09","mixed","1024","1024","500","123","8","0","4","4","","","0.717702","1.4354","56248"
"2026-03-16T11:21:09","cuda_basic","1024","1024","500","123","8","0","0","0","basic","NVIDIA GeForce RTX 4070","0.0085755","0.017151","56248"
"2026-03-16T11:21:09","cuda_shared","1024","1024","500","123","8","0","0","0","shared","NVIDIA GeForce RTX 4070","0.0134408","0.0268816","56248"
"2026-03-16T11:21:11","sequential","1024","1024","500","123","9","0","0","0","","","2.07162","4.14325","56248"
"2026-03-16T11:21:15","openmp","1024","1024","500","123","9","0","1","0","","","3.92488","7.84976","56248"
"2026-03-16T11:21:17","openmp","1024","1024","500","123","9","0","2","0","","","1.97473","3.94946","56248"
"2026-03-16T11:21:18","openmp","1024","1024","500","123","9","0","4","0","","","1.05665","2.11329","56248"
"2026-03-16T11:21:19","openmp","1024","1024","500","123","9","0","8","0","","","0.650565","1.30113","56248"
"2026-03-16T11:21:19","openmp","1024","1024","500","123","9","0","16","0","","","0.533177","1.06635","56248"
"2026-03-16T11:21:22","mpi","1024","1024","500","123","9","0","0","1","","","2.7832","5.56641","56248"
"2026-03-16T11:21:24","mpi","1024","1024","500","123","9","0","0","2","","","1.40717","2.81434","56248"
"2026-03-16T11:21:24","mpi","1024","1024","500","123","9","0","0","4","","","0.727236","1.45447","56248"
"2026-03-16T11:21:25","mpi","1024","1024","500","123","9","0","0","8","","","0.441391","0.882783","56248"
"2026-03-16T11:21:26","mixed","1024","1024","500","123","9","0","4","2","","","0.877788","1.75558","56248"
"2026-03-16T11:21:27","mixed","1024","1024","500","123","9","0","4","4","","","0.775312","1.55062","56248"
"2026-03-16T11:21:27","cuda_basic","1024","1024","500","123","9","0","0","0","basic","NVIDIA GeForce RTX 4070","0.0101984","0.0203968","56248"
"2026-03-16T11:21:27","cuda_shared","1024","1024","500","123","9","0","0","0","shared","NVIDIA GeForce RTX 4070","0.0135448","0.0270896","56248"
"2026-03-16T11:21:29","sequential","1024","1024","500","123","10","0","0","0","","","2.06116","4.12232","56248"
"2026-03-16T11:21:33","openmp","1024","1024","500","123","10","0","1","0","","","3.92","7.84","56248"
"2026-03-16T11:21:35","openmp","1024","1024","500","123","10","0","2","0","","","1.96337","3.92674","56248"
"2026-03-16T11:21:36","openmp","1024","1024","500","123","10","0","4","0","","","1.04546","2.09092","56248"
"2026-03-16T11:21:37","openmp","1024","1024","500","123","10","0","8","0","","","0.655477","1.31095","56248"
"2026-03-16T11:21:37","openmp","1024","1024","500","123","10","0","16","0","","","0.59773","1.19546","56248"
"2026-03-16T11:21:40","mpi","1024","1024","500","123","10","0","0","1","","","2.82754","5.65508","56248"
"2026-03-16T11:21:42","mpi","1024","1024","500","123","10","0","0","2","","","1.40011","2.80023","56248"
"2026-03-16T11:21:42","mpi","1024","1024","500","123","10","0","0","4","","","0.80149","1.60298","56248"
"2026-03-16T11:21:43","mpi","1024","1024","500","123","10","0","0","8","","","0.473409","0.946819","56248"
"2026-03-16T11:21:44","mixed","1024","1024","500","123","10","0","4","2","","","0.942553","1.88511","56248"
"2026-03-16T11:21:45","mixed","1024","1024","500","123","10","0","4","4","","","0.718894","1.43779","56248"
"2026-03-16T11:21:45","cuda_basic","1024","1024","500","123","10","0","0","0","basic","NVIDIA GeForce RTX 4070","0.0086033","0.0172066","56248"
"2026-03-16T11:21:45","cuda_shared","1024","1024","500","123","10","0","0","0","shared","NVIDIA GeForce RTX 4070","0.0132596","0.0265192","56248"
"2026-03-16T11:21:47","sequential","1024","1024","500","123","11","0","0","0","","","2.073","4.14601","56248"
"2026-03-16T11:21:51","openmp","1024","1024","500","123","11","0","1","0","","","3.90923","7.81847","56248"
"2026-03-16T11:21:53","openmp","1024","1024","500","123","11","0","2","0","","","1.97775","3.95551","56248"
"2026-03-16T11:21:54","openmp","1024","1024","500","123","11","0","4","0","","","1.03494","2.06989","56248"
"2026-03-16T11:21:55","openmp","1024","1024","500","123","11","0","8","0","","","0.613495","1.22699","56248"
"2026-03-16T11:21:55","openmp","1024","1024","500","123","11","0","16","0","","","0.533663","1.06733","56248"
"2026-03-16T11:21:58","mpi","1024","1024","500","123","11","0","0","1","","","2.78157","5.56314","56248"
"2026-03-16T11:22:00","mpi","1024","1024","500","123","11","0","0","2","","","1.40369","2.80738","56248"
"2026-03-16T11:22:00","mpi","1024","1024","500","123","11","0","0","4","","","0.734038","1.46808","56248"
"2026-03-16T11:22:01","mpi","1024","1024","500","123","11","0","0","8","","","0.477639","0.955277","56248"
"2026-03-16T11:22:02","mixed","1024","1024","500","123","11","0","4","2","","","0.912652","1.8253","56248"
"2026-03-16T11:22:03","mixed","1024","1024","500","123","11","0","4","4","","","0.805257","1.61051","56248"
"2026-03-16T11:22:03","cuda_basic","1024","1024","500","123","11","0","0","0","basic","NVIDIA GeForce RTX 4070","0.0096078","0.0192156","56248"
"2026-03-16T11:22:03","cuda_shared","1024","1024","500","123","11","0","0","0","shared","NVIDIA GeForce RTX 4070","0.0137435","0.027487","56248"
"2026-03-16T11:22:05","sequential","1024","1024","500","999","1","1","0","0","","","2.06422","4.12844","57217"
"2026-03-16T11:22:09","openmp","1024","1024","500","999","1","1","1","0","","","3.91965","7.8393","57217"
"2026-03-16T11:22:11","openmp","1024","1024","500","999","1","1","2","0","","","1.96453","3.92907","57217"
"2026-03-16T11:22:12","openmp","1024","1024","500","999","1","1","4","0","","","1.04164","2.08329","57217"
"2026-03-16T11:22:13","openmp","1024","1024","500","999","1","1","8","0","","","0.74271","1.48542","57217"
"2026-03-16T11:22:14","openmp","1024","1024","500","999","1","1","16","0","","","0.534364","1.06873","57217"
"2026-03-16T11:22:16","mpi","1024","1024","500","999","1","1","0","1","","","2.76962","5.53924","57217"
"2026-03-16T11:22:18","mpi","1024","1024","500","999","1","1","0","2","","","1.40735","2.81471","57217"
"2026-03-16T11:22:19","mpi","1024","1024","500","999","1","1","0","4","","","0.748575","1.49715","57217"
"2026-03-16T11:22:19","mpi","1024","1024","500","999","1","1","0","8","","","0.428533","0.857067","57217"
"2026-03-16T11:22:20","mixed","1024","1024","500","999","1","1","4","2","","","0.850803","1.70161","57217"
"2026-03-16T11:22:21","mixed","1024","1024","500","999","1","1","4","4","","","0.727118","1.45424","57217"
"2026-03-16T11:22:21","cuda_basic","1024","1024","500","999","1","1","0","0","basic","NVIDIA GeForce RTX 4070","0.0091423","0.0182846","57217"
"2026-03-16T11:22:21","cuda_shared","1024","1024","500","999","1","1","0","0","shared","NVIDIA GeForce RTX 4070","0.0132479","0.0264958","57217"
"2026-03-16T11:22:23","sequential","1024","1024","500","999","2","0","0","0","","","2.07292","4.14583","57217"
"2026-03-16T11:22:27","openmp","1024","1024","500","999","2","0","1","0","","","3.89719","7.79439","57217"
"2026-03-16T11:22:29","openmp","1024","1024","500","999","2","0","2","0","","","1.97597","3.95194","57217"
"2026-03-16T11:22:30","openmp","1024","1024","500","999","2","0","4","0","","","1.02584","2.05167","57217"
"2026-03-16T11:22:31","openmp","1024","1024","500","999","2","0","8","0","","","0.64521","1.29042","57217"
"2026-03-16T11:22:31","openmp","1024","1024","500","999","2","0","16","0","","","0.52706","1.05412","57217"
"2026-03-16T11:22:34","mpi","1024","1024","500","999","2","0","0","1","","","2.78189","5.56379","57217"
"2026-03-16T11:22:36","mpi","1024","1024","500","999","2","0","0","2","","","1.40879","2.81758","57217"
"2026-03-16T11:22:37","mpi","1024","1024","500","999","2","0","0","4","","","0.773863","1.54773","57217"
"2026-03-16T11:22:37","mpi","1024","1024","500","999","2","0","0","8","","","0.462448","0.924895","57217"
"2026-03-16T11:22:38","mixed","1024","1024","500","999","2","0","4","2","","","0.944809","1.88962","57217"
"2026-03-16T11:22:39","mixed","1024","1024","500","999","2","0","4","4","","","0.764489","1.52898","57217"
"2026-03-16T11:22:39","cuda_basic","1024","1024","500","999","2","0","0","0","basic","NVIDIA GeForce RTX 4070","0.0086962","0.0173924","57217"
"2026-03-16T11:22:39","cuda_shared","1024","1024","500","999","2","0","0","0","shared","NVIDIA GeForce RTX 4070","0.0137637","0.0275274","57217"
"2026-03-16T11:22:41","sequential","1024","1024","500","999","3","0","0","0","","","2.06097","4.12195","57217"
"2026-03-16T11:22:45","openmp","1024","1024","500","999","3","0","1","0","","","3.90797","7.81595","57217"
"2026-03-16T11:22:47","openmp","1024","1024","500","999","3","0","2","0","","","1.96322","3.92644","57217"
"2026-03-16T11:22:48","openmp","1024","1024","500","999","3","0","4","0","","","1.06536","2.13072","57217"
"2026-03-16T11:22:49","openmp","1024","1024","500","999","3","0","8","0","","","0.70156","1.40312","57217"
"2026-03-16T11:22:50","openmp","1024","1024","500","999","3","0","16","0","","","0.532126","1.06425","57217"
"2026-03-16T11:22:53","mpi","1024","1024","500","999","3","0","0","1","","","2.77331","5.54663","57217"
"2026-03-16T11:22:54","mpi","1024","1024","500","999","3","0","0","2","","","1.41489","2.82978","57217"
"2026-03-16T11:22:55","mpi","1024","1024","500","999","3","0","0","4","","","0.768318","1.53664","57217"
"2026-03-16T11:22:55","mpi","1024","1024","500","999","3","0","0","8","","","0.454693","0.909386","57217"
"2026-03-16T11:22:56","mixed","1024","1024","500","999","3","0","4","2","","","0.869552","1.7391","57217"
"2026-03-16T11:22:57","mixed","1024","1024","500","999","3","0","4","4","","","0.719916","1.43983","57217"
"2026-03-16T11:22:57","cuda_basic","1024","1024","500","999","3","0","0","0","basic","NVIDIA GeForce RTX 4070","0.0092626","0.0185252","57217"
"2026-03-16T11:22:57","cuda_shared","1024","1024","500","999","3","0","0","0","shared","NVIDIA GeForce RTX 4070","0.0133953","0.0267906","57217"
"2026-03-16T11:22:59","sequential","1024","1024","500","999","4","0","0","0","","","2.07226","4.14452","57217"
"2026-03-16T11:23:03","openmp","1024","1024","500","999","4","0","1","0","","","3.90616","7.81231","57217"
"2026-03-16T11:23:05","openmp","1024","1024","500","999","4","0","2","0","","","1.98519","3.97039","57217"
"2026-03-16T11:23:06","openmp","1024","1024","500","999","4","0","4","0","","","1.01847","2.03694","57217"
"2026-03-16T11:23:07","openmp","1024","1024","500","999","4","0","8","0","","","0.582513","1.16503","57217"
"2026-03-16T11:23:08","openmp","1024","1024","500","999","4","0","16","0","","","0.531398","1.0628","57217"
"2026-03-16T11:23:10","mpi","1024","1024","500","999","4","0","0","1","","","2.78492","5.56983","57217"
"2026-03-16T11:23:12","mpi","1024","1024","500","999","4","0","0","2","","","1.3999","2.79981","57217"
"2026-03-16T11:23:13","mpi","1024","1024","500","999","4","0","0","4","","","0.752867","1.50573","57217"
"2026-03-16T11:23:13","mpi","1024","1024","500","999","4","0","0","8","","","0.504667","1.00933","57217"
"2026-03-16T11:23:14","mixed","1024","1024","500","999","4","0","4","2","","","1.04198","2.08395","57217"
"2026-03-16T11:23:15","mixed","1024","1024","500","999","4","0","4","4","","","0.722336","1.44467","57217"
"2026-03-16T11:23:15","cuda_basic","1024","1024","500","999","4","0","0","0","basic","NVIDIA GeForce RTX 4070","0.0089983","0.0179966","57217"
"2026-03-16T11:23:15","cuda_shared","1024","1024","500","999","4","0","0","0","shared","NVIDIA GeForce RTX 4070","0.0135103","0.0270206","57217"
"2026-03-16T11:23:18","sequential","1024","1024","500","999","5","0","0","0","","","2.05925","4.11851","57217"
"2026-03-16T11:23:22","openmp","1024","1024","500","999","5","0","1","0","","","3.91118","7.82237","57217"
"2026-03-16T11:23:23","openmp","1024","1024","500","999","5","0","2","0","","","1.96476","3.92952","57217"
"2026-03-16T11:23:25","openmp","1024","1024","500","999","5","0","4","0","","","1.06193","2.12386","57217"
"2026-03-16T11:23:25","openmp","1024","1024","500","999","5","0","8","0","","","0.644116","1.28823","57217"
"2026-03-16T11:23:26","openmp","1024","1024","500","999","5","0","16","0","","","0.532752","1.0655","57217"
"2026-03-16T11:23:29","mpi","1024","1024","500","999","5","0","0","1","","","2.76907","5.53813","57217"
"2026-03-16T11:23:31","mpi","1024","1024","500","999","5","0","0","2","","","2.35787","4.71573","57217"
"2026-03-16T11:23:32","mpi","1024","1024","500","999","5","0","0","4","","","0.720903","1.44181","57217"
"2026-03-16T11:23:32","mpi","1024","1024","500","999","5","0","0","8","","","0.496588","0.993176","57217"
"2026-03-16T11:23:33","mixed","1024","1024","500","999","5","0","4","2","","","0.82154","1.64308","57217"
"2026-03-16T11:23:34","mixed","1024","1024","500","999","5","0","4","4","","","0.722682","1.44536","57217"
"2026-03-16T11:23:34","cuda_basic","1024","1024","500","999","5","0","0","0","basic","NVIDIA GeForce RTX 4070","0.0102784","0.0205568","57217"
"2026-03-16T11:23:34","cuda_shared","1024","1024","500","999","5","0","0","0","shared","NVIDIA GeForce RTX 4070","0.0133046","0.0266092","57217"
"2026-03-16T11:23:36","sequential","1024","1024","500","999","6","0","0","0","","","2.06963","4.13925","57217"
"2026-03-16T11:23:40","openmp","1024","1024","500","999","6","0","1","0","","","3.91181","7.82362","57217"
"2026-03-16T11:23:42","openmp","1024","1024","500","999","6","0","2","0","","","1.97097","3.94193","57217"
"2026-03-16T11:23:43","openmp","1024","1024","500","999","6","0","4","0","","","1.02643","2.05285","57217"
"2026-03-16T11:23:44","openmp","1024","1024","500","999","6","0","8","0","","","0.586904","1.17381","57217"
"2026-03-16T11:23:45","openmp","1024","1024","500","999","6","0","16","0","","","0.580753","1.16151","57217"
"2026-03-16T11:23:48","mpi","1024","1024","500","999","6","0","0","1","","","2.77764","5.55527","57217"
"2026-03-16T11:23:49","mpi","1024","1024","500","999","6","0","0","2","","","1.40514","2.81028","57217"
"2026-03-16T11:23:50","mpi","1024","1024","500","999","6","0","0","4","","","0.741952","1.4839","57217"
"2026-03-16T11:23:50","mpi","1024","1024","500","999","6","0","0","8","","","0.54146","1.08292","57217"
"2026-03-16T11:23:51","mixed","1024","1024","500","999","6","0","4","2","","","0.985524","1.97105","57217"
"2026-03-16T11:23:52","mixed","1024","1024","500","999","6","0","4","4","","","0.719601","1.4392","57217"
"2026-03-16T11:23:52","cuda_basic","1024","1024","500","999","6","0","0","0","basic","NVIDIA GeForce RTX 4070","0.0090043","0.0180086","57217"
"2026-03-16T11:23:53","cuda_shared","1024","1024","500","999","6","0","0","0","shared","NVIDIA GeForce RTX 4070","0.013675","0.02735","57217"
"2026-03-16T11:23:55","sequential","1024","1024","500","999","7","0","0","0","","","2.05804","4.11607","57217"
"2026-03-16T11:23:59","openmp","1024","1024","500","999","7","0","1","0","","","3.90967","7.81935","57217"
"2026-03-16T11:24:01","openmp","1024","1024","500","999","7","0","2","0","","","1.98813","3.97625","57217"
"2026-03-16T11:24:02","openmp","1024","1024","500","999","7","0","4","0","","","1.01728","2.03455","57217"
"2026-03-16T11:24:02","openmp","1024","1024","500","999","7","0","8","0","","","0.672477","1.34495","57217"
"2026-03-16T11:24:03","openmp","1024","1024","500","999","7","0","16","0","","","0.537875","1.07575","57217"
"2026-03-16T11:24:06","mpi","1024","1024","500","999","7","0","0","1","","","2.78634","5.57268","57217"
"2026-03-16T11:24:07","mpi","1024","1024","500","999","7","0","0","2","","","1.40269","2.80537","57217"
"2026-03-16T11:24:08","mpi","1024","1024","500","999","7","0","0","4","","","0.73459","1.46918","57217"
"2026-03-16T11:24:09","mpi","1024","1024","500","999","7","0","0","8","","","0.469507","0.939014","57217"
"2026-03-16T11:24:09","mixed","1024","1024","500","999","7","0","4","2","","","0.831124","1.66225","57217"
"2026-03-16T11:24:10","mixed","1024","1024","500","999","7","0","4","4","","","0.770669","1.54134","57217"
"2026-03-16T11:24:10","cuda_basic","1024","1024","500","999","7","0","0","0","basic","NVIDIA GeForce RTX 4070","0.0100396","0.0200792","57217"
"2026-03-16T11:24:11","cuda_shared","1024","1024","500","999","7","0","0","0","shared","NVIDIA GeForce RTX 4070","0.0139661","0.0279322","57217"
"2026-03-16T11:24:13","sequential","1024","1024","500","999","8","0","0","0","","","2.06317","4.12634","57217"
"2026-03-16T11:24:17","openmp","1024","1024","500","999","8","0","1","0","","","3.9198","7.8396","57217"
"2026-03-16T11:24:19","openmp","1024","1024","500","999","8","0","2","0","","","1.96439","3.92879","57217"
"2026-03-16T11:24:20","openmp","1024","1024","500","999","8","0","4","0","","","1.01589","2.03178","57217"
"2026-03-16T11:24:20","openmp","1024","1024","500","999","8","0","8","0","","","0.651517","1.30303","57217"
"2026-03-16T11:24:21","openmp","1024","1024","500","999","8","0","16","0","","","0.607137","1.21427","57217"
"2026-03-16T11:24:24","mpi","1024","1024","500","999","8","0","0","1","","","2.83623","5.67245","57217"
"2026-03-16T11:24:25","mpi","1024","1024","500","999","8","0","0","2","","","1.39766","2.79533","57217"
"2026-03-16T11:24:26","mpi","1024","1024","500","999","8","0","0","4","","","0.772005","1.54401","57217"
"2026-03-16T11:24:27","mpi","1024","1024","500","999","8","0","0","8","","","0.464108","0.928215","57217"
"2026-03-16T11:24:28","mixed","1024","1024","500","999","8","0","4","2","","","0.864289","1.72858","57217"
"2026-03-16T11:24:28","mixed","1024","1024","500","999","8","0","4","4","","","0.723401","1.4468","57217"
"2026-03-16T11:24:29","cuda_basic","1024","1024","500","999","8","0","0","0","basic","NVIDIA GeForce RTX 4070","0.009168","0.018336","57217"
"2026-03-16T11:24:29","cuda_shared","1024","1024","500","999","8","0","0","0","shared","NVIDIA GeForce RTX 4070","0.0132299","0.0264598","57217"
"2026-03-16T11:24:31","sequential","1024","1024","500","999","9","0","0","0","","","2.06746","4.13492","57217"
"2026-03-16T11:24:35","openmp","1024","1024","500","999","9","0","1","0","","","3.91534","7.83068","57217"
"2026-03-16T11:24:37","openmp","1024","1024","500","999","9","0","2","0","","","1.976","3.95201","57217"
"2026-03-16T11:24:38","openmp","1024","1024","500","999","9","0","4","0","","","1.03489","2.06977","57217"
"2026-03-16T11:24:38","openmp","1024","1024","500","999","9","0","8","0","","","0.627444","1.25489","57217"
"2026-03-16T11:24:39","openmp","1024","1024","500","999","9","0","16","0","","","0.53295","1.0659","57217"
"2026-03-16T11:24:42","mpi","1024","1024","500","999","9","0","0","1","","","2.78182","5.56364","57217"
"2026-03-16T11:24:44","mpi","1024","1024","500","999","9","0","0","2","","","2.01496","4.02992","57217"
"2026-03-16T11:24:45","mpi","1024","1024","500","999","9","0","0","4","","","0.72491","1.44982","57217"
"2026-03-16T11:24:45","mpi","1024","1024","500","999","9","0","0","8","","","0.469207","0.938415","57217"
"2026-03-16T11:24:46","mixed","1024","1024","500","999","9","0","4","2","","","0.929071","1.85814","57217"
"2026-03-16T11:24:47","mixed","1024","1024","500","999","9","0","4","4","","","0.74158","1.48316","57217"
"2026-03-16T11:24:47","cuda_basic","1024","1024","500","999","9","0","0","0","basic","NVIDIA GeForce RTX 4070","0.0091355","0.018271","57217"
"2026-03-16T11:24:47","cuda_shared","1024","1024","500","999","9","0","0","0","shared","NVIDIA GeForce RTX 4070","0.0133325","0.026665","57217"
"2026-03-16T11:24:49","sequential","1024","1024","500","999","10","0","0","0","","","2.05799","4.11598","57217"
"2026-03-16T11:24:53","openmp","1024","1024","500","999","10","0","1","0","","","3.91137","7.82274","57217"
"2026-03-16T11:24:55","openmp","1024","1024","500","999","10","0","2","0","","","1.97235","3.9447","57217"
"2026-03-16T11:24:56","openmp","1024","1024","500","999","10","0","4","0","","","1.04583","2.09165","57217"
"2026-03-16T11:24:57","openmp","1024","1024","500","999","10","0","8","0","","","0.707436","1.41487","57217"
"2026-03-16T11:24:58","openmp","1024","1024","500","999","10","0","16","0","","","0.536877","1.07375","57217"
"2026-03-16T11:25:01","mpi","1024","1024","500","999","10","0","0","1","","","2.77069","5.54139","57217"
"2026-03-16T11:25:02","mpi","1024","1024","500","999","10","0","0","2","","","1.42213","2.84427","57217"
"2026-03-16T11:25:03","mpi","1024","1024","500","999","10","0","0","4","","","0.740357","1.48071","57217"
"2026-03-16T11:25:03","mpi","1024","1024","500","999","10","0","0","8","","","0.521136","1.04227","57217"
"2026-03-16T11:25:04","mixed","1024","1024","500","999","10","0","4","2","","","0.811988","1.62398","57217"
"2026-03-16T11:25:05","mixed","1024","1024","500","999","10","0","4","4","","","0.716146","1.43229","57217"
"2026-03-16T11:25:05","cuda_basic","1024","1024","500","999","10","0","0","0","basic","NVIDIA GeForce RTX 4070","0.0086488","0.0172976","57217"
"2026-03-16T11:25:05","cuda_shared","1024","1024","500","999","10","0","0","0","shared","NVIDIA GeForce RTX 4070","0.0143593","0.0287186","57217"
"2026-03-16T11:25:07","sequential","1024","1024","500","999","11","0","0","0","","","2.07257","4.14514","57217"
"2026-03-16T11:25:11","openmp","1024","1024","500","999","11","0","1","0","","","3.89689","7.79378","57217"
"2026-03-16T11:25:13","openmp","1024","1024","500","999","11","0","2","0","","","1.97808","3.95617","57217"
"2026-03-16T11:25:14","openmp","1024","1024","500","999","11","0","4","0","","","1.03272","2.06543","57217"
"2026-03-16T11:25:15","openmp","1024","1024","500","999","11","0","8","0","","","0.603114","1.20623","57217"
"2026-03-16T11:25:16","openmp","1024","1024","500","999","11","0","16","0","","","0.534233","1.06847","57217"
"2026-03-16T11:25:18","mpi","1024","1024","500","999","11","0","0","1","","","2.78148","5.56295","57217"
"2026-03-16T11:25:20","mpi","1024","1024","500","999","11","0","0","2","","","1.39899","2.79798","57217"
"2026-03-16T11:25:21","mpi","1024","1024","500","999","11","0","0","4","","","0.74844","1.49688","57217"
"2026-03-16T11:25:21","mpi","1024","1024","500","999","11","0","0","8","","","0.447844","0.895688","57217"
"2026-03-16T11:25:22","mixed","1024","1024","500","999","11","0","4","2","","","1.03826","2.07652","57217"
"2026-03-16T11:25:23","mixed","1024","1024","500","999","11","0","4","4","","","0.748293","1.49659","57217"
"2026-03-16T11:25:23","cuda_basic","1024","1024","500","999","11","0","0","0","basic","NVIDIA GeForce RTX 4070","0.0089378","0.0178756","57217"
"2026-03-16T11:25:23","cuda_shared","1024","1024","500","999","11","0","0","0","shared","NVIDIA GeForce RTX 4070","0.013518","0.027036","57217"
"2026-03-16T11:25:32","sequential","2048","2048","500","42","1","1","0","0","","","8.30334","16.6067","231374"
"2026-03-16T11:25:48","openmp","2048","2048","500","42","1","1","1","0","","","15.6667","31.3335","231374"
"2026-03-16T11:25:56","openmp","2048","2048","500","42","1","1","2","0","","","7.89477","15.7895","231374"
"2026-03-16T11:26:00","openmp","2048","2048","500","42","1","1","4","0","","","4.11718","8.23436","231374"
"2026-03-16T11:26:03","openmp","2048","2048","500","42","1","1","8","0","","","2.63263","5.26526","231374"
"2026-03-16T11:26:05","openmp","2048","2048","500","42","1","1","16","0","","","2.11858","4.23716","231374"
"2026-03-16T11:26:16","mpi","2048","2048","500","42","1","1","0","1","","","11.106","22.212","231374"
"2026-03-16T11:26:22","mpi","2048","2048","500","42","1","1","0","2","","","5.62421","11.2484","231374"
"2026-03-16T11:26:25","mpi","2048","2048","500","42","1","1","0","4","","","2.99899","5.99797","231374"
"2026-03-16T11:26:27","mpi","2048","2048","500","42","1","1","0","8","","","2.02057","4.04114","231374"
"2026-03-16T11:26:30","mixed","2048","2048","500","42","1","1","4","2","","","3.42212","6.84424","231374"
"2026-03-16T11:26:34","mixed","2048","2048","500","42","1","1","4","4","","","2.92653","5.85307","231374"
"2026-03-16T11:26:34","cuda_basic","2048","2048","500","42","1","1","0","0","basic","NVIDIA GeForce RTX 4070","0.0302933","0.0605866","231374"
"2026-03-16T11:26:34","cuda_shared","2048","2048","500","42","1","1","0","0","shared","NVIDIA GeForce RTX 4070","0.0490528","0.0981056","231374"
"2026-03-16T11:26:42","sequential","2048","2048","500","42","2","0","0","0","","","8.30049","16.601","231374"
"2026-03-16T11:26:58","openmp","2048","2048","500","42","2","0","1","0","","","15.6936","31.3871","231374"
"2026-03-16T11:27:06","openmp","2048","2048","500","42","2","0","2","0","","","7.89695","15.7939","231374"
"2026-03-16T11:27:10","openmp","2048","2048","500","42","2","0","4","0","","","4.17053","8.34105","231374"
"2026-03-16T11:27:13","openmp","2048","2048","500","42","2","0","8","0","","","2.59233","5.18465","231374"
"2026-03-16T11:27:15","openmp","2048","2048","500","42","2","0","16","0","","","2.11162","4.22323","231374"
"2026-03-16T11:27:26","mpi","2048","2048","500","42","2","0","0","1","","","11.1102","22.2203","231374"
"2026-03-16T11:27:32","mpi","2048","2048","500","42","2","0","0","2","","","5.6333","11.2666","231374"
"2026-03-16T11:27:35","mpi","2048","2048","500","42","2","0","0","4","","","3.03473","6.06945","231374"
"2026-03-16T11:27:38","mpi","2048","2048","500","42","2","0","0","8","","","2.40319","4.80638","231374"
"2026-03-16T11:27:41","mixed","2048","2048","500","42","2","0","4","2","","","3.47477","6.94955","231374"
"2026-03-16T11:27:44","mixed","2048","2048","500","42","2","0","4","4","","","2.96497","5.92994","231374"
"2026-03-16T11:27:44","cuda_basic","2048","2048","500","42","2","0","0","0","basic","NVIDIA GeForce RTX 4070","0.0301735","0.060347","231374"
"2026-03-16T11:27:45","cuda_shared","2048","2048","500","42","2","0","0","0","shared","NVIDIA GeForce RTX 4070","0.0489074","0.0978148","231374"
"2026-03-16T11:27:53","sequential","2048","2048","500","42","3","0","0","0","","","8.32017","16.6403","231374"
"2026-03-16T11:28:09","openmp","2048","2048","500","42","3","0","1","0","","","15.6693","31.3386","231374"
"2026-03-16T11:28:17","openmp","2048","2048","500","42","3","0","2","0","","","7.89595","15.7919","231374"
"2026-03-16T11:28:21","openmp","2048","2048","500","42","3","0","4","0","","","4.13717","8.27435","231374"
"2026-03-16T11:28:23","openmp","2048","2048","500","42","3","0","8","0","","","2.52006","5.04012","231374"
"2026-03-16T11:28:26","openmp","2048","2048","500","42","3","0","16","0","","","2.11362","4.22725","231374"
"2026-03-16T11:28:37","mpi","2048","2048","500","42","3","0","0","1","","","11.1167","22.2333","231374"
"2026-03-16T11:28:42","mpi","2048","2048","500","42","3","0","0","2","","","5.60727","11.2145","231374"
"2026-03-16T11:28:45","mpi","2048","2048","500","42","3","0","0","4","","","2.96065","5.92129","231374"
"2026-03-16T11:28:47","mpi","2048","2048","500","42","3","0","0","8","","","1.70862","3.41723","231374"
"2026-03-16T11:28:51","mixed","2048","2048","500","42","3","0","4","2","","","3.50625","7.01251","231374"
"2026-03-16T11:28:54","mixed","2048","2048","500","42","3","0","4","4","","","2.89923","5.79846","231374"
"2026-03-16T11:28:54","cuda_basic","2048","2048","500","42","3","0","0","0","basic","NVIDIA GeForce RTX 4070","0.0306359","0.0612718","231374"
"2026-03-16T11:28:54","cuda_shared","2048","2048","500","42","3","0","0","0","shared","NVIDIA GeForce RTX 4070","0.0490497","0.0980994","231374"
"2026-03-16T11:29:03","sequential","2048","2048","500","42","4","0","0","0","","","8.31326","16.6265","231374"
"2026-03-16T11:29:18","openmp","2048","2048","500","42","4","0","1","0","","","15.661","31.3219","231374"
"2026-03-16T11:29:26","openmp","2048","2048","500","42","4","0","2","0","","","7.89521","15.7904","231374"
"2026-03-16T11:29:31","openmp","2048","2048","500","42","4","0","4","0","","","4.19824","8.39647","231374"
"2026-03-16T11:29:33","openmp","2048","2048","500","42","4","0","8","0","","","2.49206","4.98412","231374"
"2026-03-16T11:29:35","openmp","2048","2048","500","42","4","0","16","0","","","2.12022","4.24044","231374"
"2026-03-16T11:29:47","mpi","2048","2048","500","42","4","0","0","1","","","11.1096","22.2192","231374"
"2026-03-16T11:29:52","mpi","2048","2048","500","42","4","0","0","2","","","5.61498","11.23","231374"
"2026-03-16T11:29:55","mpi","2048","2048","500","42","4","0","0","4","","","3.05657","6.11314","231374"
"2026-03-16T11:29:57","mpi","2048","2048","500","42","4","0","0","8","","","1.767","3.53401","231374"
"2026-03-16T11:30:01","mixed","2048","2048","500","42","4","0","4","2","","","3.62439","7.24877","231374"
"2026-03-16T11:30:04","mixed","2048","2048","500","42","4","0","4","4","","","2.93074","5.86149","231374"
"2026-03-16T11:30:04","cuda_basic","2048","2048","500","42","4","0","0","0","basic","NVIDIA GeForce RTX 4070","0.0297303","0.0594606","231374"
"2026-03-16T11:30:04","cuda_shared","2048","2048","500","42","4","0","0","0","shared","NVIDIA GeForce RTX 4070","0.0489905","0.097981","231374"
"2026-03-16T11:30:13","sequential","2048","2048","500","42","5","0","0","0","","","8.32578","16.6516","231374"
"2026-03-16T11:30:28","openmp","2048","2048","500","42","5","0","1","0","","","15.6826","31.3652","231374"
"2026-03-16T11:30:36","openmp","2048","2048","500","42","5","0","2","0","","","7.90308","15.8062","231374"
"2026-03-16T11:30:41","openmp","2048","2048","500","42","5","0","4","0","","","4.15916","8.31833","231374"
"2026-03-16T11:30:43","openmp","2048","2048","500","42","5","0","8","0","","","2.60834","5.21668","231374"
"2026-03-16T11:30:45","openmp","2048","2048","500","42","5","0","16","0","","","2.12138","4.24276","231374"
"2026-03-16T11:30:57","mpi","2048","2048","500","42","5","0","0","1","","","11.1096","22.2193","231374"
"2026-03-16T11:31:02","mpi","2048","2048","500","42","5","0","0","2","","","5.61383","11.2277","231374"
"2026-03-16T11:31:05","mpi","2048","2048","500","42","5","0","0","4","","","2.9625","5.92501","231374"
"2026-03-16T11:31:07","mpi","2048","2048","500","42","5","0","0","8","","","1.73975","3.47949","231374"
"2026-03-16T11:31:11","mixed","2048","2048","500","42","5","0","4","2","","","3.38114","6.76229","231374"
"2026-03-16T11:31:14","mixed","2048","2048","500","42","5","0","4","4","","","2.86112","5.72223","231374"
"2026-03-16T11:31:14","cuda_basic","2048","2048","500","42","5","0","0","0","basic","NVIDIA GeForce RTX 4070","0.0308388","0.0616776","231374"
"2026-03-16T11:31:14","cuda_shared","2048","2048","500","42","5","0","0","0","shared","NVIDIA GeForce RTX 4070","0.0500552","0.10011","231374"
"2026-03-16T11:31:22","sequential","2048","2048","500","42","6","0","0","0","","","8.31643","16.6329","231374"
"2026-03-16T11:31:38","openmp","2048","2048","500","42","6","0","1","0","","","15.6684","31.3368","231374"
"2026-03-16T11:31:46","openmp","2048","2048","500","42","6","0","2","0","","","7.8962","15.7924","231374"
"2026-03-16T11:31:50","openmp","2048","2048","500","42","6","0","4","0","","","4.17842","8.35684","231374"
"2026-03-16T11:31:53","openmp","2048","2048","500","42","6","0","8","0","","","2.53107","5.06214","231374"
"2026-03-16T11:31:55","openmp","2048","2048","500","42","6","0","16","0","","","2.11684","4.23367","231374"
"2026-03-16T11:32:06","mpi","2048","2048","500","42","6","0","0","1","","","11.1181","22.2363","231374"
"2026-03-16T11:32:12","mpi","2048","2048","500","42","6","0","0","2","","","5.60756","11.2151","231374"
"2026-03-16T11:32:15","mpi","2048","2048","500","42","6","0","0","4","","","3.01093","6.02186","231374"
"2026-03-16T11:32:17","mpi","2048","2048","500","42","6","0","0","8","","","1.71285","3.4257","231374"
"2026-03-16T11:32:20","mixed","2048","2048","500","42","6","0","4","2","","","3.38638","6.77275","231374"
"2026-03-16T11:32:23","mixed","2048","2048","500","42","6","0","4","4","","","2.86023","5.72046","231374"
"2026-03-16T11:32:24","cuda_basic","2048","2048","500","42","6","0","0","0","basic","NVIDIA GeForce RTX 4070","0.0303748","0.0607496","231374"
"2026-03-16T11:32:24","cuda_shared","2048","2048","500","42","6","0","0","0","shared","NVIDIA GeForce RTX 4070","0.0497425","0.099485","231374"
"2026-03-16T11:32:32","sequential","2048","2048","500","42","7","0","0","0","","","8.31189","16.6238","231374"
"2026-03-16T11:32:48","openmp","2048","2048","500","42","7","0","1","0","","","15.6626","31.3252","231374"
"2026-03-16T11:32:56","openmp","2048","2048","500","42","7","0","2","0","","","7.89702","15.794","231374"
"2026-03-16T11:33:00","openmp","2048","2048","500","42","7","0","4","0","","","4.3341","8.6682","231374"
"2026-03-16T11:33:03","openmp","2048","2048","500","42","7","0","8","0","","","2.62001","5.24003","231374"
"2026-03-16T11:33:05","openmp","2048","2048","500","42","7","0","16","0","","","2.1185","4.237","231374"
"2026-03-16T11:33:16","mpi","2048","2048","500","42","7","0","0","1","","","11.1134","22.2268","231374"
"2026-03-16T11:33:22","mpi","2048","2048","500","42","7","0","0","2","","","5.73475","11.4695","231374"
"2026-03-16T11:33:25","mpi","2048","2048","500","42","7","0","0","4","","","2.94777","5.89554","231374"
"2026-03-16T11:33:28","mpi","2048","2048","500","42","7","0","0","8","","","2.38633","4.77267","231374"
"2026-03-16T11:33:31","mixed","2048","2048","500","42","7","0","4","2","","","3.49784","6.99568","231374"
"2026-03-16T11:33:34","mixed","2048","2048","500","42","7","0","4","4","","","2.96379","5.92757","231374"
"2026-03-16T11:33:34","cuda_basic","2048","2048","500","42","7","0","0","0","basic","NVIDIA GeForce RTX 4070","0.0306445","0.061289","231374"
"2026-03-16T11:33:35","cuda_shared","2048","2048","500","42","7","0","0","0","shared","NVIDIA GeForce RTX 4070","0.0497628","0.0995256","231374"
"2026-03-16T11:33:43","sequential","2048","2048","500","42","8","0","0","0","","","8.3233","16.6466","231374"
"2026-03-16T11:33:59","openmp","2048","2048","500","42","8","0","1","0","","","15.6613","31.3226","231374"
"2026-03-16T11:34:07","openmp","2048","2048","500","42","8","0","2","0","","","7.89702","15.794","231374"
"2026-03-16T11:34:11","openmp","2048","2048","500","42","8","0","4","0","","","4.1539","8.3078","231374"
"2026-03-16T11:34:14","openmp","2048","2048","500","42","8","0","8","0","","","2.55791","5.11581","231374"
"2026-03-16T11:34:16","openmp","2048","2048","500","42","8","0","16","0","","","2.12403","4.24806","231374"
"2026-03-16T11:34:27","mpi","2048","2048","500","42","8","0","0","1","","","11.127","22.2541","231374"
"2026-03-16T11:34:33","mpi","2048","2048","500","42","8","0","0","2","","","5.73816","11.4763","231374"
"2026-03-16T11:34:36","mpi","2048","2048","500","42","8","0","0","4","","","2.97357","5.94715","231374"
"2026-03-16T11:34:38","mpi","2048","2048","500","42","8","0","0","8","","","2.06677","4.13355","231374"
"2026-03-16T11:34:42","mixed","2048","2048","500","42","8","0","4","2","","","3.49816","6.99633","231374"
"2026-03-16T11:34:45","mixed","2048","2048","500","42","8","0","4","4","","","2.93228","5.86456","231374"
"2026-03-16T11:34:45","cuda_basic","2048","2048","500","42","8","0","0","0","basic","NVIDIA GeForce RTX 4070","0.0301436","0.0602872","231374"
"2026-03-16T11:34:45","cuda_shared","2048","2048","500","42","8","0","0","0","shared","NVIDIA GeForce RTX 4070","0.048881","0.097762","231374"
"2026-03-16T11:34:53","sequential","2048","2048","500","42","9","0","0","0","","","8.30531","16.6106","231374"
"2026-03-16T11:35:09","openmp","2048","2048","500","42","9","0","1","0","","","15.6785","31.357","231374"
"2026-03-16T11:35:17","openmp","2048","2048","500","42","9","0","2","0","","","7.89627","15.7925","231374"
"2026-03-16T11:35:21","openmp","2048","2048","500","42","9","0","4","0","","","4.14424","8.28848","231374"
"2026-03-16T11:35:24","openmp","2048","2048","500","42","9","0","8","0","","","2.57185","5.1437","231374"
"2026-03-16T11:35:26","openmp","2048","2048","500","42","9","0","16","0","","","2.12167","4.24335","231374"
"2026-03-16T11:35:37","mpi","2048","2048","500","42","9","0","0","1","","","11.1152","22.2304","231374"
"2026-03-16T11:35:43","mpi","2048","2048","500","42","9","0","0","2","","","5.71963","11.4393","231374"
"2026-03-16T11:35:47","mpi","2048","2048","500","42","9","0","0","4","","","4.35161","8.70323","231374"
"2026-03-16T11:35:50","mpi","2048","2048","500","42","9","0","0","8","","","2.07637","4.15274","231374"
"2026-03-16T11:35:53","mixed","2048","2048","500","42","9","0","4","2","","","3.22377","6.44754","231374"
"2026-03-16T11:35:56","mixed","2048","2048","500","42","9","0","4","4","","","2.94766","5.89533","231374"
"2026-03-16T11:35:56","cuda_basic","2048","2048","500","42","9","0","0","0","basic","NVIDIA GeForce RTX 4070","0.0305714","0.0611428","231374"
"2026-03-16T11:35:56","cuda_shared","2048","2048","500","42","9","0","0","0","shared","NVIDIA GeForce RTX 4070","0.0498468","0.0996936","231374"
"2026-03-16T11:36:05","sequential","2048","2048","500","42","10","0","0","0","","","8.33692","16.6738","231374"
"2026-03-16T11:36:20","openmp","2048","2048","500","42","10","0","1","0","","","15.6731","31.3462","231374"
"2026-03-16T11:36:28","openmp","2048","2048","500","42","10","0","2","0","","","7.90536","15.8107","231374"
"2026-03-16T11:36:33","openmp","2048","2048","500","42","10","0","4","0","","","4.12244","8.24488","231374"
"2026-03-16T11:36:35","openmp","2048","2048","500","42","10","0","8","0","","","2.62659","5.25318","231374"
"2026-03-16T11:36:37","openmp","2048","2048","500","42","10","0","16","0","","","2.10998","4.21995","231374"
"2026-03-16T11:36:49","mpi","2048","2048","500","42","10","0","0","1","","","11.1281","22.2562","231374"
"2026-03-16T11:36:54","mpi","2048","2048","500","42","10","0","0","2","","","5.6141","11.2282","231374"
"2026-03-16T11:36:57","mpi","2048","2048","500","42","10","0","0","4","","","2.95092","5.90184","231374"
"2026-03-16T11:37:00","mpi","2048","2048","500","42","10","0","0","8","","","2.10582","4.21163","231374"
"2026-03-16T11:37:03","mixed","2048","2048","500","42","10","0","4","2","","","3.39033","6.78066","231374"
"2026-03-16T11:37:06","mixed","2048","2048","500","42","10","0","4","4","","","2.92196","5.84392","231374"
"2026-03-16T11:37:06","cuda_basic","2048","2048","500","42","10","0","0","0","basic","NVIDIA GeForce RTX 4070","0.0305726","0.0611452","231374"
"2026-03-16T11:37:06","cuda_shared","2048","2048","500","42","10","0","0","0","shared","NVIDIA GeForce RTX 4070","0.0497031","0.0994062","231374"
"2026-03-16T11:37:15","sequential","2048","2048","500","42","11","0","0","0","","","8.32037","16.6407","231374"
"2026-03-16T11:37:31","openmp","2048","2048","500","42","11","0","1","0","","","15.696","31.3921","231374"
"2026-03-16T11:37:39","openmp","2048","2048","500","42","11","0","2","0","","","7.89654","15.7931","231374"
"2026-03-16T11:37:43","openmp","2048","2048","500","42","11","0","4","0","","","4.12856","8.25713","231374"
"2026-03-16T11:37:45","openmp","2048","2048","500","42","11","0","8","0","","","2.51234","5.02468","231374"
"2026-03-16T11:37:47","openmp","2048","2048","500","42","11","0","16","0","","","2.11082","4.22164","231374"
"2026-03-16T11:37:59","mpi","2048","2048","500","42","11","0","0","1","","","11.3446","22.6893","231374"
"2026-03-16T11:38:05","mpi","2048","2048","500","42","11","0","0","2","","","5.6433","11.2866","231374"
"2026-03-16T11:38:08","mpi","2048","2048","500","42","11","0","0","4","","","2.96461","5.92921","231374"
"2026-03-16T11:38:09","mpi","2048","2048","500","42","11","0","0","8","","","1.70639","3.41278","231374"
"2026-03-16T11:38:13","mixed","2048","2048","500","42","11","0","4","2","","","3.49572","6.99145","231374"
"2026-03-16T11:38:16","mixed","2048","2048","500","42","11","0","4","4","","","2.88355","5.7671","231374"
"2026-03-16T11:38:16","cuda_basic","2048","2048","500","42","11","0","0","0","basic","NVIDIA GeForce RTX 4070","0.0309347","0.0618694","231374"
"2026-03-16T11:38:16","cuda_shared","2048","2048","500","42","11","0","0","0","shared","NVIDIA GeForce RTX 4070","0.0498161","0.0996322","231374"
"2026-03-16T11:38:25","sequential","2048","2048","500","123","1","1","0","0","","","8.31745","16.6349","226923"
"2026-03-16T11:38:41","openmp","2048","2048","500","123","1","1","1","0","","","15.6684","31.3368","226923"
"2026-03-16T11:38:48","openmp","2048","2048","500","123","1","1","2","0","","","7.8952","15.7904","226923"
"2026-03-16T11:38:53","openmp","2048","2048","500","123","1","1","4","0","","","4.13718","8.27436","226923"
"2026-03-16T11:38:55","openmp","2048","2048","500","123","1","1","8","0","","","2.63379","5.26757","226923"
"2026-03-16T11:38:58","openmp","2048","2048","500","123","1","1","16","0","","","2.1355","4.27099","226923"
"2026-03-16T11:39:09","mpi","2048","2048","500","123","1","1","0","1","","","11.1426","22.2852","226923"
"2026-03-16T11:39:14","mpi","2048","2048","500","123","1","1","0","2","","","5.60842","11.2168","226923"
"2026-03-16T11:39:18","mpi","2048","2048","500","123","1","1","0","4","","","3.03261","6.06522","226923"
"2026-03-16T11:39:20","mpi","2048","2048","500","123","1","1","0","8","","","2.33201","4.66402","226923"
"2026-03-16T11:39:24","mixed","2048","2048","500","123","1","1","4","2","","","3.42528","6.85055","226923"
"2026-03-16T11:39:27","mixed","2048","2048","500","123","1","1","4","4","","","2.95108","5.90217","226923"
"2026-03-16T11:39:27","cuda_basic","2048","2048","500","123","1","1","0","0","basic","NVIDIA GeForce RTX 4070","0.0302622","0.0605244","226923"
"2026-03-16T11:39:27","cuda_shared","2048","2048","500","123","1","1","0","0","shared","NVIDIA GeForce RTX 4070","0.0491168","0.0982336","226923"
"2026-03-16T11:39:35","sequential","2048","2048","500","123","2","0","0","0","","","8.30448","16.609","226923"
"2026-03-16T11:39:51","openmp","2048","2048","500","123","2","0","1","0","","","15.6706","31.3412","226923"
"2026-03-16T11:39:59","openmp","2048","2048","500","123","2","0","2","0","","","7.91019","15.8204","226923"
"2026-03-16T11:40:03","openmp","2048","2048","500","123","2","0","4","0","","","4.15786","8.31572","226923"
"2026-03-16T11:40:06","openmp","2048","2048","500","123","2","0","8","0","","","2.65028","5.30057","226923"
"2026-03-16T11:40:08","openmp","2048","2048","500","123","2","0","16","0","","","2.16468","4.32936","226923"
"2026-03-16T11:40:19","mpi","2048","2048","500","123","2","0","0","1","","","11.1095","22.219","226923"
"2026-03-16T11:40:25","mpi","2048","2048","500","123","2","0","0","2","","","5.62518","11.2504","226923"
"2026-03-16T11:40:29","mpi","2048","2048","500","123","2","0","0","4","","","3.97059","7.94117","226923"
"2026-03-16T11:40:32","mpi","2048","2048","500","123","2","0","0","8","","","2.48819","4.97638","226923"
"2026-03-16T11:40:35","mixed","2048","2048","500","123","2","0","4","2","","","3.19118","6.38235","226923"
"2026-03-16T11:40:38","mixed","2048","2048","500","123","2","0","4","4","","","2.95906","5.91812","226923"
"2026-03-16T11:40:38","cuda_basic","2048","2048","500","123","2","0","0","0","basic","NVIDIA GeForce RTX 4070","0.0302514","0.0605028","226923"
"2026-03-16T11:40:38","cuda_shared","2048","2048","500","123","2","0","0","0","shared","NVIDIA GeForce RTX 4070","0.0499042","0.0998084","226923"
"2026-03-16T11:40:47","sequential","2048","2048","500","123","3","0","0","0","","","8.31296","16.6259","226923"
"2026-03-16T11:41:03","openmp","2048","2048","500","123","3","0","1","0","","","15.7066","31.4132","226923"
"2026-03-16T11:41:11","openmp","2048","2048","500","123","3","0","2","0","","","7.92995","15.8599","226923"
"2026-03-16T11:41:15","openmp","2048","2048","500","123","3","0","4","0","","","4.13179","8.26358","226923"
"2026-03-16T11:41:17","openmp","2048","2048","500","123","3","0","8","0","","","2.55168","5.10335","226923"
"2026-03-16T11:41:19","openmp","2048","2048","500","123","3","0","16","0","","","2.10893","4.21786","226923"
"2026-03-16T11:41:31","mpi","2048","2048","500","123","3","0","0","1","","","11.1314","22.2628","226923"
"2026-03-16T11:41:36","mpi","2048","2048","500","123","3","0","0","2","","","5.64733","11.2947","226923"
"2026-03-16T11:41:41","mpi","2048","2048","500","123","3","0","0","4","","","4.33835","8.67669","226923"
"2026-03-16T11:41:43","mpi","2048","2048","500","123","3","0","0","8","","","2.38223","4.76446","226923"
"2026-03-16T11:41:47","mixed","2048","2048","500","123","3","0","4","2","","","3.25334","6.50667","226923"
"2026-03-16T11:41:50","mixed","2048","2048","500","123","3","0","4","4","","","2.94237","5.88473","226923"
"2026-03-16T11:41:50","cuda_basic","2048","2048","500","123","3","0","0","0","basic","NVIDIA GeForce RTX 4070","0.0304098","0.0608196","226923"
"2026-03-16T11:41:50","cuda_shared","2048","2048","500","123","3","0","0","0","shared","NVIDIA GeForce RTX 4070","0.048981","0.097962","226923"
"2026-03-16T11:41:59","sequential","2048","2048","500","123","4","0","0","0","","","8.31775","16.6355","226923"
"2026-03-16T11:42:14","openmp","2048","2048","500","123","4","0","1","0","","","15.6948","31.3896","226923"
"2026-03-16T11:42:22","openmp","2048","2048","500","123","4","0","2","0","","","7.92219","15.8444","226923"
"2026-03-16T11:42:26","openmp","2048","2048","500","123","4","0","4","0","","","4.1326","8.26519","226923"
"2026-03-16T11:42:29","openmp","2048","2048","500","123","4","0","8","0","","","2.55759","5.11518","226923"
"2026-03-16T11:42:31","openmp","2048","2048","500","123","4","0","16","0","","","2.24648","4.49296","226923"
"2026-03-16T11:42:43","mpi","2048","2048","500","123","4","0","0","1","","","11.2509","22.5018","226923"
"2026-03-16T11:42:48","mpi","2048","2048","500","123","4","0","0","2","","","5.62295","11.2459","226923"
"2026-03-16T11:42:51","mpi","2048","2048","500","123","4","0","0","4","","","2.9446","5.88919","226923"
"2026-03-16T11:42:54","mpi","2048","2048","500","123","4","0","0","8","","","2.40509","4.81017","226923"
"2026-03-16T11:42:58","mixed","2048","2048","500","123","4","0","4","2","","","3.49226","6.98451","226923"
"2026-03-16T11:43:01","mixed","2048","2048","500","123","4","0","4","4","","","2.95388","5.90775","226923"
"2026-03-16T11:43:01","cuda_basic","2048","2048","500","123","4","0","0","0","basic","NVIDIA GeForce RTX 4070","0.0302812","0.0605624","226923"
"2026-03-16T11:43:01","cuda_shared","2048","2048","500","123","4","0","0","0","shared","NVIDIA GeForce RTX 4070","0.0491863","0.0983726","226923"
"2026-03-16T11:43:09","sequential","2048","2048","500","123","5","0","0","0","","","8.32514","16.6503","226923"
"2026-03-16T11:43:25","openmp","2048","2048","500","123","5","0","1","0","","","15.7184","31.4367","226923"
"2026-03-16T11:43:33","openmp","2048","2048","500","123","5","0","2","0","","","7.9281","15.8562","226923"
"2026-03-16T11:43:37","openmp","2048","2048","500","123","5","0","4","0","","","4.13559","8.27117","226923"
"2026-03-16T11:43:40","openmp","2048","2048","500","123","5","0","8","0","","","2.3916","4.7832","226923"
"2026-03-16T11:43:42","openmp","2048","2048","500","123","5","0","16","0","","","2.12045","4.2409","226923"
"2026-03-16T11:43:53","mpi","2048","2048","500","123","5","0","0","1","","","11.1285","22.257","226923"
"2026-03-16T11:43:59","mpi","2048","2048","500","123","5","0","0","2","","","5.65584","11.3117","226923"
"2026-03-16T11:44:02","mpi","2048","2048","500","123","5","0","0","4","","","3.05122","6.10244","226923"
"2026-03-16T11:44:04","mpi","2048","2048","500","123","5","0","0","8","","","1.68289","3.36578","226923"
"2026-03-16T11:44:07","mixed","2048","2048","500","123","5","0","4","2","","","3.44428","6.88856","226923"
"2026-03-16T11:44:10","mixed","2048","2048","500","123","5","0","4","4","","","2.88104","5.76207","226923"
"2026-03-16T11:44:11","cuda_basic","2048","2048","500","123","5","0","0","0","basic","NVIDIA GeForce RTX 4070","0.0308575","0.061715","226923"
"2026-03-16T11:44:11","cuda_shared","2048","2048","500","123","5","0","0","0","shared","NVIDIA GeForce RTX 4070","0.0481039","0.0962078","226923"
"2026-03-16T11:44:19","sequential","2048","2048","500","123","6","0","0","0","","","8.32079","16.6416","226923"
"2026-03-16T11:44:35","openmp","2048","2048","500","123","6","0","1","0","","","15.6857","31.3715","226923"
"2026-03-16T11:44:43","openmp","2048","2048","500","123","6","0","2","0","","","7.91076","15.8215","226923"
"2026-03-16T11:44:47","openmp","2048","2048","500","123","6","0","4","0","","","4.1254","8.25079","226923"
"2026-03-16T11:44:50","openmp","2048","2048","500","123","6","0","8","0","","","2.54269","5.08538","226923"
"2026-03-16T11:44:52","openmp","2048","2048","500","123","6","0","16","0","","","2.11675","4.2335","226923"
"2026-03-16T11:45:03","mpi","2048","2048","500","123","6","0","0","1","","","11.1303","22.2605","226923"
"2026-03-16T11:45:09","mpi","2048","2048","500","123","6","0","0","2","","","5.63064","11.2613","226923"
"2026-03-16T11:45:12","mpi","2048","2048","500","123","6","0","0","4","","","2.98606","5.97212","226923"
"2026-03-16T11:45:14","mpi","2048","2048","500","123","6","0","0","8","","","2.32652","4.65305","226923"
"2026-03-16T11:45:18","mixed","2048","2048","500","123","6","0","4","2","","","3.32965","6.6593","226923"
"2026-03-16T11:45:21","mixed","2048","2048","500","123","6","0","4","4","","","2.93511","5.87023","226923"
"2026-03-16T11:45:21","cuda_basic","2048","2048","500","123","6","0","0","0","basic","NVIDIA GeForce RTX 4070","0.0301623","0.0603246","226923"
"2026-03-16T11:45:21","cuda_shared","2048","2048","500","123","6","0","0","0","shared","NVIDIA GeForce RTX 4070","0.0490747","0.0981494","226923"
"2026-03-16T11:45:29","sequential","2048","2048","500","123","7","0","0","0","","","8.31829","16.6366","226923"
"2026-03-16T11:45:45","openmp","2048","2048","500","123","7","0","1","0","","","15.7073","31.4146","226923"
"2026-03-16T11:45:53","openmp","2048","2048","500","123","7","0","2","0","","","7.92557","15.8511","226923"
"2026-03-16T11:45:57","openmp","2048","2048","500","123","7","0","4","0","","","4.18924","8.37848","226923"
"2026-03-16T11:46:00","openmp","2048","2048","500","123","7","0","8","0","","","2.55979","5.11958","226923"
"2026-03-16T11:46:02","openmp","2048","2048","500","123","7","0","16","0","","","2.11673","4.23347","226923"
"2026-03-16T11:46:13","mpi","2048","2048","500","123","7","0","0","1","","","11.1205","22.241","226923"
"2026-03-16T11:46:19","mpi","2048","2048","500","123","7","0","0","2","","","5.75604","11.5121","226923"
"2026-03-16T11:46:22","mpi","2048","2048","500","123","7","0","0","4","","","2.95907","5.91814","226923"
"2026-03-16T11:46:25","mpi","2048","2048","500","123","7","0","0","8","","","2.39769","4.79538","226923"
"2026-03-16T11:46:28","mixed","2048","2048","500","123","7","0","4","2","","","3.31022","6.62045","226923"
"2026-03-16T11:46:31","mixed","2048","2048","500","123","7","0","4","4","","","2.93538","5.87077","226923"
"2026-03-16T11:46:31","cuda_basic","2048","2048","500","123","7","0","0","0","basic","NVIDIA GeForce RTX 4070","0.0308487","0.0616974","226923"
"2026-03-16T11:46:32","cuda_shared","2048","2048","500","123","7","0","0","0","shared","NVIDIA GeForce RTX 4070","0.049713","0.099426","226923"
"2026-03-16T11:46:40","sequential","2048","2048","500","123","8","0","0","0","","","8.36203","16.7241","226923"
"2026-03-16T11:46:56","openmp","2048","2048","500","123","8","0","1","0","","","15.7664","31.5327","226923"
"2026-03-16T11:47:04","openmp","2048","2048","500","123","8","0","2","0","","","7.92091","15.8418","226923"
"2026-03-16T11:47:08","openmp","2048","2048","500","123","8","0","4","0","","","4.20184","8.40369","226923"
"2026-03-16T11:47:11","openmp","2048","2048","500","123","8","0","8","0","","","2.58247","5.16494","226923"
"2026-03-16T11:47:13","openmp","2048","2048","500","123","8","0","16","0","","","2.12115","4.24229","226923"
"2026-03-16T11:47:24","mpi","2048","2048","500","123","8","0","0","1","","","11.1244","22.2489","226923"
"2026-03-16T11:47:30","mpi","2048","2048","500","123","8","0","0","2","","","5.74679","11.4936","226923"
"2026-03-16T11:47:34","mpi","2048","2048","500","123","8","0","0","4","","","3.9359","7.8718","226923"
"2026-03-16T11:47:36","mpi","2048","2048","500","123","8","0","0","8","","","1.72723","3.45446","226923"
"2026-03-16T11:47:39","mixed","2048","2048","500","123","8","0","4","2","","","3.40726","6.81451","226923"
"2026-03-16T11:47:42","mixed","2048","2048","500","123","8","0","4","4","","","2.94464","5.88928","226923"
"2026-03-16T11:47:43","cuda_basic","2048","2048","500","123","8","0","0","0","basic","NVIDIA GeForce RTX 4070","0.0307361","0.0614722","226923"
"2026-03-16T11:47:43","cuda_shared","2048","2048","500","123","8","0","0","0","shared","NVIDIA GeForce RTX 4070","0.0497028","0.0994056","226923"
"2026-03-16T11:47:51","sequential","2048","2048","500","123","9","0","0","0","","","8.31981","16.6396","226923"
"2026-03-16T11:48:07","openmp","2048","2048","500","123","9","0","1","0","","","15.6894","31.3789","226923"
"2026-03-16T11:48:15","openmp","2048","2048","500","123","9","0","2","0","","","7.94632","15.8926","226923"
"2026-03-16T11:48:19","openmp","2048","2048","500","123","9","0","4","0","","","4.11005","8.22009","226923"
"2026-03-16T11:48:22","openmp","2048","2048","500","123","9","0","8","0","","","2.49571","4.99143","226923"
"2026-03-16T11:48:24","openmp","2048","2048","500","123","9","0","16","0","","","2.11531","4.23063","226923"
"2026-03-16T11:48:35","mpi","2048","2048","500","123","9","0","0","1","","","11.165","22.33","226923"
"2026-03-16T11:48:41","mpi","2048","2048","500","123","9","0","0","2","","","5.63263","11.2653","226923"
"2026-03-16T11:48:44","mpi","2048","2048","500","123","9","0","0","4","","","2.9716","5.9432","226923"
"2026-03-16T11:48:46","mpi","2048","2048","500","123","9","0","0","8","","","2.49941","4.99881","226923"
"2026-03-16T11:48:50","mixed","2048","2048","500","123","9","0","4","2","","","3.31471","6.62941","226923"
"2026-03-16T11:48:53","mixed","2048","2048","500","123","9","0","4","4","","","2.94501","5.89002","226923"
"2026-03-16T11:48:53","cuda_basic","2048","2048","500","123","9","0","0","0","basic","NVIDIA GeForce RTX 4070","0.0302611","0.0605222","226923"
"2026-03-16T11:48:53","cuda_shared","2048","2048","500","123","9","0","0","0","shared","NVIDIA GeForce RTX 4070","0.0498695","0.099739","226923"
"2026-03-16T11:49:02","sequential","2048","2048","500","123","10","0","0","0","","","8.31663","16.6333","226923"
"2026-03-16T11:49:17","openmp","2048","2048","500","123","10","0","1","0","","","15.7173","31.4346","226923"
"2026-03-16T11:49:25","openmp","2048","2048","500","123","10","0","2","0","","","7.89487","15.7897","226923"
"2026-03-16T11:49:29","openmp","2048","2048","500","123","10","0","4","0","","","4.10811","8.21623","226923"
"2026-03-16T11:49:32","openmp","2048","2048","500","123","10","0","8","0","","","2.53455","5.06911","226923"
"2026-03-16T11:49:34","openmp","2048","2048","500","123","10","0","16","0","","","2.11418","4.22836","226923"
"2026-03-16T11:49:45","mpi","2048","2048","500","123","10","0","0","1","","","11.1326","22.2652","226923"
"2026-03-16T11:49:51","mpi","2048","2048","500","123","10","0","0","2","","","5.61974","11.2395","226923"
"2026-03-16T11:49:54","mpi","2048","2048","500","123","10","0","0","4","","","2.93699","5.87399","226923"
"2026-03-16T11:49:57","mpi","2048","2048","500","123","10","0","0","8","","","2.59746","5.19492","226923"
"2026-03-16T11:50:00","mixed","2048","2048","500","123","10","0","4","2","","","3.39293","6.78586","226923"
"2026-03-16T11:50:03","mixed","2048","2048","500","123","10","0","4","4","","","2.94552","5.89103","226923"
"2026-03-16T11:50:04","cuda_basic","2048","2048","500","123","10","0","0","0","basic","NVIDIA GeForce RTX 4070","0.030886","0.061772","226923"
"2026-03-16T11:50:04","cuda_shared","2048","2048","500","123","10","0","0","0","shared","NVIDIA GeForce RTX 4070","0.0497908","0.0995816","226923"
"2026-03-16T11:50:12","sequential","2048","2048","500","123","11","0","0","0","","","8.3073","16.6146","226923"
"2026-03-16T11:50:28","openmp","2048","2048","500","123","11","0","1","0","","","15.6842","31.3684","226923"
"2026-03-16T11:50:36","openmp","2048","2048","500","123","11","0","2","0","","","7.893","15.786","226923"
"2026-03-16T11:50:40","openmp","2048","2048","500","123","11","0","4","0","","","4.13286","8.26572","226923"
"2026-03-16T11:50:43","openmp","2048","2048","500","123","11","0","8","0","","","2.6854","5.3708","226923"
"2026-03-16T11:50:45","openmp","2048","2048","500","123","11","0","16","0","","","2.10984","4.21968","226923"
"2026-03-16T11:50:56","mpi","2048","2048","500","123","11","0","0","1","","","11.1274","22.2547","226923"
"2026-03-16T11:51:02","mpi","2048","2048","500","123","11","0","0","2","","","5.63148","11.263","226923"
"2026-03-16T11:51:05","mpi","2048","2048","500","123","11","0","0","4","","","2.94338","5.88677","226923"
"2026-03-16T11:51:07","mpi","2048","2048","500","123","11","0","0","8","","","2.37521","4.75042","226923"
"2026-03-16T11:51:11","mixed","2048","2048","500","123","11","0","4","2","","","3.34795","6.69591","226923"
"2026-03-16T11:51:14","mixed","2048","2048","500","123","11","0","4","4","","","2.95654","5.91308","226923"
"2026-03-16T11:51:14","cuda_basic","2048","2048","500","123","11","0","0","0","basic","NVIDIA GeForce RTX 4070","0.0302048","0.0604096","226923"
"2026-03-16T11:51:14","cuda_shared","2048","2048","500","123","11","0","0","0","shared","NVIDIA GeForce RTX 4070","0.0498078","0.0996156","226923"
"2026-03-16T11:51:23","sequential","2048","2048","500","999","1","1","0","0","","","8.30085","16.6017","226216"
"2026-03-16T11:51:38","openmp","2048","2048","500","999","1","1","1","0","","","15.7175","31.435","226216"
"2026-03-16T11:51:46","openmp","2048","2048","500","999","1","1","2","0","","","7.89466","15.7893","226216"
"2026-03-16T11:51:50","openmp","2048","2048","500","999","1","1","4","0","","","4.12698","8.25396","226216"
"2026-03-16T11:51:53","openmp","2048","2048","500","999","1","1","8","0","","","2.55496","5.10992","226216"
"2026-03-16T11:51:55","openmp","2048","2048","500","999","1","1","16","0","","","2.11085","4.22169","226216"
"2026-03-16T11:52:06","mpi","2048","2048","500","999","1","1","0","1","","","11.1041","22.2083","226216"
"2026-03-16T11:52:12","mpi","2048","2048","500","999","1","1","0","2","","","5.61882","11.2376","226216"
"2026-03-16T11:52:17","mpi","2048","2048","500","999","1","1","0","4","","","4.72173","9.44347","226216"
"2026-03-16T11:52:19","mpi","2048","2048","500","999","1","1","0","8","","","1.89496","3.78991","226216"
"2026-03-16T11:52:22","mixed","2048","2048","500","999","1","1","4","2","","","3.34357","6.68714","226216"
"2026-03-16T11:52:25","mixed","2048","2048","500","999","1","1","4","4","","","2.95921","5.91842","226216"
"2026-03-16T11:52:26","cuda_basic","2048","2048","500","999","1","1","0","0","basic","NVIDIA GeForce RTX 4070","0.0302903","0.0605806","226216"
"2026-03-16T11:52:26","cuda_shared","2048","2048","500","999","1","1","0","0","shared","NVIDIA GeForce RTX 4070","0.0492359","0.0984718","226216"
"2026-03-16T11:52:34","sequential","2048","2048","500","999","2","0","0","0","","","8.2978","16.5956","226216"
"2026-03-16T11:52:50","openmp","2048","2048","500","999","2","0","1","0","","","15.7111","31.4222","226216"
"2026-03-16T11:52:58","openmp","2048","2048","500","999","2","0","2","0","","","7.89171","15.7834","226216"
"2026-03-16T11:53:02","openmp","2048","2048","500","999","2","0","4","0","","","4.19024","8.38048","226216"
"2026-03-16T11:53:05","openmp","2048","2048","500","999","2","0","8","0","","","2.53205","5.06411","226216"
"2026-03-16T11:53:07","openmp","2048","2048","500","999","2","0","16","0","","","2.12755","4.2551","226216"
"2026-03-16T11:53:18","mpi","2048","2048","500","999","2","0","0","1","","","11.1533","22.3065","226216"
"2026-03-16T11:53:24","mpi","2048","2048","500","999","2","0","0","2","","","5.60348","11.207","226216"
"2026-03-16T11:53:27","mpi","2048","2048","500","999","2","0","0","4","","","2.96952","5.93903","226216"
"2026-03-16T11:53:29","mpi","2048","2048","500","999","2","0","0","8","","","1.94423","3.88845","226216"
"2026-03-16T11:53:33","mixed","2048","2048","500","999","2","0","4","2","","","3.51445","7.02891","226216"
"2026-03-16T11:53:36","mixed","2048","2048","500","999","2","0","4","4","","","2.91749","5.83499","226216"
"2026-03-16T11:53:36","cuda_basic","2048","2048","500","999","2","0","0","0","basic","NVIDIA GeForce RTX 4070","0.0302913","0.0605826","226216"
"2026-03-16T11:53:36","cuda_shared","2048","2048","500","999","2","0","0","0","shared","NVIDIA GeForce RTX 4070","0.0490708","0.0981416","226216"
"2026-03-16T11:53:44","sequential","2048","2048","500","999","3","0","0","0","","","8.3014","16.6028","226216"
"2026-03-16T11:54:00","openmp","2048","2048","500","999","3","0","1","0","","","15.6649","31.3298","226216"
"2026-03-16T11:54:08","openmp","2048","2048","500","999","3","0","2","0","","","7.90786","15.8157","226216"
"2026-03-16T11:54:12","openmp","2048","2048","500","999","3","0","4","0","","","4.19395","8.3879","226216"
"2026-03-16T11:54:15","openmp","2048","2048","500","999","3","0","8","0","","","2.51867","5.03734","226216"
"2026-03-16T11:54:17","openmp","2048","2048","500","999","3","0","16","0","","","2.11563","4.23127","226216"
"2026-03-16T11:54:28","mpi","2048","2048","500","999","3","0","0","1","","","11.1014","22.2029","226216"
"2026-03-16T11:54:34","mpi","2048","2048","500","999","3","0","0","2","","","5.62692","11.2538","226216"
"2026-03-16T11:54:37","mpi","2048","2048","500","999","3","0","0","4","","","2.98314","5.96627","226216"
"2026-03-16T11:54:39","mpi","2048","2048","500","999","3","0","0","8","","","1.81016","3.62032","226216"
"2026-03-16T11:54:42","mixed","2048","2048","500","999","3","0","4","2","","","3.39629","6.79259","226216"
"2026-03-16T11:54:45","mixed","2048","2048","500","999","3","0","4","4","","","2.88434","5.76869","226216"
"2026-03-16T11:54:46","cuda_basic","2048","2048","500","999","3","0","0","0","basic","NVIDIA GeForce RTX 4070","0.0313824","0.0627648","226216"
"2026-03-16T11:54:46","cuda_shared","2048","2048","500","999","3","0","0","0","shared","NVIDIA GeForce RTX 4070","0.0499365","0.099873","226216"
"2026-03-16T11:54:54","sequential","2048","2048","500","999","4","0","0","0","","","8.30438","16.6088","226216"
"2026-03-16T11:55:10","openmp","2048","2048","500","999","4","0","1","0","","","15.7171","31.4342","226216"
"2026-03-16T11:55:18","openmp","2048","2048","500","999","4","0","2","0","","","7.89929","15.7986","226216"
"2026-03-16T11:55:22","openmp","2048","2048","500","999","4","0","4","0","","","4.22507","8.45014","226216"
"2026-03-16T11:55:25","openmp","2048","2048","500","999","4","0","8","0","","","2.60977","5.21954","226216"
"2026-03-16T11:55:27","openmp","2048","2048","500","999","4","0","16","0","","","2.12958","4.25916","226216"
"2026-03-16T11:55:38","mpi","2048","2048","500","999","4","0","0","1","","","11.1064","22.2129","226216"
"2026-03-16T11:55:44","mpi","2048","2048","500","999","4","0","0","2","","","5.61199","11.224","226216"
"2026-03-16T11:55:47","mpi","2048","2048","500","999","4","0","0","4","","","2.97424","5.94848","226216"
"2026-03-16T11:55:49","mpi","2048","2048","500","999","4","0","0","8","","","1.85191","3.70381","226216"
"2026-03-16T11:55:52","mixed","2048","2048","500","999","4","0","4","2","","","3.50853","7.01705","226216"
"2026-03-16T11:55:55","mixed","2048","2048","500","999","4","0","4","4","","","2.94411","5.88821","226216"
"2026-03-16T11:55:56","cuda_basic","2048","2048","500","999","4","0","0","0","basic","NVIDIA GeForce RTX 4070","0.0309088","0.0618176","226216"
"2026-03-16T11:55:56","cuda_shared","2048","2048","500","999","4","0","0","0","shared","NVIDIA GeForce RTX 4070","0.0501132","0.100226","226216"
"2026-03-16T11:56:04","sequential","2048","2048","500","999","5","0","0","0","","","8.32412","16.6482","226216"
"2026-03-16T11:56:20","openmp","2048","2048","500","999","5","0","1","0","","","15.681","31.3619","226216"
"2026-03-16T11:56:28","openmp","2048","2048","500","999","5","0","2","0","","","7.89954","15.7991","226216"
"2026-03-16T11:56:32","openmp","2048","2048","500","999","5","0","4","0","","","4.12107","8.24214","226216"
"2026-03-16T11:56:35","openmp","2048","2048","500","999","5","0","8","0","","","2.60443","5.20885","226216"
"2026-03-16T11:56:37","openmp","2048","2048","500","999","5","0","16","0","","","2.11656","4.23312","226216"
"2026-03-16T11:56:48","mpi","2048","2048","500","999","5","0","0","1","","","11.1517","22.3033","226216"
"2026-03-16T11:56:54","mpi","2048","2048","500","999","5","0","0","2","","","5.60203","11.2041","226216"
"2026-03-16T11:56:57","mpi","2048","2048","500","999","5","0","0","4","","","2.99104","5.98209","226216"
"2026-03-16T11:56:59","mpi","2048","2048","500","999","5","0","0","8","","","2.32899","4.65797","226216"
"2026-03-16T11:57:03","mixed","2048","2048","500","999","5","0","4","2","","","3.49934","6.99868","226216"
"2026-03-16T11:57:06","mixed","2048","2048","500","999","5","0","4","4","","","2.9676","5.9352","226216"
"2026-03-16T11:57:06","cuda_basic","2048","2048","500","999","5","0","0","0","basic","NVIDIA GeForce RTX 4070","0.0302561","0.0605122","226216"
"2026-03-16T11:57:06","cuda_shared","2048","2048","500","999","5","0","0","0","shared","NVIDIA GeForce RTX 4070","0.049085","0.09817","226216"
"2026-03-16T11:57:15","sequential","2048","2048","500","999","6","0","0","0","","","8.30064","16.6013","226216"
"2026-03-16T11:57:30","openmp","2048","2048","500","999","6","0","1","0","","","15.703","31.406","226216"
"2026-03-16T11:57:38","openmp","2048","2048","500","999","6","0","2","0","","","7.89589","15.7918","226216"
"2026-03-16T11:57:43","openmp","2048","2048","500","999","6","0","4","0","","","4.12871","8.25742","226216"
"2026-03-16T11:57:45","openmp","2048","2048","500","999","6","0","8","0","","","2.60404","5.20808","226216"
"2026-03-16T11:57:47","openmp","2048","2048","500","999","6","0","16","0","","","2.11378","4.22756","226216"
"2026-03-16T11:57:59","mpi","2048","2048","500","999","6","0","0","1","","","11.124","22.2481","226216"
"2026-03-16T11:58:04","mpi","2048","2048","500","999","6","0","0","2","","","5.60824","11.2165","226216"
"2026-03-16T11:58:07","mpi","2048","2048","500","999","6","0","0","4","","","2.95685","5.9137","226216"
"2026-03-16T11:58:10","mpi","2048","2048","500","999","6","0","0","8","","","2.5187","5.03739","226216"
"2026-03-16T11:58:14","mixed","2048","2048","500","999","6","0","4","2","","","3.51047","7.02094","226216"
"2026-03-16T11:58:17","mixed","2048","2048","500","999","6","0","4","4","","","2.96831","5.93663","226216"
"2026-03-16T11:58:17","cuda_basic","2048","2048","500","999","6","0","0","0","basic","NVIDIA GeForce RTX 4070","0.030917","0.061834","226216"
"2026-03-16T11:58:17","cuda_shared","2048","2048","500","999","6","0","0","0","shared","NVIDIA GeForce RTX 4070","0.0490749","0.0981498","226216"
"2026-03-16T11:58:25","sequential","2048","2048","500","999","7","0","0","0","","","8.30124","16.6025","226216"
"2026-03-16T11:58:41","openmp","2048","2048","500","999","7","0","1","0","","","15.7095","31.4191","226216"
"2026-03-16T11:58:49","openmp","2048","2048","500","999","7","0","2","0","","","7.89942","15.7988","226216"
"2026-03-16T11:58:53","openmp","2048","2048","500","999","7","0","4","0","","","4.15004","8.30007","226216"
"2026-03-16T11:58:56","openmp","2048","2048","500","999","7","0","8","0","","","2.55083","5.10167","226216"
"2026-03-16T11:58:58","openmp","2048","2048","500","999","7","0","16","0","","","2.12429","4.24858","226216"
"2026-03-16T11:59:09","mpi","2048","2048","500","999","7","0","0","1","","","11.1617","22.3234","226216"
"2026-03-16T11:59:15","mpi","2048","2048","500","999","7","0","0","2","","","5.60821","11.2164","226216"
"2026-03-16T11:59:18","mpi","2048","2048","500","999","7","0","0","4","","","2.99621","5.99242","226216"
"2026-03-16T11:59:21","mpi","2048","2048","500","999","7","0","0","8","","","2.28905","4.57811","226216"
"2026-03-16T11:59:24","mixed","2048","2048","500","999","7","0","4","2","","","3.32754","6.65507","226216"
"2026-03-16T11:59:27","mixed","2048","2048","500","999","7","0","4","4","","","2.93905","5.87809","226216"
"2026-03-16T11:59:27","cuda_basic","2048","2048","500","999","7","0","0","0","basic","NVIDIA GeForce RTX 4070","0.0307049","0.0614098","226216"
"2026-03-16T11:59:27","cuda_shared","2048","2048","500","999","7","0","0","0","shared","NVIDIA GeForce RTX 4070","0.0496503","0.0993006","226216"
"2026-03-16T11:59:36","sequential","2048","2048","500","999","8","0","0","0","","","8.29968","16.5994","226216"
"2026-03-16T11:59:51","openmp","2048","2048","500","999","8","0","1","0","","","15.6769","31.3538","226216"
"2026-03-16T11:59:59","openmp","2048","2048","500","999","8","0","2","0","","","7.89934","15.7987","226216"
"2026-03-16T12:00:04","openmp","2048","2048","500","999","8","0","4","0","","","4.24879","8.49758","226216"
"2026-03-16T12:00:06","openmp","2048","2048","500","999","8","0","8","0","","","2.67369","5.34738","226216"
"2026-03-16T12:00:09","openmp","2048","2048","500","999","8","0","16","0","","","2.12524","4.25047","226216"
"2026-03-16T12:00:20","mpi","2048","2048","500","999","8","0","0","1","","","11.3782","22.7564","226216"
"2026-03-16T12:00:28","mpi","2048","2048","500","999","8","0","0","2","","","8.14011","16.2802","226216"
"2026-03-16T12:00:31","mpi","2048","2048","500","999","8","0","0","4","","","2.87423","5.74847","226216"
"2026-03-16T12:00:34","mpi","2048","2048","500","999","8","0","0","8","","","2.54535","5.0907","226216"
"2026-03-16T12:00:37","mixed","2048","2048","500","999","8","0","4","2","","","3.42461","6.84922","226216"
"2026-03-16T12:00:40","mixed","2048","2048","500","999","8","0","4","4","","","2.84704","5.69408","226216"
"2026-03-16T12:00:41","cuda_basic","2048","2048","500","999","8","0","0","0","basic","NVIDIA GeForce RTX 4070","0.0294004","0.0588008","226216"
"2026-03-16T12:00:41","cuda_shared","2048","2048","500","999","8","0","0","0","shared","NVIDIA GeForce RTX 4070","0.0478217","0.0956434","226216"
"2026-03-16T12:00:49","sequential","2048","2048","500","999","9","0","0","0","","","8.45602","16.912","226216"
"2026-03-16T12:01:05","openmp","2048","2048","500","999","9","0","1","0","","","16.0178","32.0357","226216"
"2026-03-16T12:01:17","openmp","2048","2048","500","999","9","0","2","0","","","11.3588","22.7177","226216"
"2026-03-16T12:01:22","openmp","2048","2048","500","999","9","0","4","0","","","5.1456","10.2912","226216"
"2026-03-16T12:01:24","openmp","2048","2048","500","999","9","0","8","0","","","2.39023","4.78045","226216"
"2026-03-16T12:01:27","openmp","2048","2048","500","999","9","0","16","0","","","2.09629","4.19259","226216"
"2026-03-16T12:01:38","mpi","2048","2048","500","999","9","0","0","1","","","11.6106","23.2212","226216"
"2026-03-16T12:01:44","mpi","2048","2048","500","999","9","0","0","2","","","5.65817","11.3163","226216"
"2026-03-16T12:01:49","mpi","2048","2048","500","999","9","0","0","4","","","4.87473","9.74946","226216"
"2026-03-16T12:01:51","mpi","2048","2048","500","999","9","0","0","8","","","2.16103","4.32207","226216"
"2026-03-16T12:01:55","mixed","2048","2048","500","999","9","0","4","2","","","3.36215","6.72429","226216"
"2026-03-16T12:01:58","mixed","2048","2048","500","999","9","0","4","4","","","2.94643","5.89286","226216"
"2026-03-16T12:01:58","cuda_basic","2048","2048","500","999","9","0","0","0","basic","NVIDIA GeForce RTX 4070","0.0300116","0.0600232","226216"
"2026-03-16T12:01:58","cuda_shared","2048","2048","500","999","9","0","0","0","shared","NVIDIA GeForce RTX 4070","0.0483001","0.0966002","226216"
"2026-03-16T12:02:07","sequential","2048","2048","500","999","10","0","0","0","","","8.31552","16.631","226216"
"2026-03-16T12:02:22","openmp","2048","2048","500","999","10","0","1","0","","","15.6745","31.3489","226216"
"2026-03-16T12:02:30","openmp","2048","2048","500","999","10","0","2","0","","","7.90119","15.8024","226216"
"2026-03-16T12:02:34","openmp","2048","2048","500","999","10","0","4","0","","","4.17956","8.35911","226216"
"2026-03-16T12:02:37","openmp","2048","2048","500","999","10","0","8","0","","","2.46706","4.93412","226216"
"2026-03-16T12:02:39","openmp","2048","2048","500","999","10","0","16","0","","","2.1187","4.23739","226216"
"2026-03-16T12:02:50","mpi","2048","2048","500","999","10","0","0","1","","","11.1159","22.2317","226216"
"2026-03-16T12:02:56","mpi","2048","2048","500","999","10","0","0","2","","","5.60748","11.215","226216"
"2026-03-16T12:02:59","mpi","2048","2048","500","999","10","0","0","4","","","3.01249","6.02498","226216"
"2026-03-16T12:03:02","mpi","2048","2048","500","999","10","0","0","8","","","2.36177","4.72355","226216"
"2026-03-16T12:03:05","mixed","2048","2048","500","999","10","0","4","2","","","3.30813","6.61626","226216"
"2026-03-16T12:03:08","mixed","2048","2048","500","999","10","0","4","4","","","2.97858","5.95715","226216"
"2026-03-16T12:03:08","cuda_basic","2048","2048","500","999","10","0","0","0","basic","NVIDIA GeForce RTX 4070","0.0295137","0.0590274","226216"
"2026-03-16T12:03:09","cuda_shared","2048","2048","500","999","10","0","0","0","shared","NVIDIA GeForce RTX 4070","0.0497823","0.0995646","226216"
"2026-03-16T12:03:17","sequential","2048","2048","500","999","11","0","0","0","","","8.31991","16.6398","226216"
"2026-03-16T12:03:33","openmp","2048","2048","500","999","11","0","1","0","","","15.6976","31.3951","226216"
"2026-03-16T12:03:41","openmp","2048","2048","500","999","11","0","2","0","","","7.8984","15.7968","226216"
"2026-03-16T12:03:45","openmp","2048","2048","500","999","11","0","4","0","","","4.11568","8.23136","226216"
"2026-03-16T12:03:47","openmp","2048","2048","500","999","11","0","8","0","","","2.65259","5.30518","226216"
"2026-03-16T12:03:50","openmp","2048","2048","500","999","11","0","16","0","","","2.12602","4.25203","226216"
"2026-03-16T12:04:01","mpi","2048","2048","500","999","11","0","0","1","","","11.1369","22.2739","226216"
"2026-03-16T12:04:07","mpi","2048","2048","500","999","11","0","0","2","","","5.61507","11.2301","226216"
"2026-03-16T12:04:10","mpi","2048","2048","500","999","11","0","0","4","","","2.99703","5.99407","226216"
"2026-03-16T12:04:12","mpi","2048","2048","500","999","11","0","0","8","","","2.37253","4.74506","226216"
"2026-03-16T12:04:16","mixed","2048","2048","500","999","11","0","4","2","","","3.47217","6.94434","226216"
"2026-03-16T12:04:19","mixed","2048","2048","500","999","11","0","4","4","","","2.95516","5.91032","226216"
"2026-03-16T12:04:19","cuda_basic","2048","2048","500","999","11","0","0","0","basic","NVIDIA GeForce RTX 4070","0.0299626","0.0599252","226216"
"2026-03-16T12:04:19","cuda_shared","2048","2048","500","999","11","0","0","0","shared","NVIDIA GeForce RTX 4070","0.0490474","0.0980948","226216"
"2026-03-16T12:04:53","sequential","4096","4096","500","42","1","1","0","0","","","33.1307","66.2614","916359"
"2026-03-16T12:05:55","openmp","4096","4096","500","42","1","1","1","0","","","62.5324","125.065","916359"
"2026-03-16T12:06:27","openmp","4096","4096","500","42","1","1","2","0","","","31.5306","63.0613","916359"
"2026-03-16T12:06:44","openmp","4096","4096","500","42","1","1","4","0","","","16.3231","32.6462","916359"
"2026-03-16T12:06:53","openmp","4096","4096","500","42","1","1","8","0","","","9.53864","19.0773","916359"
"2026-03-16T12:07:02","openmp","4096","4096","500","42","1","1","16","0","","","8.57014","17.1403","916359"
"2026-03-16T12:07:47","mpi","4096","4096","500","42","1","1","0","1","","","44.3909","88.7818","916359"
"2026-03-16T12:08:09","mpi","4096","4096","500","42","1","1","0","2","","","22.3454","44.6908","916359"
"2026-03-16T12:08:21","mpi","4096","4096","500","42","1","1","0","4","","","11.8023","23.6047","916359"
"2026-03-16T12:08:28","mpi","4096","4096","500","42","1","1","0","8","","","6.64879","13.2976","916359"
"2026-03-16T12:08:41","mixed","4096","4096","500","42","1","1","4","2","","","12.8102","25.6203","916359"
"2026-03-16T12:08:53","mixed","4096","4096","500","42","1","1","4","4","","","11.5086","23.0172","916359"
"2026-03-16T12:08:53","cuda_basic","4096","4096","500","42","1","1","0","0","basic","NVIDIA GeForce RTX 4070","0.158779","0.317557","916359"
"2026-03-16T12:08:54","cuda_shared","4096","4096","500","42","1","1","0","0","shared","NVIDIA GeForce RTX 4070","0.213223","0.426446","916359"
"2026-03-16T12:09:27","sequential","4096","4096","500","42","2","0","0","0","","","33.1705","66.341","916359"
"2026-03-16T12:10:30","openmp","4096","4096","500","42","2","0","1","0","","","62.5452","125.09","916359"
"2026-03-16T12:11:01","openmp","4096","4096","500","42","2","0","2","0","","","31.5091","63.0182","916359"
"2026-03-16T12:11:18","openmp","4096","4096","500","42","2","0","4","0","","","16.3499","32.6999","916359"
"2026-03-16T12:11:28","openmp","4096","4096","500","42","2","0","8","0","","","9.74551","19.491","916359"
"2026-03-16T12:11:36","openmp","4096","4096","500","42","2","0","16","0","","","8.55205","17.1041","916359"
"2026-03-16T12:12:21","mpi","4096","4096","500","42","2","0","0","1","","","44.4161","88.8323","916359"
"2026-03-16T12:12:44","mpi","4096","4096","500","42","2","0","0","2","","","22.3422","44.6844","916359"
"2026-03-16T12:12:55","mpi","4096","4096","500","42","2","0","0","4","","","11.7467","23.4933","916359"
"2026-03-16T12:13:02","mpi","4096","4096","500","42","2","0","0","8","","","6.82833","13.6567","916359"
"2026-03-16T12:13:15","mixed","4096","4096","500","42","2","0","4","2","","","12.7781","25.5562","916359"
"2026-03-16T12:13:27","mixed","4096","4096","500","42","2","0","4","4","","","11.4696","22.9393","916359"
"2026-03-16T12:13:28","cuda_basic","4096","4096","500","42","2","0","0","0","basic","NVIDIA GeForce RTX 4070","0.158886","0.317773","916359"
"2026-03-16T12:13:28","cuda_shared","4096","4096","500","42","2","0","0","0","shared","NVIDIA GeForce RTX 4070","0.213025","0.426051","916359"
"2026-03-16T12:14:01","sequential","4096","4096","500","42","3","0","0","0","","","33.1473","66.2946","916359"
"2026-03-16T12:15:04","openmp","4096","4096","500","42","3","0","1","0","","","62.5923","125.185","916359"
"2026-03-16T12:15:36","openmp","4096","4096","500","42","3","0","2","0","","","31.5206","63.0413","916359"
"2026-03-16T12:15:52","openmp","4096","4096","500","42","3","0","4","0","","","16.3045","32.609","916359"
"2026-03-16T12:16:02","openmp","4096","4096","500","42","3","0","8","0","","","9.6015","19.203","916359"
"2026-03-16T12:16:11","openmp","4096","4096","500","42","3","0","16","0","","","8.53832","17.0766","916359"
"2026-03-16T12:16:55","mpi","4096","4096","500","42","3","0","0","1","","","44.4313","88.8627","916359"
"2026-03-16T12:17:18","mpi","4096","4096","500","42","3","0","0","2","","","22.3916","44.7833","916359"
"2026-03-16T12:17:30","mpi","4096","4096","500","42","3","0","0","4","","","11.5511","23.1023","916359"
"2026-03-16T12:17:37","mpi","4096","4096","500","42","3","0","0","8","","","6.80577","13.6115","916359"
"2026-03-16T12:17:49","mixed","4096","4096","500","42","3","0","4","2","","","12.6151","25.2302","916359"
"2026-03-16T12:18:01","mixed","4096","4096","500","42","3","0","4","4","","","11.5116","23.0232","916359"
"2026-03-16T12:18:01","cuda_basic","4096","4096","500","42","3","0","0","0","basic","NVIDIA GeForce RTX 4070","0.159012","0.318024","916359"
"2026-03-16T12:18:02","cuda_shared","4096","4096","500","42","3","0","0","0","shared","NVIDIA GeForce RTX 4070","0.212138","0.424276","916359"
"2026-03-16T12:18:35","sequential","4096","4096","500","42","4","0","0","0","","","33.1512","66.3024","916359"
"2026-03-16T12:19:38","openmp","4096","4096","500","42","4","0","1","0","","","62.6392","125.278","916359"
"2026-03-16T12:20:10","openmp","4096","4096","500","42","4","0","2","0","","","31.4894","62.9787","916359"
"2026-03-16T12:20:26","openmp","4096","4096","500","42","4","0","4","0","","","16.1715","32.3431","916359"
"2026-03-16T12:20:36","openmp","4096","4096","500","42","4","0","8","0","","","9.58797","19.1759","916359"
"2026-03-16T12:20:45","openmp","4096","4096","500","42","4","0","16","0","","","8.54352","17.087","916359"
"2026-03-16T12:21:29","mpi","4096","4096","500","42","4","0","0","1","","","44.4434","88.8868","916359"
"2026-03-16T12:21:52","mpi","4096","4096","500","42","4","0","0","2","","","22.3253","44.6506","916359"
"2026-03-16T12:22:03","mpi","4096","4096","500","42","4","0","0","4","","","11.603","23.2061","916359"
"2026-03-16T12:22:10","mpi","4096","4096","500","42","4","0","0","8","","","6.78569","13.5714","916359"
"2026-03-16T12:22:23","mixed","4096","4096","500","42","4","0","4","2","","","12.6628","25.3256","916359"
"2026-03-16T12:22:35","mixed","4096","4096","500","42","4","0","4","4","","","11.4741","22.9483","916359"
"2026-03-16T12:22:35","cuda_basic","4096","4096","500","42","4","0","0","0","basic","NVIDIA GeForce RTX 4070","0.158149","0.316297","916359"
"2026-03-16T12:22:36","cuda_shared","4096","4096","500","42","4","0","0","0","shared","NVIDIA GeForce RTX 4070","0.213212","0.426424","916359"
"2026-03-16T12:23:09","sequential","4096","4096","500","42","5","0","0","0","","","33.1511","66.3022","916359"
"2026-03-16T12:24:12","openmp","4096","4096","500","42","5","0","1","0","","","62.5551","125.11","916359"
"2026-03-16T12:24:43","openmp","4096","4096","500","42","5","0","2","0","","","31.495","62.9899","916359"
"2026-03-16T12:25:00","openmp","4096","4096","500","42","5","0","4","0","","","16.3838","32.7676","916359"
"2026-03-16T12:25:10","openmp","4096","4096","500","42","5","0","8","0","","","9.55084","19.1017","916359"
"2026-03-16T12:25:18","openmp","4096","4096","500","42","5","0","16","0","","","8.54187","17.0837","916359"
"2026-03-16T12:26:03","mpi","4096","4096","500","42","5","0","0","1","","","44.4197","88.8395","916359"
"2026-03-16T12:26:26","mpi","4096","4096","500","42","5","0","0","2","","","22.3884","44.7769","916359"
"2026-03-16T12:26:37","mpi","4096","4096","500","42","5","0","0","4","","","11.5732","23.1463","916359"
"2026-03-16T12:26:44","mpi","4096","4096","500","42","5","0","0","8","","","6.77605","13.5521","916359"
"2026-03-16T12:26:57","mixed","4096","4096","500","42","5","0","4","2","","","12.6923","25.3846","916359"
"2026-03-16T12:27:09","mixed","4096","4096","500","42","5","0","4","4","","","11.5003","23.0005","916359"
"2026-03-16T12:27:09","cuda_basic","4096","4096","500","42","5","0","0","0","basic","NVIDIA GeForce RTX 4070","0.158956","0.317912","916359"
"2026-03-16T12:27:10","cuda_shared","4096","4096","500","42","5","0","0","0","shared","NVIDIA GeForce RTX 4070","0.212885","0.42577","916359"
"2026-03-16T12:27:43","sequential","4096","4096","500","42","6","0","0","0","","","33.1849","66.3698","916359"
"2026-03-16T12:28:46","openmp","4096","4096","500","42","6","0","1","0","","","62.5327","125.065","916359"
"2026-03-16T12:29:17","openmp","4096","4096","500","42","6","0","2","0","","","31.5104","63.0208","916359"
"2026-03-16T12:29:34","openmp","4096","4096","500","42","6","0","4","0","","","16.24","32.4801","916359"
"2026-03-16T12:29:44","openmp","4096","4096","500","42","6","0","8","0","","","9.62386","19.2477","916359"
"2026-03-16T12:29:52","openmp","4096","4096","500","42","6","0","16","0","","","8.53886","17.0777","916359"
"2026-03-16T12:30:37","mpi","4096","4096","500","42","6","0","0","1","","","44.4051","88.8102","916359"
"2026-03-16T12:30:59","mpi","4096","4096","500","42","6","0","0","2","","","22.3496","44.6992","916359"
"2026-03-16T12:31:11","mpi","4096","4096","500","42","6","0","0","4","","","11.5423","23.0846","916359"
"2026-03-16T12:31:18","mpi","4096","4096","500","42","6","0","0","8","","","6.76896","13.5379","916359"
"2026-03-16T12:31:31","mixed","4096","4096","500","42","6","0","4","2","","","12.7336","25.4671","916359"
"2026-03-16T12:31:43","mixed","4096","4096","500","42","6","0","4","4","","","11.5234","23.0469","916359"
"2026-03-16T12:31:43","cuda_basic","4096","4096","500","42","6","0","0","0","basic","NVIDIA GeForce RTX 4070","0.158902","0.317803","916359"
"2026-03-16T12:31:44","cuda_shared","4096","4096","500","42","6","0","0","0","shared","NVIDIA GeForce RTX 4070","0.213315","0.42663","916359"
"2026-03-16T12:32:17","sequential","4096","4096","500","42","7","0","0","0","","","33.1737","66.3474","916359"
"2026-03-16T12:33:20","openmp","4096","4096","500","42","7","0","1","0","","","62.5671","125.134","916359"
"2026-03-16T12:33:51","openmp","4096","4096","500","42","7","0","2","0","","","31.4931","62.9862","916359"
"2026-03-16T12:34:08","openmp","4096","4096","500","42","7","0","4","0","","","16.311","32.622","916359"
"2026-03-16T12:34:18","openmp","4096","4096","500","42","7","0","8","0","","","9.65256","19.3051","916359"
"2026-03-16T12:34:26","openmp","4096","4096","500","42","7","0","16","0","","","8.55363","17.1073","916359"
"2026-03-16T12:35:11","mpi","4096","4096","500","42","7","0","0","1","","","44.6811","89.3622","916359"
"2026-03-16T12:35:34","mpi","4096","4096","500","42","7","0","0","2","","","22.3614","44.7228","916359"
"2026-03-16T12:35:46","mpi","4096","4096","500","42","7","0","0","4","","","11.532","23.064","916359"
"2026-03-16T12:35:52","mpi","4096","4096","500","42","7","0","0","8","","","6.781","13.562","916359"
"2026-03-16T12:36:06","mixed","4096","4096","500","42","7","0","4","2","","","13.2605","26.5211","916359"
"2026-03-16T12:36:18","mixed","4096","4096","500","42","7","0","4","4","","","11.5385","23.077","916359"
"2026-03-16T12:36:18","cuda_basic","4096","4096","500","42","7","0","0","0","basic","NVIDIA GeForce RTX 4070","0.158756","0.317512","916359"
"2026-03-16T12:36:19","cuda_shared","4096","4096","500","42","7","0","0","0","shared","NVIDIA GeForce RTX 4070","0.213033","0.426066","916359"
"2026-03-16T12:36:52","sequential","4096","4096","500","42","8","0","0","0","","","33.1971","66.3943","916359"
"2026-03-16T12:37:55","openmp","4096","4096","500","42","8","0","1","0","","","62.5814","125.163","916359"
"2026-03-16T12:38:26","openmp","4096","4096","500","42","8","0","2","0","","","31.5113","63.0225","916359"
"2026-03-16T12:38:43","openmp","4096","4096","500","42","8","0","4","0","","","16.2817","32.5635","916359"
"2026-03-16T12:38:53","openmp","4096","4096","500","42","8","0","8","0","","","9.60892","19.2178","916359"
"2026-03-16T12:39:01","openmp","4096","4096","500","42","8","0","16","0","","","8.57555","17.1511","916359"
"2026-03-16T12:39:46","mpi","4096","4096","500","42","8","0","0","1","","","44.3764","88.7529","916359"
"2026-03-16T12:40:09","mpi","4096","4096","500","42","8","0","0","2","","","22.4269","44.8538","916359"
"2026-03-16T12:40:20","mpi","4096","4096","500","42","8","0","0","4","","","11.5529","23.1059","916359"
"2026-03-16T12:40:27","mpi","4096","4096","500","42","8","0","0","8","","","6.81326","13.6265","916359"
"2026-03-16T12:40:40","mixed","4096","4096","500","42","8","0","4","2","","","12.7879","25.5757","916359"
"2026-03-16T12:40:52","mixed","4096","4096","500","42","8","0","4","4","","","11.4945","22.9891","916359"
"2026-03-16T12:40:52","cuda_basic","4096","4096","500","42","8","0","0","0","basic","NVIDIA GeForce RTX 4070","0.158689","0.317379","916359"
"2026-03-16T12:40:53","cuda_shared","4096","4096","500","42","8","0","0","0","shared","NVIDIA GeForce RTX 4070","0.215428","0.430857","916359"
"2026-03-16T12:41:26","sequential","4096","4096","500","42","9","0","0","0","","","33.1998","66.3997","916359"
"2026-03-16T12:42:29","openmp","4096","4096","500","42","9","0","1","0","","","62.431","124.862","916359"
"2026-03-16T12:43:00","openmp","4096","4096","500","42","9","0","2","0","","","31.4944","62.9887","916359"
"2026-03-16T12:43:17","openmp","4096","4096","500","42","9","0","4","0","","","16.1481","32.2961","916359"
"2026-03-16T12:43:26","openmp","4096","4096","500","42","9","0","8","0","","","9.17937","18.3587","916359"
"2026-03-16T12:43:35","openmp","4096","4096","500","42","9","0","16","0","","","8.52105","17.0421","916359"
"2026-03-16T12:44:19","mpi","4096","4096","500","42","9","0","0","1","","","44.4179","88.8359","916359"
"2026-03-16T12:44:42","mpi","4096","4096","500","42","9","0","0","2","","","22.3284","44.6567","916359"
"2026-03-16T12:44:54","mpi","4096","4096","500","42","9","0","0","4","","","11.4383","22.8767","916359"
"2026-03-16T12:45:00","mpi","4096","4096","500","42","9","0","0","8","","","6.63761","13.2752","916359"
"2026-03-16T12:45:13","mixed","4096","4096","500","42","9","0","4","2","","","12.1886","24.3772","916359"
"2026-03-16T12:45:24","mixed","4096","4096","500","42","9","0","4","4","","","11.4805","22.9609","916359"
"2026-03-16T12:45:25","cuda_basic","4096","4096","500","42","9","0","0","0","basic","NVIDIA GeForce RTX 4070","0.15686","0.313721","916359"
"2026-03-16T12:45:25","cuda_shared","4096","4096","500","42","9","0","0","0","shared","NVIDIA GeForce RTX 4070","0.211517","0.423034","916359"
"2026-03-16T12:45:59","sequential","4096","4096","500","42","10","0","0","0","","","33.1449","66.2898","916359"
"2026-03-16T12:47:01","openmp","4096","4096","500","42","10","0","1","0","","","62.4907","124.981","916359"
"2026-03-16T12:47:33","openmp","4096","4096","500","42","10","0","2","0","","","31.4997","62.9993","916359"
"2026-03-16T12:47:49","openmp","4096","4096","500","42","10","0","4","0","","","16.1711","32.3422","916359"
"2026-03-16T12:47:59","openmp","4096","4096","500","42","10","0","8","0","","","9.28938","18.5788","916359"
"2026-03-16T12:48:07","openmp","4096","4096","500","42","10","0","16","0","","","8.54998","17.1","916359"
"2026-03-16T12:48:52","mpi","4096","4096","500","42","10","0","0","1","","","44.5135","89.027","916359"
"2026-03-16T12:49:15","mpi","4096","4096","500","42","10","0","0","2","","","22.3542","44.7085","916359"
"2026-03-16T12:49:26","mpi","4096","4096","500","42","10","0","0","4","","","11.4497","22.8995","916359"
"2026-03-16T12:49:33","mpi","4096","4096","500","42","10","0","0","8","","","6.65836","13.3167","916359"
"2026-03-16T12:49:46","mixed","4096","4096","500","42","10","0","4","2","","","12.2827","24.5654","916359"
"2026-03-16T12:49:58","mixed","4096","4096","500","42","10","0","4","4","","","11.9989","23.9978","916359"
"2026-03-16T12:49:58","cuda_basic","4096","4096","500","42","10","0","0","0","basic","NVIDIA GeForce RTX 4070","0.158612","0.317225","916359"
"2026-03-16T12:49:59","cuda_shared","4096","4096","500","42","10","0","0","0","shared","NVIDIA GeForce RTX 4070","0.211885","0.423771","916359"
"2026-03-16T12:50:32","sequential","4096","4096","500","42","11","0","0","0","","","33.1639","66.3278","916359"
"2026-03-16T12:51:35","openmp","4096","4096","500","42","11","0","1","0","","","62.5031","125.006","916359"
"2026-03-16T12:52:06","openmp","4096","4096","500","42","11","0","2","0","","","31.5124","63.0247","916359"
"2026-03-16T12:52:23","openmp","4096","4096","500","42","11","0","4","0","","","16.2542","32.5084","916359"
"2026-03-16T12:52:32","openmp","4096","4096","500","42","11","0","8","0","","","9.57393","19.1479","916359"
"2026-03-16T12:52:41","openmp","4096","4096","500","42","11","0","16","0","","","8.54313","17.0863","916359"
"2026-03-16T12:53:26","mpi","4096","4096","500","42","11","0","0","1","","","44.4523","88.9046","916359"
"2026-03-16T12:53:48","mpi","4096","4096","500","42","11","0","0","2","","","22.3551","44.7102","916359"
"2026-03-16T12:54:00","mpi","4096","4096","500","42","11","0","0","4","","","11.7294","23.4588","916359"
"2026-03-16T12:54:07","mpi","4096","4096","500","42","11","0","0","8","","","6.72153","13.4431","916359"
"2026-03-16T12:54:20","mixed","4096","4096","500","42","11","0","4","2","","","12.7989","25.5977","916359"
"2026-03-16T12:54:32","mixed","4096","4096","500","42","11","0","4","4","","","11.4931","22.9861","916359"
"2026-03-16T12:54:32","cuda_basic","4096","4096","500","42","11","0","0","0","basic","NVIDIA GeForce RTX 4070","0.158955","0.317911","916359"
"2026-03-16T12:54:33","cuda_shared","4096","4096","500","42","11","0","0","0","shared","NVIDIA GeForce RTX 4070","0.212966","0.425931","916359"
"2026-03-16T12:55:06","sequential","4096","4096","500","123","1","1","0","0","","","33.1729","66.3457","916370"
"2026-03-16T12:56:09","openmp","4096","4096","500","123","1","1","1","0","","","62.6094","125.219","916370"
"2026-03-16T12:56:40","openmp","4096","4096","500","123","1","1","2","0","","","31.5037","63.0073","916370"
"2026-03-16T12:56:57","openmp","4096","4096","500","123","1","1","4","0","","","16.3454","32.6908","916370"
"2026-03-16T12:57:07","openmp","4096","4096","500","123","1","1","8","0","","","9.60591","19.2118","916370"
"2026-03-16T12:57:15","openmp","4096","4096","500","123","1","1","16","0","","","8.5423","17.0846","916370"
"2026-03-16T12:58:00","mpi","4096","4096","500","123","1","1","0","1","","","44.4373","88.8746","916370"
"2026-03-16T12:58:23","mpi","4096","4096","500","123","1","1","0","2","","","22.3471","44.6942","916370"
"2026-03-16T12:58:34","mpi","4096","4096","500","123","1","1","0","4","","","11.5539","23.1079","916370"
"2026-03-16T12:58:41","mpi","4096","4096","500","123","1","1","0","8","","","6.82332","13.6466","916370"
"2026-03-16T12:58:54","mixed","4096","4096","500","123","1","1","4","2","","","12.7669","25.5337","916370"
"2026-03-16T12:59:06","mixed","4096","4096","500","123","1","1","4","4","","","11.503","23.006","916370"
"2026-03-16T12:59:06","cuda_basic","4096","4096","500","123","1","1","0","0","basic","NVIDIA GeForce RTX 4070","0.15869","0.31738","916370"
"2026-03-16T12:59:07","cuda_shared","4096","4096","500","123","1","1","0","0","shared","NVIDIA GeForce RTX 4070","0.216587","0.433174","916370"
"2026-03-16T12:59:40","sequential","4096","4096","500","123","2","0","0","0","","","33.2117","66.4234","916370"
"2026-03-16T13:00:43","openmp","4096","4096","500","123","2","0","1","0","","","62.5958","125.192","916370"
"2026-03-16T13:01:15","openmp","4096","4096","500","123","2","0","2","0","","","31.5441","63.0882","916370"
"2026-03-16T13:01:31","openmp","4096","4096","500","123","2","0","4","0","","","16.2864","32.5728","916370"
"2026-03-16T13:01:41","openmp","4096","4096","500","123","2","0","8","0","","","9.71488","19.4298","916370"
"2026-03-16T13:01:50","openmp","4096","4096","500","123","2","0","16","0","","","8.55626","17.1125","916370"
"2026-03-16T13:02:34","mpi","4096","4096","500","123","2","0","0","1","","","44.4742","88.9484","916370"
"2026-03-16T13:02:57","mpi","4096","4096","500","123","2","0","0","2","","","22.364","44.7281","916370"
"2026-03-16T13:03:09","mpi","4096","4096","500","123","2","0","0","4","","","11.5572","23.1143","916370"
"2026-03-16T13:03:16","mpi","4096","4096","500","123","2","0","0","8","","","6.76431","13.5286","916370"
"2026-03-16T13:03:29","mixed","4096","4096","500","123","2","0","4","2","","","12.7598","25.5195","916370"
"2026-03-16T13:03:40","mixed","4096","4096","500","123","2","0","4","4","","","11.5101","23.0202","916370"
"2026-03-16T13:03:41","cuda_basic","4096","4096","500","123","2","0","0","0","basic","NVIDIA GeForce RTX 4070","0.158949","0.317899","916370"
"2026-03-16T13:03:41","cuda_shared","4096","4096","500","123","2","0","0","0","shared","NVIDIA GeForce RTX 4070","0.216605","0.43321","916370"
"2026-03-16T13:04:15","sequential","4096","4096","500","123","3","0","0","0","","","33.1769","66.3538","916370"
"2026-03-16T13:05:17","openmp","4096","4096","500","123","3","0","1","0","","","62.6032","125.206","916370"
"2026-03-16T13:05:49","openmp","4096","4096","500","123","3","0","2","0","","","31.4982","62.9963","916370"
"2026-03-16T13:06:05","openmp","4096","4096","500","123","3","0","4","0","","","16.3049","32.6097","916370"
"2026-03-16T13:06:15","openmp","4096","4096","500","123","3","0","8","0","","","9.70915","19.4183","916370"
"2026-03-16T13:06:24","openmp","4096","4096","500","123","3","0","16","0","","","8.54346","17.0869","916370"
"2026-03-16T13:07:09","mpi","4096","4096","500","123","3","0","0","1","","","44.459","88.918","916370"
"2026-03-16T13:07:31","mpi","4096","4096","500","123","3","0","0","2","","","22.3601","44.7202","916370"
"2026-03-16T13:07:43","mpi","4096","4096","500","123","3","0","0","4","","","11.5481","23.0962","916370"
"2026-03-16T13:07:50","mpi","4096","4096","500","123","3","0","0","8","","","6.64063","13.2813","916370"
"2026-03-16T13:08:03","mixed","4096","4096","500","123","3","0","4","2","","","12.7591","25.5181","916370"
"2026-03-16T13:08:14","mixed","4096","4096","500","123","3","0","4","4","","","11.4913","22.9825","916370"
"2026-03-16T13:08:15","cuda_basic","4096","4096","500","123","3","0","0","0","basic","NVIDIA GeForce RTX 4070","0.158687","0.317374","916370"
"2026-03-16T13:08:15","cuda_shared","4096","4096","500","123","3","0","0","0","shared","NVIDIA GeForce RTX 4070","0.212499","0.424997","916370"
"2026-03-16T13:08:49","sequential","4096","4096","500","123","4","0","0","0","","","33.1662","66.3325","916370"
"2026-03-16T13:09:51","openmp","4096","4096","500","123","4","0","1","0","","","62.6317","125.263","916370"
"2026-03-16T13:10:23","openmp","4096","4096","500","123","4","0","2","0","","","31.521","63.042","916370"
"2026-03-16T13:10:40","openmp","4096","4096","500","123","4","0","4","0","","","16.3354","32.6709","916370"
"2026-03-16T13:10:49","openmp","4096","4096","500","123","4","0","8","0","","","9.33895","18.6779","916370"
"2026-03-16T13:10:58","openmp","4096","4096","500","123","4","0","16","0","","","8.60078","17.2016","916370"
"2026-03-16T13:11:43","mpi","4096","4096","500","123","4","0","0","1","","","44.5755","89.1509","916370"
"2026-03-16T13:12:06","mpi","4096","4096","500","123","4","0","0","2","","","22.8351","45.6702","916370"
"2026-03-16T13:12:17","mpi","4096","4096","500","123","4","0","0","4","","","11.5237","23.0475","916370"
"2026-03-16T13:12:24","mpi","4096","4096","500","123","4","0","0","8","","","6.72105","13.4421","916370"
"2026-03-16T13:12:37","mixed","4096","4096","500","123","4","0","4","2","","","12.7599","25.5198","916370"
"2026-03-16T13:12:49","mixed","4096","4096","500","123","4","0","4","4","","","11.4765","22.953","916370"
"2026-03-16T13:12:49","cuda_basic","4096","4096","500","123","4","0","0","0","basic","NVIDIA GeForce RTX 4070","0.158875","0.31775","916370"
"2026-03-16T13:12:50","cuda_shared","4096","4096","500","123","4","0","0","0","shared","NVIDIA GeForce RTX 4070","0.218414","0.436828","916370"
"2026-03-16T13:13:23","sequential","4096","4096","500","123","5","0","0","0","","","33.2204","66.4408","916370"
"2026-03-16T13:14:26","openmp","4096","4096","500","123","5","0","1","0","","","62.5904","125.181","916370"
"2026-03-16T13:14:58","openmp","4096","4096","500","123","5","0","2","0","","","31.5303","63.0607","916370"
"2026-03-16T13:15:14","openmp","4096","4096","500","123","5","0","4","0","","","16.3363","32.6727","916370"
"2026-03-16T13:15:24","openmp","4096","4096","500","123","5","0","8","0","","","9.57147","19.1429","916370"
"2026-03-16T13:15:33","openmp","4096","4096","500","123","5","0","16","0","","","8.59397","17.1879","916370"
"2026-03-16T13:16:17","mpi","4096","4096","500","123","5","0","0","1","","","44.4438","88.8875","916370"
"2026-03-16T13:16:40","mpi","4096","4096","500","123","5","0","0","2","","","22.3696","44.7392","916370"
"2026-03-16T13:16:52","mpi","4096","4096","500","123","5","0","0","4","","","11.7448","23.4895","916370"
"2026-03-16T13:16:59","mpi","4096","4096","500","123","5","0","0","8","","","6.57839","13.1568","916370"
"2026-03-16T13:17:11","mixed","4096","4096","500","123","5","0","4","2","","","12.6636","25.3272","916370"
"2026-03-16T13:17:23","mixed","4096","4096","500","123","5","0","4","4","","","11.5105","23.021","916370"
"2026-03-16T13:17:24","cuda_basic","4096","4096","500","123","5","0","0","0","basic","NVIDIA GeForce RTX 4070","0.158863","0.317726","916370"
"2026-03-16T13:17:24","cuda_shared","4096","4096","500","123","5","0","0","0","shared","NVIDIA GeForce RTX 4070","0.212664","0.425327","916370"
"2026-03-16T13:17:57","sequential","4096","4096","500","123","6","0","0","0","","","33.1823","66.3646","916370"
"2026-03-16T13:19:00","openmp","4096","4096","500","123","6","0","1","0","","","62.5664","125.133","916370"
"2026-03-16T13:19:32","openmp","4096","4096","500","123","6","0","2","0","","","31.5246","63.0492","916370"
"2026-03-16T13:19:48","openmp","4096","4096","500","123","6","0","4","0","","","16.3028","32.6057","916370"
"2026-03-16T13:19:58","openmp","4096","4096","500","123","6","0","8","0","","","9.40788","18.8158","916370"
"2026-03-16T13:20:07","openmp","4096","4096","500","123","6","0","16","0","","","8.57065","17.1413","916370"
"2026-03-16T13:20:51","mpi","4096","4096","500","123","6","0","0","1","","","44.5126","89.0252","916370"
"2026-03-16T13:21:14","mpi","4096","4096","500","123","6","0","0","2","","","22.8268","45.6535","916370"
"2026-03-16T13:21:26","mpi","4096","4096","500","123","6","0","0","4","","","11.69","23.38","916370"
"2026-03-16T13:21:33","mpi","4096","4096","500","123","6","0","0","8","","","6.64738","13.2948","916370"
"2026-03-16T13:21:45","mixed","4096","4096","500","123","6","0","4","2","","","12.3189","24.6378","916370"
"2026-03-16T13:21:57","mixed","4096","4096","500","123","6","0","4","4","","","11.4819","22.9637","916370"
"2026-03-16T13:21:58","cuda_basic","4096","4096","500","123","6","0","0","0","basic","NVIDIA GeForce RTX 4070","0.156769","0.313538","916370"
"2026-03-16T13:21:58","cuda_shared","4096","4096","500","123","6","0","0","0","shared","NVIDIA GeForce RTX 4070","0.211217","0.422434","916370"
"2026-03-16T13:22:31","sequential","4096","4096","500","123","7","0","0","0","","","33.1195","66.2391","916370"
"2026-03-16T13:23:34","openmp","4096","4096","500","123","7","0","1","0","","","62.666","125.332","916370"
"2026-03-16T13:24:06","openmp","4096","4096","500","123","7","0","2","0","","","31.493","62.986","916370"
"2026-03-16T13:24:22","openmp","4096","4096","500","123","7","0","4","0","","","16.1585","32.317","916370"
"2026-03-16T13:24:31","openmp","4096","4096","500","123","7","0","8","0","","","9.11751","18.235","916370"
"2026-03-16T13:24:40","openmp","4096","4096","500","123","7","0","16","0","","","8.56505","17.1301","916370"
"2026-03-16T13:25:25","mpi","4096","4096","500","123","7","0","0","1","","","44.425","88.8501","916370"
"2026-03-16T13:25:47","mpi","4096","4096","500","123","7","0","0","2","","","22.3528","44.7056","916370"
"2026-03-16T13:25:59","mpi","4096","4096","500","123","7","0","0","4","","","11.479","22.9579","916370"
"2026-03-16T13:26:06","mpi","4096","4096","500","123","7","0","0","8","","","6.57012","13.1402","916370"
"2026-03-16T13:26:18","mixed","4096","4096","500","123","7","0","4","2","","","12.3115","24.623","916370"
"2026-03-16T13:26:30","mixed","4096","4096","500","123","7","0","4","4","","","11.4567","22.9135","916370"
"2026-03-16T13:26:30","cuda_basic","4096","4096","500","123","7","0","0","0","basic","NVIDIA GeForce RTX 4070","0.156809","0.313619","916370"
"2026-03-16T13:26:31","cuda_shared","4096","4096","500","123","7","0","0","0","shared","NVIDIA GeForce RTX 4070","0.211325","0.42265","916370"
"2026-03-16T13:27:04","sequential","4096","4096","500","123","8","0","0","0","","","33.1183","66.2365","916370"
"2026-03-16T13:28:07","openmp","4096","4096","500","123","8","0","1","0","","","62.4221","124.844","916370"
"2026-03-16T13:28:38","openmp","4096","4096","500","123","8","0","2","0","","","31.4895","62.979","916370"
"2026-03-16T13:28:55","openmp","4096","4096","500","123","8","0","4","0","","","16.1846","32.3692","916370"
"2026-03-16T13:29:04","openmp","4096","4096","500","123","8","0","8","0","","","9.18246","18.3649","916370"
"2026-03-16T13:29:13","openmp","4096","4096","500","123","8","0","16","0","","","8.59466","17.1893","916370"
"2026-03-16T13:29:57","mpi","4096","4096","500","123","8","0","0","1","","","44.377","88.754","916370"
"2026-03-16T13:30:20","mpi","4096","4096","500","123","8","0","0","2","","","22.3249","44.6498","916370"
"2026-03-16T13:30:32","mpi","4096","4096","500","123","8","0","0","4","","","11.6559","23.3118","916370"
"2026-03-16T13:30:38","mpi","4096","4096","500","123","8","0","0","8","","","6.55829","13.1166","916370"
"2026-03-16T13:30:51","mixed","4096","4096","500","123","8","0","4","2","","","12.3921","24.7842","916370"
"2026-03-16T13:31:03","mixed","4096","4096","500","123","8","0","4","4","","","11.5394","23.0788","916370"
"2026-03-16T13:31:03","cuda_basic","4096","4096","500","123","8","0","0","0","basic","NVIDIA GeForce RTX 4070","0.15654","0.31308","916370"
"2026-03-16T13:31:03","cuda_shared","4096","4096","500","123","8","0","0","0","shared","NVIDIA GeForce RTX 4070","0.210989","0.421978","916370"
"2026-03-16T13:31:37","sequential","4096","4096","500","123","9","0","0","0","","","33.1589","66.3179","916370"
"2026-03-16T13:32:39","openmp","4096","4096","500","123","9","0","1","0","","","62.4342","124.868","916370"
"2026-03-16T13:33:11","openmp","4096","4096","500","123","9","0","2","0","","","31.4865","62.9729","916370"
"2026-03-16T13:33:27","openmp","4096","4096","500","123","9","0","4","0","","","16.1747","32.3495","916370"
"2026-03-16T13:33:37","openmp","4096","4096","500","123","9","0","8","0","","","9.29122","18.5824","916370"
"2026-03-16T13:33:46","openmp","4096","4096","500","123","9","0","16","0","","","8.53495","17.0699","916370"
"2026-03-16T13:34:30","mpi","4096","4096","500","123","9","0","0","1","","","44.3427","88.6854","916370"
"2026-03-16T13:34:53","mpi","4096","4096","500","123","9","0","0","2","","","22.3431","44.6861","916370"
"2026-03-16T13:35:04","mpi","4096","4096","500","123","9","0","0","4","","","11.4566","22.9132","916370"
"2026-03-16T13:35:11","mpi","4096","4096","500","123","9","0","0","8","","","6.64286","13.2857","916370"
"2026-03-16T13:35:24","mixed","4096","4096","500","123","9","0","4","2","","","12.4753","24.9505","916370"
"2026-03-16T13:35:35","mixed","4096","4096","500","123","9","0","4","4","","","11.4757","22.9514","916370"
"2026-03-16T13:35:36","cuda_basic","4096","4096","500","123","9","0","0","0","basic","NVIDIA GeForce RTX 4070","0.156794","0.313588","916370"
"2026-03-16T13:35:36","cuda_shared","4096","4096","500","123","9","0","0","0","shared","NVIDIA GeForce RTX 4070","0.213533","0.427067","916370"
"2026-03-16T13:36:10","sequential","4096","4096","500","123","10","0","0","0","","","33.1455","66.291","916370"
"2026-03-16T13:37:12","openmp","4096","4096","500","123","10","0","1","0","","","62.463","124.926","916370"
"2026-03-16T13:37:44","openmp","4096","4096","500","123","10","0","2","0","","","31.483","62.9659","916370"
"2026-03-16T13:38:00","openmp","4096","4096","500","123","10","0","4","0","","","16.1565","32.3129","916370"
"2026-03-16T13:38:10","openmp","4096","4096","500","123","10","0","8","0","","","9.18941","18.3788","916370"
"2026-03-16T13:38:18","openmp","4096","4096","500","123","10","0","16","0","","","8.70513","17.4103","916370"
"2026-03-16T13:39:04","mpi","4096","4096","500","123","10","0","0","1","","","45.3459","90.6918","916370"
"2026-03-16T13:39:26","mpi","4096","4096","500","123","10","0","0","2","","","22.351","44.702","916370"
"2026-03-16T13:39:38","mpi","4096","4096","500","123","10","0","0","4","","","11.4467","22.8934","916370"
"2026-03-16T13:39:45","mpi","4096","4096","500","123","10","0","0","8","","","6.66964","13.3393","916370"
"2026-03-16T13:39:58","mixed","4096","4096","500","123","10","0","4","2","","","12.543","25.086","916370"
"2026-03-16T13:40:09","mixed","4096","4096","500","123","10","0","4","4","","","11.5569","23.1139","916370"
"2026-03-16T13:40:10","cuda_basic","4096","4096","500","123","10","0","0","0","basic","NVIDIA GeForce RTX 4070","0.156832","0.313663","916370"
"2026-03-16T13:40:10","cuda_shared","4096","4096","500","123","10","0","0","0","shared","NVIDIA GeForce RTX 4070","0.211237","0.422473","916370"
"2026-03-16T13:40:44","sequential","4096","4096","500","123","11","0","0","0","","","33.132","66.2641","916370"
"2026-03-16T13:41:46","openmp","4096","4096","500","123","11","0","1","0","","","62.5953","125.191","916370"
"2026-03-16T13:42:18","openmp","4096","4096","500","123","11","0","2","0","","","31.5282","63.0565","916370"
"2026-03-16T13:42:34","openmp","4096","4096","500","123","11","0","4","0","","","16.132","32.2641","916370"
"2026-03-16T13:42:44","openmp","4096","4096","500","123","11","0","8","0","","","9.17653","18.3531","916370"
"2026-03-16T13:42:52","openmp","4096","4096","500","123","11","0","16","0","","","8.54184","17.0837","916370"
"2026-03-16T13:43:37","mpi","4096","4096","500","123","11","0","0","1","","","44.3849","88.7699","916370"
"2026-03-16T13:43:59","mpi","4096","4096","500","123","11","0","0","2","","","22.3509","44.7019","916370"
"2026-03-16T13:44:11","mpi","4096","4096","500","123","11","0","0","4","","","11.4905","22.9809","916370"
"2026-03-16T13:44:18","mpi","4096","4096","500","123","11","0","0","8","","","6.66426","13.3285","916370"
"2026-03-16T13:44:33","mixed","4096","4096","500","123","11","0","4","2","","","14.7377","29.4754","916370"
"2026-03-16T13:44:45","mixed","4096","4096","500","123","11","0","4","4","","","11.492","22.984","916370"
"2026-03-16T13:44:45","cuda_basic","4096","4096","500","123","11","0","0","0","basic","NVIDIA GeForce RTX 4070","0.156767","0.313534","916370"
"2026-03-16T13:44:45","cuda_shared","4096","4096","500","123","11","0","0","0","shared","NVIDIA GeForce RTX 4070","0.221458","0.442915","916370"
"2026-03-16T13:45:19","sequential","4096","4096","500","999","1","1","0","0","","","33.1247","66.2494","909293"
"2026-03-16T13:46:22","openmp","4096","4096","500","999","1","1","1","0","","","62.6669","125.334","909293"
"2026-03-16T13:46:53","openmp","4096","4096","500","999","1","1","2","0","","","31.5007","63.0014","909293"
"2026-03-16T13:47:10","openmp","4096","4096","500","999","1","1","4","0","","","16.1641","32.3282","909293"
"2026-03-16T13:47:19","openmp","4096","4096","500","999","1","1","8","0","","","9.11014","18.2203","909293"
"2026-03-16T13:47:28","openmp","4096","4096","500","999","1","1","16","0","","","8.55267","17.1053","909293"
"2026-03-16T13:48:12","mpi","4096","4096","500","999","1","1","0","1","","","44.3592","88.7185","909293"
"2026-03-16T13:48:35","mpi","4096","4096","500","999","1","1","0","2","","","22.3851","44.7701","909293"
"2026-03-16T13:48:46","mpi","4096","4096","500","999","1","1","0","4","","","11.4735","22.9471","909293"
"2026-03-16T13:48:53","mpi","4096","4096","500","999","1","1","0","8","","","6.56721","13.1344","909293"
"2026-03-16T13:49:06","mixed","4096","4096","500","999","1","1","4","2","","","12.3458","24.6917","909293"
"2026-03-16T13:49:17","mixed","4096","4096","500","999","1","1","4","4","","","11.5013","23.0026","909293"
"2026-03-16T13:49:18","cuda_basic","4096","4096","500","999","1","1","0","0","basic","NVIDIA GeForce RTX 4070","0.156767","0.313533","909293"
"2026-03-16T13:49:18","cuda_shared","4096","4096","500","999","1","1","0","0","shared","NVIDIA GeForce RTX 4070","0.211796","0.423591","909293"
"2026-03-16T13:49:52","sequential","4096","4096","500","999","2","0","0","0","","","33.1946","66.3893","909293"
"2026-03-16T13:50:54","openmp","4096","4096","500","999","2","0","1","0","","","62.5554","125.111","909293"
"2026-03-16T13:51:26","openmp","4096","4096","500","999","2","0","2","0","","","31.5218","63.0436","909293"
"2026-03-16T13:51:42","openmp","4096","4096","500","999","2","0","4","0","","","16.1438","32.2876","909293"
"2026-03-16T13:51:52","openmp","4096","4096","500","999","2","0","8","0","","","9.26371","18.5274","909293"
"2026-03-16T13:52:00","openmp","4096","4096","500","999","2","0","16","0","","","8.559","17.118","909293"
"2026-03-16T13:52:46","mpi","4096","4096","500","999","2","0","0","1","","","45.3668","90.7337","909293"
"2026-03-16T13:53:08","mpi","4096","4096","500","999","2","0","0","2","","","22.3675","44.7349","909293"
"2026-03-16T13:53:20","mpi","4096","4096","500","999","2","0","0","4","","","11.4808","22.9615","909293"
"2026-03-16T13:53:27","mpi","4096","4096","500","999","2","0","0","8","","","6.5783","13.1566","909293"
"2026-03-16T13:53:39","mixed","4096","4096","500","999","2","0","4","2","","","12.3713","24.7426","909293"
"2026-03-16T13:53:51","mixed","4096","4096","500","999","2","0","4","4","","","11.488","22.9759","909293"
"2026-03-16T13:53:52","cuda_basic","4096","4096","500","999","2","0","0","0","basic","NVIDIA GeForce RTX 4070","0.156872","0.313744","909293"
"2026-03-16T13:53:52","cuda_shared","4096","4096","500","999","2","0","0","0","shared","NVIDIA GeForce RTX 4070","0.211805","0.423609","909293"
"2026-03-16T13:54:25","sequential","4096","4096","500","999","3","0","0","0","","","33.1519","66.3038","909293"
"2026-03-16T13:55:28","openmp","4096","4096","500","999","3","0","1","0","","","62.5154","125.031","909293"
"2026-03-16T13:56:00","openmp","4096","4096","500","999","3","0","2","0","","","31.5067","63.0134","909293"
"2026-03-16T13:56:16","openmp","4096","4096","500","999","3","0","4","0","","","16.1152","32.2305","909293"
"2026-03-16T13:56:25","openmp","4096","4096","500","999","3","0","8","0","","","9.14179","18.2836","909293"
"2026-03-16T13:56:34","openmp","4096","4096","500","999","3","0","16","0","","","8.56688","17.1338","909293"
"2026-03-16T13:57:19","mpi","4096","4096","500","999","3","0","0","1","","","44.3872","88.7744","909293"
"2026-03-16T13:57:41","mpi","4096","4096","500","999","3","0","0","2","","","22.3837","44.7674","909293"
"2026-03-16T13:57:53","mpi","4096","4096","500","999","3","0","0","4","","","11.4569","22.9138","909293"
"2026-03-16T13:57:59","mpi","4096","4096","500","999","3","0","0","8","","","6.55121","13.1024","909293"
"2026-03-16T13:58:12","mixed","4096","4096","500","999","3","0","4","2","","","12.2288","24.4577","909293"
"2026-03-16T13:58:24","mixed","4096","4096","500","999","3","0","4","4","","","11.4748","22.9496","909293"
"2026-03-16T13:58:24","cuda_basic","4096","4096","500","999","3","0","0","0","basic","NVIDIA GeForce RTX 4070","0.156795","0.31359","909293"
"2026-03-16T13:58:24","cuda_shared","4096","4096","500","999","3","0","0","0","shared","NVIDIA GeForce RTX 4070","0.211769","0.423539","909293"
"2026-03-16T13:58:58","sequential","4096","4096","500","999","4","0","0","0","","","33.1587","66.3174","909293"
"2026-03-16T14:00:01","openmp","4096","4096","500","999","4","0","1","0","","","62.5886","125.177","909293"
"2026-03-16T14:00:32","openmp","4096","4096","500","999","4","0","2","0","","","31.492","62.9839","909293"
"2026-03-16T14:00:49","openmp","4096","4096","500","999","4","0","4","0","","","16.163","32.326","909293"
"2026-03-16T14:00:58","openmp","4096","4096","500","999","4","0","8","0","","","9.22632","18.4526","909293"
"2026-03-16T14:01:07","openmp","4096","4096","500","999","4","0","16","0","","","8.57873","17.1575","909293"
"2026-03-16T14:01:51","mpi","4096","4096","500","999","4","0","0","1","","","44.4359","88.8718","909293"
"2026-03-16T14:02:14","mpi","4096","4096","500","999","4","0","0","2","","","22.3312","44.6624","909293"
"2026-03-16T14:02:26","mpi","4096","4096","500","999","4","0","0","4","","","11.6491","23.2982","909293"
"2026-03-16T14:02:32","mpi","4096","4096","500","999","4","0","0","8","","","6.55552","13.111","909293"
"2026-03-16T14:02:45","mixed","4096","4096","500","999","4","0","4","2","","","12.262","24.5239","909293"
"2026-03-16T14:02:56","mixed","4096","4096","500","999","4","0","4","4","","","11.4661","22.9321","909293"
"2026-03-16T14:02:57","cuda_basic","4096","4096","500","999","4","0","0","0","basic","NVIDIA GeForce RTX 4070","0.157233","0.314467","909293"
"2026-03-16T14:02:57","cuda_shared","4096","4096","500","999","4","0","0","0","shared","NVIDIA GeForce RTX 4070","0.211644","0.423287","909293"
"2026-03-16T14:03:31","sequential","4096","4096","500","999","5","0","0","0","","","33.178","66.3559","909293"
"2026-03-16T14:04:33","openmp","4096","4096","500","999","5","0","1","0","","","62.6018","125.204","909293"
"2026-03-16T14:05:05","openmp","4096","4096","500","999","5","0","2","0","","","31.4963","62.9926","909293"
"2026-03-16T14:05:21","openmp","4096","4096","500","999","5","0","4","0","","","16.0953","32.1905","909293"
"2026-03-16T14:05:31","openmp","4096","4096","500","999","5","0","8","0","","","9.30722","18.6144","909293"
"2026-03-16T14:05:40","openmp","4096","4096","500","999","5","0","16","0","","","8.52712","17.0542","909293"
"2026-03-16T14:06:24","mpi","4096","4096","500","999","5","0","0","1","","","44.4172","88.8343","909293"
"2026-03-16T14:06:47","mpi","4096","4096","500","999","5","0","0","2","","","22.343","44.6861","909293"
"2026-03-16T14:06:58","mpi","4096","4096","500","999","5","0","0","4","","","11.4088","22.8175","909293"
"2026-03-16T14:07:05","mpi","4096","4096","500","999","5","0","0","8","","","6.59352","13.187","909293"
"2026-03-16T14:07:18","mixed","4096","4096","500","999","5","0","4","2","","","12.3691","24.7382","909293"
"2026-03-16T14:07:29","mixed","4096","4096","500","999","5","0","4","4","","","11.4734","22.9468","909293"
"2026-03-16T14:07:30","cuda_basic","4096","4096","500","999","5","0","0","0","basic","NVIDIA GeForce RTX 4070","0.156812","0.313625","909293"
"2026-03-16T14:07:30","cuda_shared","4096","4096","500","999","5","0","0","0","shared","NVIDIA GeForce RTX 4070","0.211181","0.422362","909293"
"2026-03-16T14:08:03","sequential","4096","4096","500","999","6","0","0","0","","","33.2393","66.4786","909293"
"2026-03-16T14:09:06","openmp","4096","4096","500","999","6","0","1","0","","","62.6433","125.287","909293"
"2026-03-16T14:09:38","openmp","4096","4096","500","999","6","0","2","0","","","31.5005","63.0009","909293"
"2026-03-16T14:09:54","openmp","4096","4096","500","999","6","0","4","0","","","16.2617","32.5234","909293"
"2026-03-16T14:10:04","openmp","4096","4096","500","999","6","0","8","0","","","9.80347","19.6069","909293"
"2026-03-16T14:10:13","openmp","4096","4096","500","999","6","0","16","0","","","8.57037","17.1407","909293"
"2026-03-16T14:10:58","mpi","4096","4096","500","999","6","0","0","1","","","44.4584","88.9168","909293"
"2026-03-16T14:11:20","mpi","4096","4096","500","999","6","0","0","2","","","22.3488","44.6976","909293"
"2026-03-16T14:11:32","mpi","4096","4096","500","999","6","0","0","4","","","11.6184","23.2369","909293"
"2026-03-16T14:11:40","mpi","4096","4096","500","999","6","0","0","8","","","7.60369","15.2074","909293"
"2026-03-16T14:11:54","mixed","4096","4096","500","999","6","0","4","2","","","13.8721","27.7442","909293"
"2026-03-16T14:12:06","mixed","4096","4096","500","999","6","0","4","4","","","11.5221","23.0442","909293"
"2026-03-16T14:12:06","cuda_basic","4096","4096","500","999","6","0","0","0","basic","NVIDIA GeForce RTX 4070","0.15829","0.316581","909293"
"2026-03-16T14:12:06","cuda_shared","4096","4096","500","999","6","0","0","0","shared","NVIDIA GeForce RTX 4070","0.213035","0.42607","909293"
"2026-03-16T14:12:40","sequential","4096","4096","500","999","7","0","0","0","","","33.2155","66.431","909293"
"2026-03-16T14:13:43","openmp","4096","4096","500","999","7","0","1","0","","","62.5736","125.147","909293"
"2026-03-16T14:14:14","openmp","4096","4096","500","999","7","0","2","0","","","31.5174","63.0347","909293"
"2026-03-16T14:14:31","openmp","4096","4096","500","999","7","0","4","0","","","16.3363","32.6726","909293"
"2026-03-16T14:14:41","openmp","4096","4096","500","999","7","0","8","0","","","9.71459","19.4292","909293"
"2026-03-16T14:14:49","openmp","4096","4096","500","999","7","0","16","0","","","8.5683","17.1366","909293"
"2026-03-16T14:15:34","mpi","4096","4096","500","999","7","0","0","1","","","44.4744","88.9488","909293"
"2026-03-16T14:15:57","mpi","4096","4096","500","999","7","0","0","2","","","22.3586","44.7171","909293"
"2026-03-16T14:16:08","mpi","4096","4096","500","999","7","0","0","4","","","11.59","23.18","909293"
"2026-03-16T14:16:15","mpi","4096","4096","500","999","7","0","0","8","","","6.74825","13.4965","909293"
"2026-03-16T14:16:28","mixed","4096","4096","500","999","7","0","4","2","","","12.7404","25.4807","909293"
"2026-03-16T14:16:40","mixed","4096","4096","500","999","7","0","4","4","","","11.4978","22.9956","909293"
"2026-03-16T14:16:40","cuda_basic","4096","4096","500","999","7","0","0","0","basic","NVIDIA GeForce RTX 4070","0.158904","0.317808","909293"
"2026-03-16T14:16:41","cuda_shared","4096","4096","500","999","7","0","0","0","shared","NVIDIA GeForce RTX 4070","0.211936","0.423871","909293"
"2026-03-16T14:17:14","sequential","4096","4096","500","999","8","0","0","0","","","33.2059","66.4118","909293"
"2026-03-16T14:18:17","openmp","4096","4096","500","999","8","0","1","0","","","62.5993","125.199","909293"
"2026-03-16T14:18:49","openmp","4096","4096","500","999","8","0","2","0","","","31.5044","63.0088","909293"
"2026-03-16T14:19:05","openmp","4096","4096","500","999","8","0","4","0","","","16.3693","32.7386","909293"
"2026-03-16T14:19:15","openmp","4096","4096","500","999","8","0","8","0","","","9.4127","18.8254","909293"
"2026-03-16T14:19:23","openmp","4096","4096","500","999","8","0","16","0","","","8.54164","17.0833","909293"
"2026-03-16T14:20:08","mpi","4096","4096","500","999","8","0","0","1","","","44.468","88.936","909293"
"2026-03-16T14:20:31","mpi","4096","4096","500","999","8","0","0","2","","","22.3511","44.7022","909293"
"2026-03-16T14:20:42","mpi","4096","4096","500","999","8","0","0","4","","","11.6621","23.3243","909293"
"2026-03-16T14:20:49","mpi","4096","4096","500","999","8","0","0","8","","","6.65279","13.3056","909293"
"2026-03-16T14:21:02","mixed","4096","4096","500","999","8","0","4","2","","","12.6623","25.3246","909293"
"2026-03-16T14:21:14","mixed","4096","4096","500","999","8","0","4","4","","","11.6684","23.3368","909293"
"2026-03-16T14:21:14","cuda_basic","4096","4096","500","999","8","0","0","0","basic","NVIDIA GeForce RTX 4070","0.158717","0.317434","909293"
"2026-03-16T14:21:15","cuda_shared","4096","4096","500","999","8","0","0","0","shared","NVIDIA GeForce RTX 4070","0.212646","0.425292","909293"
"2026-03-16T14:21:48","sequential","4096","4096","500","999","9","0","0","0","","","33.2234","66.4468","909293"
"2026-03-16T14:22:51","openmp","4096","4096","500","999","9","0","1","0","","","62.7257","125.451","909293"
"2026-03-16T14:23:23","openmp","4096","4096","500","999","9","0","2","0","","","31.5151","63.0302","909293"
"2026-03-16T14:23:39","openmp","4096","4096","500","999","9","0","4","0","","","16.3231","32.6461","909293"
"2026-03-16T14:23:49","openmp","4096","4096","500","999","9","0","8","0","","","9.63163","19.2633","909293"
"2026-03-16T14:23:58","openmp","4096","4096","500","999","9","0","16","0","","","8.5687","17.1374","909293"
"2026-03-16T14:24:43","mpi","4096","4096","500","999","9","0","0","1","","","44.4404","88.8808","909293"
"2026-03-16T14:25:05","mpi","4096","4096","500","999","9","0","0","2","","","22.4221","44.8442","909293"
"2026-03-16T14:25:17","mpi","4096","4096","500","999","9","0","0","4","","","11.5859","23.1718","909293"
"2026-03-16T14:25:24","mpi","4096","4096","500","999","9","0","0","8","","","6.67319","13.3464","909293"
"2026-03-16T14:25:37","mixed","4096","4096","500","999","9","0","4","2","","","12.9892","25.9784","909293"
"2026-03-16T14:25:49","mixed","4096","4096","500","999","9","0","4","4","","","11.5141","23.0283","909293"
"2026-03-16T14:25:49","cuda_basic","4096","4096","500","999","9","0","0","0","basic","NVIDIA GeForce RTX 4070","0.15872","0.31744","909293"
"2026-03-16T14:25:49","cuda_shared","4096","4096","500","999","9","0","0","0","shared","NVIDIA GeForce RTX 4070","0.211782","0.423564","909293"
"2026-03-16T14:26:23","sequential","4096","4096","500","999","10","0","0","0","","","33.226","66.452","909293"
"2026-03-16T14:27:26","openmp","4096","4096","500","999","10","0","1","0","","","62.5244","125.049","909293"
"2026-03-16T14:27:57","openmp","4096","4096","500","999","10","0","2","0","","","31.5056","63.0111","909293"
"2026-03-16T14:28:14","openmp","4096","4096","500","999","10","0","4","0","","","16.2613","32.5226","909293"
"2026-03-16T14:28:23","openmp","4096","4096","500","999","10","0","8","0","","","9.56747","19.1349","909293"
"2026-03-16T14:28:32","openmp","4096","4096","500","999","10","0","16","0","","","8.5289","17.0578","909293"
"2026-03-16T14:29:17","mpi","4096","4096","500","999","10","0","0","1","","","44.4751","88.9502","909293"
"2026-03-16T14:29:39","mpi","4096","4096","500","999","10","0","0","2","","","22.4097","44.8194","909293"
"2026-03-16T14:29:51","mpi","4096","4096","500","999","10","0","0","4","","","11.6365","23.273","909293"
"2026-03-16T14:29:58","mpi","4096","4096","500","999","10","0","0","8","","","6.78011","13.5602","909293"
"2026-03-16T14:30:11","mixed","4096","4096","500","999","10","0","4","2","","","12.79","25.58","909293"
"2026-03-16T14:30:23","mixed","4096","4096","500","999","10","0","4","4","","","11.5144","23.0289","909293"
"2026-03-16T14:30:23","cuda_basic","4096","4096","500","999","10","0","0","0","basic","NVIDIA GeForce RTX 4070","0.158441","0.316883","909293"
"2026-03-16T14:30:24","cuda_shared","4096","4096","500","999","10","0","0","0","shared","NVIDIA GeForce RTX 4070","0.213297","0.426593","909293"
"2026-03-16T14:30:57","sequential","4096","4096","500","999","11","0","0","0","","","33.2063","66.4126","909293"
"2026-03-16T14:32:00","openmp","4096","4096","500","999","11","0","1","0","","","62.6885","125.377","909293"
"2026-03-16T14:32:32","openmp","4096","4096","500","999","11","0","2","0","","","31.5068","63.0136","909293"
"2026-03-16T14:32:48","openmp","4096","4096","500","999","11","0","4","0","","","16.2605","32.5211","909293"
"2026-03-16T14:32:58","openmp","4096","4096","500","999","11","0","8","0","","","9.50779","19.0156","909293"
"2026-03-16T14:33:06","openmp","4096","4096","500","999","11","0","16","0","","","8.55089","17.1018","909293"
"2026-03-16T14:33:51","mpi","4096","4096","500","999","11","0","0","1","","","44.465","88.9301","909293"
"2026-03-16T14:34:14","mpi","4096","4096","500","999","11","0","0","2","","","22.353","44.706","909293"
"2026-03-16T14:34:25","mpi","4096","4096","500","999","11","0","0","4","","","11.768","23.536","909293"
"2026-03-16T14:34:32","mpi","4096","4096","500","999","11","0","0","8","","","6.77921","13.5584","909293"
"2026-03-16T14:34:45","mixed","4096","4096","500","999","11","0","4","2","","","12.856","25.7119","909293"
"2026-03-16T14:34:57","mixed","4096","4096","500","999","11","0","4","4","","","11.5144","23.0289","909293"
"2026-03-16T14:34:58","cuda_basic","4096","4096","500","999","11","0","0","0","basic","NVIDIA GeForce RTX 4070","0.158449","0.316898","909293"
"2026-03-16T14:34:58","cuda_shared","4096","4096","500","999","11","0","0","0","shared","NVIDIA GeForce RTX 4070","0.212661","0.425321","909293"
