timestamp,cpu_total_pct,mem_avail_mb,gpu_util_pct,gpu_mem_util_pct,gpu_mem_used_mb,gpu_mem_total_mb,gpu_power_w,gpu_temp_c,gpu_clock_graphics_mhz,gpu_clock_sm_mhz
"2026-03-16T16:20:09.5621841-03:00","2,51858667453811","23253","1","0","791","12282","25.29","40","2490","2490"
"2026-03-16T16:20:12.4940824-03:00","6,70284227944217","23250","0","2","791","12282","5.73","39","300","300"
"2026-03-16T16:20:15.0401878-03:00","8,25342916938823","23250","0","11","791","12282","4.96","39","210","210"
"2026-03-16T16:20:17.5922685-03:00","5,90847073836038","23247","0","3","791","12282","4.85","39","210","210"
"2026-03-16T16:20:20.1420837-03:00","7,41417457145549","23248","0","3","791","12282","4.83","39","210","210"
"2026-03-16T16:20:22.6930484-03:00","7,76050782341388","23255","0","3","791","12282","4.72","39","210","210"
"2026-03-16T16:20:25.2439695-03:00","7,42688126931532","23253","0","3","791","12282","4.78","39","210","210"
"2026-03-16T16:20:27.7939749-03:00","7,46205175780668","23336","0","3","791","12282","4.69","39","210","210"
"2026-03-16T16:20:30.3424918-03:00","7,62282609450887","23334","0","3","791","12282","4.75","39","210","210"
"2026-03-16T16:20:32.8932267-03:00","7,35286404109697","23371","0","3","791","12282","4.81","39","210","210"
"2026-03-16T16:20:35.4410152-03:00","6,34661932905715","23369","0","4","791","12282","4.79","39","210","210"
"2026-03-16T16:20:37.9940577-03:00","7,50624638687442","23371","0","3","791","12282","4.72","39","210","210"
"2026-03-16T16:20:40.5459959-03:00","7,71598813960296","23371","0","3","791","12282","4.76","39","210","210"
"2026-03-16T16:20:43.0971759-03:00","6,98609812110653","23368","0","5","789","12282","4.71","39","210","210"
"2026-03-16T16:20:45.6456762-03:00","7,0303316146258","23368","0","3","790","12282","4.91","39","210","210"
"2026-03-16T16:20:48.1971352-03:00","7,87701319462434","23369","0","3","788","12282","4.77","39","210","210"
"2026-03-16T16:20:50.7454520-03:00","9,15966710586389","23367","0","3","788","12282","4.77","39","210","210"
"2026-03-16T16:20:53.2951493-03:00","8,01160329438273","23371","0","3","788","12282","4.74","39","210","210"
"2026-03-16T16:20:55.8445992-03:00","7,27593818195253","23369","0","3","788","12282","4.73","39","210","210"
"2026-03-16T16:20:58.3982128-03:00","7,64787144384005","23368","0","3","788","12282","4.71","39","210","210"
"2026-03-16T16:21:00.9496946-03:00","7,93325911100298","23368","0","3","788","12282","4.73","39","210","210"
"2026-03-16T16:21:03.4985437-03:00","8,04530853485939","23369","0","3","788","12282","4.90","39","210","210"
"2026-03-16T16:21:06.0465611-03:00","7,5725864857089","23368","0","5","788","12282","4.69","39","210","210"
"2026-03-16T16:21:08.5973393-03:00","7,327961448507","23368","0","3","788","12282","4.75","39","210","210"
"2026-03-16T16:21:11.1467524-03:00","7,55095547443726","23369","0","5","788","12282","4.75","39","210","210"
"2026-03-16T16:21:13.6978271-03:00","8,0952854651465","23368","0","3","788","12282","4.74","39","210","210"
"2026-03-16T16:21:16.2476900-03:00","8,1484136496572","23368","0","5","788","12282","4.75","39","210","210"
"2026-03-16T16:21:18.7950330-03:00","7,71116038925635","23369","0","4","788","12282","4.71","39","210","210"
"2026-03-16T16:21:21.3468036-03:00","12,5414623275264","23351","0","3","788","12282","4.68","39","210","210"
"2026-03-16T16:21:23.9048566-03:00","12,8825347941914","23327","0","3","788","12282","4.69","39","210","210"
"2026-03-16T16:21:26.4662240-03:00","13,1357248431162","23335","0","3","788","12282","4.70","39","210","210"
"2026-03-16T16:21:29.0304577-03:00","8,39013739535014","23331","0","3","788","12282","4.67","39","210","210"
"2026-03-16T16:21:31.5893961-03:00","16,8979637879435","23303","0","3","788","12282","4.68","39","210","210"
"2026-03-16T16:21:34.1598840-03:00","11,1388499390292","23292","0","3","788","12282","4.70","39","210","210"
"2026-03-16T16:21:36.7124624-03:00","7,25081687577428","23292","0","3","788","12282","4.68","39","210","210"
"2026-03-16T16:21:39.2609198-03:00","7,98374649698288","23291","0","3","788","12282","4.69","39","210","210"
"2026-03-16T16:21:41.8087860-03:00","7,75257327666182","23290","0","3","788","12282","4.63","39","210","210"
"2026-03-16T16:21:44.3554815-03:00","7,62930407079364","23290","0","3","788","12282","4.66","39","210","210"
"2026-03-16T16:21:46.9049943-03:00","8,46241684043293","23295","0","2","790","12282","4.68","39","210","210"
"2026-03-16T16:21:49.4616129-03:00","14,1142395120711","23287","0","3","789","12282","4.77","39","210","210"
"2026-03-16T16:21:52.0205267-03:00","16,2760178981978","23284","0","3","789","12282","4.62","39","210","210"
"2026-03-16T16:21:54.5832726-03:00","13,2024571098698","23262","0","3","789","12282","4.63","39","210","210"
"2026-03-16T16:21:57.1378144-03:00","18,7140386305824","23253","0","3","789","12282","4.72","39","210","210"
"2026-03-16T16:21:59.6995001-03:00","20,1235960875938","22854","0","3","789","12282","4.85","39","210","210"
"2026-03-16T16:22:02.2535229-03:00","20,0112700511844","23006","0","3","789","12282","4.69","39","210","210"
"2026-03-16T16:22:04.8178429-03:00","20,326036750658","23311","0","3","789","12282","4.73","39","210","210"
"2026-03-16T16:22:07.3862473-03:00","20,2983910999792","23291","0","4","789","12282","4.66","39","210","210"
"2026-03-16T16:22:09.9595570-03:00","20,6380711408344","23282","0","4","789","12282","4.71","39","210","210"
"2026-03-16T16:22:12.5267037-03:00","13,6103202500714","23292","0","3","789","12282","4.67","39","210","210"
"2026-03-16T16:22:15.0776930-03:00","14,0255991675274","23297","0","5","789","12282","4.78","39","210","210"
"2026-03-16T16:22:17.6333032-03:00","14,0693285726502","23294","0","3","789","12282","4.63","39","210","210"
"2026-03-16T16:22:20.1864253-03:00","12,6080222171778","23295","0","3","789","12282","4.65","39","210","210"
"2026-03-16T16:22:22.7368124-03:00","12,0505119153322","23300","0","5","789","12282","4.59","39","210","210"
"2026-03-16T16:22:25.2884017-03:00","13,463151457121","23303","0","3","789","12282","4.62","39","210","210"
"2026-03-16T16:22:27.8397423-03:00","13,3416221736393","23301","0","3","789","12282","4.67","39","210","210"
"2026-03-16T16:22:30.3920741-03:00","12,4314738142237","23307","0","3","789","12282","4.73","39","210","210"
"2026-03-16T16:22:32.9450629-03:00","13,2104118502548","23306","0","3","789","12282","4.88","39","210","210"
"2026-03-16T16:22:35.4960043-03:00","14,2719009881878","23309","0","3","789","12282","4.75","39","210","210"
"2026-03-16T16:22:38.0464349-03:00","14,1619872087866","23317","0","3","789","12282","4.67","39","210","210"
"2026-03-16T16:22:40.5960504-03:00","12,5891469056949","23315","0","5","789","12282","4.67","39","210","210"
"2026-03-16T16:22:43.1481100-03:00","14,256801525672","23310","7","5","791","12282","4.82","39","210","210"
"2026-03-16T16:22:45.7028786-03:00","25,1658453458321","23308","0","3","791","12282","4.80","39","210","210"
"2026-03-16T16:22:48.2617956-03:00","25,9759625197545","23308","0","5","791","12282","4.70","39","210","210"
"2026-03-16T16:22:50.8237546-03:00","25,6908122026459","23307","0","3","791","12282","4.71","39","210","210"
"2026-03-16T16:22:53.3847008-03:00","26,4054276465017","23311","0","3","791","12282","4.76","39","210","210"
"2026-03-16T16:22:55.9429537-03:00","25,4150260776707","23309","0","3","791","12282","4.76","39","210","210"
"2026-03-16T16:22:58.5021790-03:00","25,5239875658995","23308","0","3","791","12282","4.78","39","210","210"
"2026-03-16T16:23:01.0567037-03:00","26,7559753811522","23307","0","3","791","12282","4.76","39","210","210"
"2026-03-16T16:23:03.6170729-03:00","27,0901594196679","23324","0","4","791","12282","4.74","39","210","210"
"2026-03-16T16:23:06.1774644-03:00","26,2183619365431","23323","0","3","791","12282","4.77","39","210","210"
"2026-03-16T16:23:08.7324410-03:00","25,1839940357772","23323","0","3","791","12282","4.79","39","210","210"
"2026-03-16T16:23:11.2931891-03:00","25,3078142865909","23322","0","3","791","12282","4.83","39","210","210"
"2026-03-16T16:23:13.8575065-03:00","50,8287672159806","23319","0","3","779","12282","4.90","39","210","210"
"2026-03-16T16:23:16.4052795-03:00","50,7243346608101","23319","0","3","779","12282","4.89","39","210","210"
"2026-03-16T16:23:18.9832773-03:00","50,6440438516786","23317","0","3","779","12282","4.82","39","210","210"
"2026-03-16T16:23:21.5649986-03:00","50,8315624129183","23317","0","5","779","12282","4.70","39","210","210"
"2026-03-16T16:23:24.1415529-03:00","49,9454065079495","23314","0","3","779","12282","4.72","39","210","210"
"2026-03-16T16:23:26.7071488-03:00","50,3577258741454","23318","0","2","789","12282","4.83","39","210","210"
"2026-03-16T16:23:29.3447092-03:00","100","23316","0","3","789","12282","4.80","39","210","210"
"2026-03-16T16:23:32.0225452-03:00","100","23311","0","3","789","12282","4.82","39","210","210"
"2026-03-16T16:23:34.6814542-03:00","100","23311","0","3","789","12282","4.81","39","210","210"
"2026-03-16T16:23:37.3334623-03:00","7,11932874055533","23235","0","3","790","12282","4.86","39","210","210"
"2026-03-16T16:23:39.8964653-03:00","7,16323526901763","23236","0","4","790","12282","4.84","39","210","210"
"2026-03-16T16:23:42.4477891-03:00","7,37967574546267","23236","0","4","790","12282","4.84","39","210","210"
"2026-03-16T16:23:44.9972392-03:00","7,1984643667916","23235","0","3","790","12282","4.81","39","210","210"
"2026-03-16T16:23:47.5466008-03:00","7,86347664389859","23235","0","3","790","12282","4.86","39","210","210"
"2026-03-16T16:23:50.0953110-03:00","6,80421668422226","23235","0","3","790","12282","4.78","39","210","210"
"2026-03-16T16:23:52.6445384-03:00","6,91657588817149","23240","0","6","790","12282","4.74","39","210","210"
"2026-03-16T16:23:55.1946619-03:00","7,5300472066527","23241","0","3","790","12282","4.81","39","210","210"
"2026-03-16T16:23:57.7428818-03:00","7,792548557698","23240","0","3","790","12282","4.76","39","210","210"
"2026-03-16T16:24:00.2901985-03:00","8,06437532711645","23240","0","3","790","12282","4.71","39","210","210"
"2026-03-16T16:24:02.8396593-03:00","7,96978679879163","23240","0","3","790","12282","4.98","39","210","210"
"2026-03-16T16:24:05.3913588-03:00","6,85415735143561","23241","0","3","790","12282","4.71","39","210","210"
"2026-03-16T16:24:07.9441496-03:00","6,06068044040889","23252","0","3","790","12282","4.73","39","210","210"
"2026-03-16T16:24:10.4930030-03:00","7,20054479293734","23251","0","3","790","12282","4.78","39","210","210"
"2026-03-16T16:24:13.0420144-03:00","8,1870924693645","23250","0","3","790","12282","4.77","39","210","210"
"2026-03-16T16:24:15.5926921-03:00","7,55520671416048","23249","0","3","790","12282","4.91","39","210","210"
"2026-03-16T16:24:18.1440203-03:00","6,45237277702451","23250","0","3","790","12282","4.81","39","210","210"
"2026-03-16T16:24:20.6943912-03:00","7,54332798027733","23249","3","3","790","12282","4.86","39","210","210"
"2026-03-16T16:24:23.2449957-03:00","14,0467413115966","23240","0","35","789","12282","4.81","39","210","210"
"2026-03-16T16:24:25.8022543-03:00","13,17082994978","23239","0","5","789","12282","4.69","39","210","210"
"2026-03-16T16:24:28.3513212-03:00","13,506798915208","23238","0","3","789","12282","4.80","39","210","210"
"2026-03-16T16:24:30.9019041-03:00","14,5214004615674","23240","0","3","789","12282","4.77","39","210","210"
"2026-03-16T16:24:33.4554170-03:00","13,4743879582626","23240","0","3","789","12282","4.72","39","210","210"
"2026-03-16T16:24:36.0080259-03:00","14,6151357949767","23247","0","3","789","12282","4.70","39","210","210"
"2026-03-16T16:24:38.5598586-03:00","13,5436076077736","23213","0","3","789","12282","4.81","39","210","210"
"2026-03-16T16:24:41.1188032-03:00","14,2995967828701","23211","0","3","789","12282","4.82","39","210","210"
"2026-03-16T16:24:43.6717805-03:00","14,8577224873541","23211","0","3","789","12282","4.81","39","210","210"
"2026-03-16T16:24:46.2218759-03:00","12,6107892218499","23210","0","4","789","12282","4.80","39","210","210"
"2026-03-16T16:24:48.7712335-03:00","12,3913044341201","23243","0","3","789","12282","4.77","39","210","210"
"2026-03-16T16:24:51.3212399-03:00","13,7937395736674","23242","0","3","789","12282","4.72","39","210","210"
"2026-03-16T16:24:53.8746524-03:00","14,580265022618","23239","0","3","789","12282","4.71","39","210","210"
"2026-03-16T16:24:56.4446031-03:00","26,2946487836945","23184","0","3","789","12282","4.62","38","210","210"
"2026-03-16T16:24:59.0025534-03:00","19,2965893410983","23166","0","2","791","12282","4.84","39","210","210"
"2026-03-16T16:25:01.5576467-03:00","26,4794671764755","23250","0","5","791","12282","4.80","39","210","210"
"2026-03-16T16:25:04.1145351-03:00","26,0331264465182","23249","0","3","791","12282","4.62","38","210","210"
"2026-03-16T16:25:06.6800788-03:00","27,1484094179729","23249","0","3","791","12282","4.67","38","210","210"
"2026-03-16T16:25:09.2468379-03:00","25,9158946453569","23250","0","3","791","12282","4.70","38","210","210"
"2026-03-16T16:25:11.8152950-03:00","26,2049448032276","23252","0","3","791","12282","4.73","38","210","210"
"2026-03-16T16:25:14.3815412-03:00","26,2557964448768","23250","0","5","791","12282","4.64","38","210","210"
"2026-03-16T16:25:16.9444551-03:00","25,804461296435","23249","0","3","791","12282","4.62","38","210","210"
"2026-03-16T16:25:19.5083919-03:00","37,1673392600309","23231","0","2","791","12282","4.91","39","210","210"
"2026-03-16T16:25:22.0921258-03:00","49,3670169650377","23228","0","3","789","12282","4.65","38","210","210"
"2026-03-16T16:25:24.6603051-03:00","50,2230552651078","23228","0","3","789","12282","4.63","38","210","210"
"2026-03-16T16:25:27.2160346-03:00","50,012573582739","23226","0","4","789","12282","4.61","38","210","210"
"2026-03-16T16:25:29.7830255-03:00","49,973411098891","23234","0","8","790","12282","4.71","38","210","210"
"2026-03-16T16:25:32.3659929-03:00","50,5985787418722","23221","0","9","790","12282","4.70","39","210","210"
"2026-03-16T16:25:34.9323334-03:00","50,3933058968547","23219","0","3","790","12282","4.67","38","210","210"
"2026-03-16T16:25:37.4816776-03:00","50,1242454920547","23218","0","3","790","12282","4.69","38","210","210"
"2026-03-16T16:25:40.0398800-03:00","50,4170929205685","23223","0","5","790","12282","4.69","38","210","210"
"2026-03-16T16:25:42.5871843-03:00","50,6611820529379","23221","0","6","790","12282","4.76","38","210","210"
"2026-03-16T16:25:45.1349714-03:00","50,5298126716208","23218","0","3","790","12282","4.71","38","210","210"
"2026-03-16T16:25:47.6966065-03:00","50,3661932627269","23218","0","6","790","12282","4.64","38","210","210"
"2026-03-16T16:25:50.2666685-03:00","100","23204","0","4","789","12282","4.67","38","210","210"
"2026-03-16T16:25:52.9934632-03:00","100","23193","0","3","789","12282","4.64","38","210","210"
"2026-03-16T16:25:55.6374826-03:00","100","23226","0","3","789","12282","4.58","38","210","210"
"2026-03-16T16:25:58.3125964-03:00","99,7106510287656","23249","0","3","789","12282","4.64","38","210","210"
"2026-03-16T16:26:00.9236579-03:00","88,0439688021135","23323","41","31","790","12282","47.91","46","2760","2760"
"2026-03-16T16:26:03.5076311-03:00","7,58279315293855","23322","0","0","790","12282","26.72","40","510","510"
"2026-03-16T16:26:06.0571665-03:00","7,97501378712833","23323","0","0","790","12282","15.41","40","240","240"
"2026-03-16T16:26:08.6027110-03:00","7,8542201937284","23321","0","1","790","12282","9.90","39","210","210"
"2026-03-16T16:26:11.1555276-03:00","7,71022869054585","23317","0","2","790","12282","4.67","39","210","210"
"2026-03-16T16:26:13.7145522-03:00","8,06329946224541","23317","0","2","790","12282","4.60","39","210","210"
"2026-03-16T16:26:16.2729702-03:00","7,02872844150904","23317","0","3","790","12282","4.63","39","210","210"
"2026-03-16T16:26:18.8302638-03:00","7,0609848231866","23317","0","3","790","12282","4.68","39","210","210"
"2026-03-16T16:26:21.3847197-03:00","7,09012142169495","23313","0","3","790","12282","4.81","39","210","210"
"2026-03-16T16:26:23.9414864-03:00","5,71486797286676","23313","0","3","790","12282","4.77","39","210","210"
"2026-03-16T16:26:26.4970088-03:00","7,29600818092772","23311","0","3","790","12282","4.66","39","210","210"
"2026-03-16T16:26:29.0539217-03:00","6,96574584409792","23317","0","3","790","12282","4.68","39","210","210"
"2026-03-16T16:26:31.6102167-03:00","6,40818047946194","23315","0","4","790","12282","4.66","39","210","210"
"2026-03-16T16:26:34.1657444-03:00","7,00590490068805","23316","0","5","790","12282","4.63","39","210","210"
"2026-03-16T16:26:36.7304393-03:00","9,28194422991395","23318","0","3","789","12282","4.95","39","210","210"
"2026-03-16T16:26:39.3009938-03:00","6,95334065226859","23316","0","3","789","12282","4.74","39","210","210"
"2026-03-16T16:26:41.8598566-03:00","7,29551212871633","23318","0","4","789","12282","4.71","39","210","210"
"2026-03-16T16:26:44.4163802-03:00","8,06025957055032","23318","0","3","789","12282","4.76","39","210","210"
"2026-03-16T16:26:46.9720283-03:00","5,4306261397935","23317","0","3","789","12282","4.73","39","210","210"
"2026-03-16T16:26:49.5250506-03:00","7,09583511109978","23317","0","3","789","12282","4.69","39","210","210"
"2026-03-16T16:26:52.0826230-03:00","7,09278470537676","23317","0","7","789","12282","4.64","39","210","210"
"2026-03-16T16:26:54.6382617-03:00","6,86843736795757","23316","0","3","789","12282","4.60","39","210","210"
"2026-03-16T16:26:57.2002832-03:00","7,99479776035816","23317","0","5","789","12282","4.64","39","210","210"
"2026-03-16T16:26:59.7544723-03:00","7,76789007076609","23315","0","13","789","12282","4.77","39","210","210"
"2026-03-16T16:27:02.3130024-03:00","7,03060820129862","23313","0","23","789","12282","4.75","39","210","210"
"2026-03-16T16:27:04.8660584-03:00","7,14057782857496","23312","0","5","789","12282","4.67","39","210","210"
"2026-03-16T16:27:07.4257566-03:00","6,74412906840798","23315","0","5","789","12282","4.68","39","210","210"
"2026-03-16T16:27:09.9834775-03:00","7,4669678458782","23314","0","3","789","12282","4.62","39","210","210"
"2026-03-16T16:27:12.5394227-03:00","8,47128221897422","23315","0","3","789","12282","4.69","39","210","210"
"2026-03-16T16:27:15.0976875-03:00","6,1045295560638","23314","0","7","789","12282","4.79","39","210","210"
"2026-03-16T16:27:17.6566360-03:00","7,4830231601653","23314","0","3","789","12282","4.67","39","210","210"
"2026-03-16T16:27:20.2118921-03:00","8,28244829321184","23315","0","3","789","12282","4.70","39","210","210"
"2026-03-16T16:27:22.7709098-03:00","6,25809558973498","23314","0","3","789","12282","4.71","39","210","210"
"2026-03-16T16:27:25.3238699-03:00","7,95830690068722","23314","0","5","789","12282","4.69","39","210","210"
"2026-03-16T16:27:27.8814026-03:00","7,10101968893557","23312","0","3","789","12282","4.74","39","210","210"
"2026-03-16T16:27:30.4374943-03:00","7,2286094559793","23311","0","3","789","12282","4.72","39","210","210"
"2026-03-16T16:27:32.9971016-03:00","6,70658591438255","23310","0","3","789","12282","4.77","39","210","210"
"2026-03-16T16:27:35.5543171-03:00","7,0388220752802","23311","0","5","789","12282","4.78","39","210","210"
"2026-03-16T16:27:38.1068674-03:00","8,23816784823162","23314","0","2","789","12282","4.88","39","210","210"
"2026-03-16T16:27:40.6827337-03:00","12,9873852221989","23318","0","3","789","12282","5.03","39","210","210"
"2026-03-16T16:27:43.2452614-03:00","13,6644955713366","23319","0","5","789","12282","4.79","39","210","210"
"2026-03-16T16:27:45.8013755-03:00","13,2816617572525","23316","0","3","789","12282","4.79","39","210","210"
"2026-03-16T16:27:48.3604546-03:00","13,6877406790934","23315","0","3","789","12282","4.84","39","210","210"
"2026-03-16T16:27:50.9210581-03:00","13,2352469236319","23314","0","3","789","12282","4.84","39","210","210"
"2026-03-16T16:27:53.4801684-03:00","13,7747833140013","23313","0","3","789","12282","4.82","39","210","210"
"2026-03-16T16:27:56.0336438-03:00","13,3809503822325","23313","0","3","789","12282","4.76","39","210","210"
"2026-03-16T16:27:58.5908816-03:00","14,1902313624679","23289","0","4","789","12282","4.78","39","210","210"
"2026-03-16T16:28:01.1514299-03:00","19,9106933757543","23285","0","5","789","12282","4.76","39","210","210"
"2026-03-16T16:28:03.7141273-03:00","21,0959478788216","23284","0","5","789","12282","4.80","39","210","210"
"2026-03-16T16:28:06.2772318-03:00","14,5008695686623","23290","0","3","789","12282","4.76","39","210","210"
"2026-03-16T16:28:08.8363285-03:00","14,7066175915458","23289","0","3","789","12282","4.73","39","210","210"
"2026-03-16T16:28:11.3959988-03:00","13,7944457849821","23288","0","3","789","12282","4.75","39","210","210"
"2026-03-16T16:28:13.9572148-03:00","13,1403370780959","23288","0","3","789","12282","4.74","39","210","210"
"2026-03-16T16:28:16.5146980-03:00","14,0658715597239","23288","0","6","789","12282","4.90","39","210","210"
"2026-03-16T16:28:19.0689281-03:00","12,82268302167","23287","0","3","789","12282","4.74","39","210","210"
"2026-03-16T16:28:21.6239132-03:00","14,2332922129621","23284","0","4","789","12282","4.73","39","210","210"
"2026-03-16T16:28:24.1828860-03:00","13,8107945760269","23285","0","3","789","12282","4.75","39","210","210"
"2026-03-16T16:28:26.7373451-03:00","12,9074753255294","23294","0","3","789","12282","4.69","39","210","210"
"2026-03-16T16:28:29.2916369-03:00","14,6915331134794","23295","0","3","789","12282","4.71","39","210","210"
"2026-03-16T16:28:31.8486634-03:00","12,7904271584806","23294","0","4","789","12282","4.72","39","210","210"
"2026-03-16T16:28:34.4035259-03:00","23,724717448228","23301","0","2","791","12282","5.03","39","210","210"
"2026-03-16T16:28:36.9456909-03:00","26,639192069073","23301","0","3","791","12282","4.87","39","210","210"
"2026-03-16T16:28:39.5210428-03:00","25,6876090353237","23302","0","3","791","12282","4.74","39","210","210"
"2026-03-16T16:28:42.0984621-03:00","25,5834591005131","23303","0","3","791","12282","4.72","39","210","210"
"2026-03-16T16:28:44.6748704-03:00","25,0909668932273","23384","0","3","791","12282","4.73","39","210","210"
"2026-03-16T16:28:47.2341862-03:00","25,7592661924742","23383","0","3","791","12282","4.72","39","210","210"
"2026-03-16T16:28:49.8130785-03:00","25,0146965010503","23383","0","3","791","12282","4.69","39","210","210"
"2026-03-16T16:28:52.3755293-03:00","25,9317782298683","23383","0","3","791","12282","4.77","39","210","210"
"2026-03-16T16:28:54.9361736-03:00","25,439071453014","23382","0","5","791","12282","4.74","39","210","210"
"2026-03-16T16:28:57.5001600-03:00","26,5734898482855","23382","0","5","791","12282","4.68","39","210","210"
"2026-03-16T16:29:00.0627156-03:00","26,6095314703996","23381","0","3","791","12282","4.81","39","210","210"
"2026-03-16T16:29:02.6318122-03:00","25,7514921227491","23382","0","2","789","12282","4.83","39","210","210"
"2026-03-16T16:29:05.2091134-03:00","51,3483991102025","23379","0","3","789","12282","4.80","39","210","210"
"2026-03-16T16:29:07.7704223-03:00","50,4587554760052","23384","0","3","789","12282","4.82","39","210","210"
"2026-03-16T16:29:10.3291062-03:00","50,0968390663163","23377","0","3","789","12282","4.76","39","210","210"
"2026-03-16T16:29:12.8971018-03:00","51,0077569744273","23379","0","3","789","12282","4.70","39","210","210"
"2026-03-16T16:29:15.4626930-03:00","50,1866803965459","23379","0","3","789","12282","4.93","39","210","210"
"2026-03-16T16:29:18.0234812-03:00","79,0104505194413","23378","0","2","789","12282","4.86","39","210","210"
"2026-03-16T16:29:20.6497870-03:00","100","23379","0","3","789","12282","4.74","39","210","210"
"2026-03-16T16:29:23.3156285-03:00","100","23380","0","3","789","12282","4.69","39","210","210"
"2026-03-16T16:29:25.9559266-03:00","95,7675666810641","23316","0","2","790","12282","4.86","39","210","210"
"2026-03-16T16:29:28.5345021-03:00","8,06003976701506","23309","0","8","790","12282","4.78","39","210","210"
"2026-03-16T16:29:31.0935801-03:00","6,64169231624001","23309","0","5","790","12282","4.66","39","210","210"
"2026-03-16T16:29:33.6549699-03:00","7,22599786521111","23310","0","3","790","12282","4.68","39","210","210"
"2026-03-16T16:29:36.2094170-03:00","7,03574285353429","23311","0","3","790","12282","4.70","39","210","210"
"2026-03-16T16:29:38.7638883-03:00","10,0497339483843","23283","0","3","790","12282","4.64","39","210","210"
"2026-03-16T16:29:41.3223597-03:00","7,33651641048055","23283","0","3","790","12282","4.66","39","210","210"
"2026-03-16T16:29:43.8831056-03:00","6,58119052510796","23283","0","3","790","12282","4.62","39","210","210"
"2026-03-16T16:29:46.4392869-03:00","7,08744869864451","23283","0","3","790","12282","4.67","39","210","210"
"2026-03-16T16:29:48.9913126-03:00","7,26638642440809","23317","0","5","790","12282","4.74","39","210","210"
"2026-03-16T16:29:51.5463442-03:00","7,56989216620224","23317","0","3","790","12282","4.70","38","210","210"
"2026-03-16T16:29:54.1022653-03:00","7,44287221187485","23316","0","3","790","12282","4.69","39","210","210"
"2026-03-16T16:29:56.6585563-03:00","7,33075609169507","23314","0","3","790","12282","4.72","39","210","210"
"2026-03-16T16:29:59.2146253-03:00","8,42680146449056","23312","21","10","790","12282","5.33","39","210","210"
"2026-03-16T16:30:01.7747967-03:00","8,47827498259236","23313","0","0","790","12282","4.61","39","210","210"
"2026-03-16T16:30:04.3282941-03:00","7,88437706989893","23312","0","0","790","12282","4.61","38","210","210"
"2026-03-16T16:30:06.8815889-03:00","6,3993336100707","23311","0","0","790","12282","4.50","38","210","210"
"2026-03-16T16:30:09.4365069-03:00","8,11118395357228","23310","0","0","790","12282","4.57","38","210","210"
"2026-03-16T16:30:11.9882749-03:00","8,72102675878831","23311","0","1","790","12282","4.91","39","210","210"
"2026-03-16T16:30:14.5354780-03:00","13,4089714519632","23301","0","3","785","12282","4.95","39","210","210"
"2026-03-16T16:30:17.1021269-03:00","12,5699434285722","23300","0","5","785","12282","4.72","39","210","210"
"2026-03-16T16:30:19.6599829-03:00","12,217020450914","23299","0","3","785","12282","4.70","39","210","210"
"2026-03-16T16:30:22.2182849-03:00","13,0048020636358","23298","0","3","785","12282","4.69","38","210","210"
"2026-03-16T16:30:24.7776910-03:00","13,7601840320074","23298","0","5","785","12282","4.73","38","210","210"
"2026-03-16T16:30:27.3350419-03:00","12,9951933375913","23297","0","3","785","12282","4.76","38","210","210"
"2026-03-16T16:30:29.8901846-03:00","12,4535950287927","23296","0","3","785","12282","4.74","38","210","210"
"2026-03-16T16:30:32.4442049-03:00","13,5365646406721","23294","0","3","785","12282","4.72","38","210","210"
"2026-03-16T16:30:35.0037492-03:00","12,1901994378141","23295","0","5","785","12282","4.70","38","210","210"
"2026-03-16T16:30:37.5584145-03:00","13,0339897910766","23293","0","3","785","12282","4.77","38","210","210"
"2026-03-16T16:30:40.1144620-03:00","11,9684647692995","23293","0","3","785","12282","4.77","38","210","210"
"2026-03-16T16:30:42.6739944-03:00","12,3487183494935","23294","0","3","785","12282","4.86","38","210","210"
"2026-03-16T16:30:45.2322017-03:00","13,3548722706437","23291","0","3","785","12282","4.80","38","210","210"
"2026-03-16T16:30:47.7918438-03:00","13,4524471642027","23292","0","3","785","12282","4.75","38","210","210"
"2026-03-16T16:30:50.3447307-03:00","25,3335016018404","23276","0","3","789","12282","4.85","38","210","210"
"2026-03-16T16:30:52.8966048-03:00","25,8899724982629","23275","0","6","785","12282","4.90","38","210","210"
"2026-03-16T16:30:55.4629381-03:00","26,4477828259945","23275","0","5","785","12282","4.75","38","210","210"
"2026-03-16T16:30:58.0262925-03:00","27,8238074520807","23272","0","3","785","12282","4.71","38","210","210"
"2026-03-16T16:31:00.5920621-03:00","26,5290756291774","23273","0","3","785","12282","4.76","38","210","210"
"2026-03-16T16:31:03.1451370-03:00","25,7403699253919","23272","0","3","785","12282","4.76","38","210","210"
"2026-03-16T16:31:05.7112400-03:00","25,8122772569876","23271","0","3","785","12282","4.74","38","210","210"
"2026-03-16T16:31:08.2721074-03:00","25,216518686039","23229","0","12","789","12282","4.98","38","210","210"
"2026-03-16T16:31:10.8487693-03:00","49,0638217530897","23231","0","12","789","12282","4.81","38","210","210"
"2026-03-16T16:31:13.4157951-03:00","50,6751537065356","23229","0","5","789","12282","4.79","38","210","210"
"2026-03-16T16:31:15.9977292-03:00","49,8641446145518","23227","0","3","789","12282","4.90","38","210","210"
"2026-03-16T16:31:18.5681084-03:00","38,802169178668","23232","0","2","790","12282","5.05","38","210","210"
"2026-03-16T16:31:21.1245025-03:00","49,9621728804824","23241","0","3","790","12282","4.91","38","210","210"
"2026-03-16T16:31:23.6808802-03:00","50,3437315694612","23242","0","5","790","12282","4.76","38","210","210"
"2026-03-16T16:31:26.2404482-03:00","50,6195132825651","23241","0","4","790","12282","4.77","38","210","210"
"2026-03-16T16:31:28.8022624-03:00","50,7589388235999","23242","0","3","790","12282","4.70","38","210","210"
"2026-03-16T16:31:31.3580500-03:00","50,9628981364332","23240","0","3","790","12282","4.74","38","210","210"
"2026-03-16T16:31:33.9161456-03:00","50,8291994915457","23239","0","3","790","12282","4.69","38","210","210"
"2026-03-16T16:31:36.4732389-03:00","50,4635400234809","23238","0","3","790","12282","4.69","38","210","210"
"2026-03-16T16:31:39.0345388-03:00","59,8721629540988","23225","0","2","791","12282","4.96","38","210","210"
"2026-03-16T16:31:41.6617002-03:00","100","23231","0","3","791","12282","4.84","38","210","210"
"2026-03-16T16:31:44.3201040-03:00","100","23222","0","3","791","12282","4.68","38","210","210"
"2026-03-16T16:31:46.9337932-03:00","99,8091119969459","23221","0","3","791","12282","4.68","38","210","210"
"2026-03-16T16:31:49.5796675-03:00","100","23198","0","3","1045","12282","4.70","38","210","210"
"2026-03-16T16:31:52.1714751-03:00","7,88465395056053","23298","0","0","788","12282","32.90","41","2775","2775"
"2026-03-16T16:31:54.7178267-03:00","7,79077779697332","23298","0","0","788","12282","15.47","39","225","225"
"2026-03-16T16:31:57.2668417-03:00","7,51987553533535","23297","0","1","788","12282","9.91","39","210","210"
"2026-03-16T16:31:59.8243979-03:00","8,41052611397262","23296","0","3","788","12282","4.77","39","210","210"
"2026-03-16T16:32:02.3853740-03:00","8,63847480934376","23294","0","3","788","12282","4.68","39","210","210"
"2026-03-16T16:32:04.9435625-03:00","6,7511742991983","23301","0","3","788","12282","4.66","39","210","210"
"2026-03-16T16:32:07.4970852-03:00","8,20102109473668","23318","0","3","788","12282","4.68","39","210","210"
"2026-03-16T16:32:10.0582801-03:00","7,97574637529104","23316","0","5","788","12282","4.68","39","210","210"
"2026-03-16T16:32:12.6103075-03:00","7,9073599481166","23306","0","3","788","12282","4.69","39","210","210"
"2026-03-16T16:32:15.1658208-03:00","7,20496725605503","23307","0","3","788","12282","4.66","39","210","210"
"2026-03-16T16:32:17.7235359-03:00","7,17786859000064","23386","0","4","788","12282","4.68","39","210","210"
"2026-03-16T16:32:20.2806001-03:00","8,50528262368494","23387","0","3","788","12282","4.68","39","210","210"
"2026-03-16T16:32:22.8374143-03:00","7,2132950068922","23389","0","3","788","12282","4.63","39","210","210"
"2026-03-16T16:32:25.3937590-03:00","8,36794602160086","23399","0","30","790","12282","4.80","39","210","210"
"2026-03-16T16:32:27.9463365-03:00","7,09414262015329","23396","0","3","790","12282","4.59","39","210","210"
"2026-03-16T16:32:30.5194729-03:00","7,54046814433296","23395","0","3","790","12282","4.60","39","210","210"
"2026-03-16T16:32:33.0731863-03:00","8,38812962657158","23394","0","3","790","12282","4.55","39","210","210"
"2026-03-16T16:32:35.6276894-03:00","7,52421321671379","23393","0","5","790","12282","4.58","39","210","210"
"2026-03-16T16:32:38.1797581-03:00","6,50905182759876","23393","0","3","790","12282","4.57","39","210","210"
"2026-03-16T16:32:40.7395078-03:00","7,26559933575461","23393","0","3","790","12282","4.65","39","210","210"
"2026-03-16T16:32:43.2949178-03:00","8,59408456114303","23398","0","3","790","12282","4.68","39","210","210"
"2026-03-16T16:32:45.8499891-03:00","8,02505884661138","23397","0","4","790","12282","4.74","39","210","210"
"2026-03-16T16:32:48.4040246-03:00","8,20173299044253","23396","0","5","790","12282","4.67","39","210","210"
"2026-03-16T16:32:50.9606583-03:00","7,14834188114354","23396","0","3","790","12282","4.65","39","210","210"
"2026-03-16T16:32:53.5187298-03:00","8,00904030875024","23399","0","5","790","12282","4.66","39","210","210"
"2026-03-16T16:32:56.0901032-03:00","8,38373171583496","23398","0","3","790","12282","4.64","39","210","210"
"2026-03-16T16:32:58.6455599-03:00","7,83420759996831","23396","0","5","790","12282","4.65","39","210","210"
"2026-03-16T16:33:01.2039042-03:00","7,26165478643126","23398","0","3","790","12282","4.65","39","210","210"
"2026-03-16T16:33:03.7602994-03:00","7,71101589249312","23397","0","3","790","12282","4.84","39","210","210"
"2026-03-16T16:33:06.3167957-03:00","6,52178802957701","23398","0","3","790","12282","4.61","39","210","210"
"2026-03-16T16:33:08.8740078-03:00","8,00639024599951","23397","0","4","790","12282","4.61","39","210","210"
"2026-03-16T16:33:11.4282409-03:00","6,66422098164013","23397","0","3","790","12282","4.58","39","210","210"
"2026-03-16T16:33:13.9870362-03:00","6,65619822015981","23396","0","3","790","12282","4.54","39","210","210"
"2026-03-16T16:33:16.5452755-03:00","6,86236469149473","23397","0","3","790","12282","4.60","39","210","210"
"2026-03-16T16:33:19.1048033-03:00","7,94559197216664","23396","0","4","790","12282","4.59","39","210","210"
"2026-03-16T16:33:21.6659802-03:00","7,30175151299042","23396","0","3","790","12282","4.59","39","210","210"
"2026-03-16T16:33:24.2215207-03:00","7,00005311583851","23397","0","3","790","12282","4.62","39","210","210"
"2026-03-16T16:33:26.7918111-03:00","7,81048819835489","23391","0","3","790","12282","4.60","39","210","210"
"2026-03-16T16:33:29.3455236-03:00","12,5576050499556","23395","0","3","789","12282","4.75","39","210","210"
"2026-03-16T16:33:31.9117383-03:00","13,1575191594362","23395","0","3","789","12282","4.64","39","210","210"
"2026-03-16T16:33:34.4832538-03:00","14,0160791251264","23396","0","3","789","12282","4.61","39","210","210"
"2026-03-16T16:33:37.0400116-03:00","12,4877933918062","23396","0","3","789","12282","4.58","39","210","210"
"2026-03-16T16:33:39.5969348-03:00","13,3748447677218","23396","0","3","789","12282","4.66","39","210","210"
"2026-03-16T16:33:42.1534919-03:00","13,7955961799502","23396","0","3","789","12282","4.67","39","210","210"
"2026-03-16T16:33:44.7106367-03:00","11,8294619263441","23394","0","3","789","12282","4.60","39","210","210"
"2026-03-16T16:33:47.2697341-03:00","12,0218044745069","23393","0","3","789","12282","4.66","39","210","210"
"2026-03-16T16:33:49.8254039-03:00","13,3923521455797","23392","0","3","789","12282","4.61","39","210","210"
"2026-03-16T16:33:52.3886033-03:00","13,8848866557922","23391","0","3","789","12282","4.65","39","210","210"
"2026-03-16T16:33:54.9427782-03:00","13,0164518369539","23392","0","3","789","12282","4.61","39","210","210"
"2026-03-16T16:33:57.5021347-03:00","12,4834790458303","23391","0","3","789","12282","4.72","39","210","210"
"2026-03-16T16:34:00.0573481-03:00","13,1825682590559","23389","0","3","789","12282","4.83","39","210","210"
"2026-03-16T16:34:02.6140243-03:00","12,6976823629141","23389","0","3","789","12282","4.71","39","210","210"
"2026-03-16T16:34:05.1769808-03:00","12,5113187126502","23388","0","3","789","12282","4.68","39","210","210"
"2026-03-16T16:34:07.7333705-03:00","12,7598153567323","23388","0","3","789","12282","4.71","39","210","210"
"2026-03-16T16:34:10.2916851-03:00","13,496246429125","23386","0","3","789","12282","4.61","39","210","210"
"2026-03-16T16:34:12.8529135-03:00","12,4174572512864","23386","0","3","789","12282","4.69","39","210","210"
"2026-03-16T16:34:15.4089026-03:00","13,7159028753583","23385","0","3","789","12282","4.80","39","210","210"
"2026-03-16T16:34:17.9684588-03:00","17,4353335901255","23384","0","2","791","12282","4.94","39","210","210"
"2026-03-16T16:34:20.5232325-03:00","25,5261702522403","23382","0","3","791","12282","4.83","39","210","210"
"2026-03-16T16:34:23.0845546-03:00","25,8051310326427","23386","0","3","791","12282","4.69","39","210","210"
"2026-03-16T16:34:25.6474036-03:00","25,3824471477435","23383","0","3","791","12282","4.70","39","210","210"
"2026-03-16T16:34:28.2096849-03:00","25,038669536477","23393","0","3","791","12282","4.71","39","210","210"
"2026-03-16T16:34:30.7694467-03:00","25,1782813768204","23391","0","3","791","12282","4.70","39","210","210"
"2026-03-16T16:34:33.3302193-03:00","24,8781024073604","23391","0","3","791","12282","4.95","39","210","210"
"2026-03-16T16:34:35.8913303-03:00","25,2638451818605","23389","0","3","791","12282","4.72","39","210","210"
"2026-03-16T16:34:38.4556625-03:00","25,2777122321336","23351","0","5","791","12282","4.71","39","210","210"
"2026-03-16T16:34:41.0273551-03:00","25,3709660021963","23350","0","3","791","12282","4.76","39","210","210"
"2026-03-16T16:34:43.5807354-03:00","25,4859955114882","23346","0","3","791","12282","4.67","39","210","210"
"2026-03-16T16:34:46.1569690-03:00","31,6021500704065","23345","0","2","791","12282","4.96","39","210","210"
"2026-03-16T16:34:48.7259166-03:00","51,5658520315518","23375","0","3","789","12282","4.79","39","210","210"
"2026-03-16T16:34:51.2861231-03:00","50,7007793606439","23377","0","3","789","12282","4.67","39","210","210"
"2026-03-16T16:34:53.8360621-03:00","50,6013864828338","23376","0","3","789","12282","4.67","39","210","210"
"2026-03-16T16:34:56.4033916-03:00","50,6531330783252","23376","0","3","789","12282","4.72","39","210","210"
"2026-03-16T16:34:58.9611613-03:00","50,7942352062968","23371","0","17","789","12282","4.77","39","210","210"
"2026-03-16T16:35:01.5411722-03:00","100","23381","0","4","784","12282","4.89","39","210","210"
"2026-03-16T16:35:04.1838737-03:00","100","23373","0","3","784","12282","4.69","39","210","210"
"2026-03-16T16:35:06.8604449-03:00","100","23373","0","3","784","12282","4.72","39","210","210"
"2026-03-16T16:35:09.5826786-03:00","53,0676663676458","23306","0","2","790","12282","4.86","39","210","210"
"2026-03-16T16:35:12.1296405-03:00","8,01678636624257","23301","0","3","790","12282","4.85","39","210","210"
"2026-03-16T16:35:14.6866107-03:00","8,46291765178258","23303","0","3","790","12282","4.68","39","210","210"
"2026-03-16T16:35:17.2402038-03:00","7,91539116328484","23301","0","3","790","12282","4.67","39","210","210"
"2026-03-16T16:35:19.7944291-03:00","9,10728437792219","23300","0","5","790","12282","4.56","39","210","210"
"2026-03-16T16:35:22.3478901-03:00","7,61858610041589","23300","0","3","790","12282","4.63","39","210","210"
"2026-03-16T16:35:24.9014196-03:00","9,01339893258286","23300","0","3","790","12282","4.60","39","210","210"
"2026-03-16T16:35:27.4620990-03:00","7,1504640842644","23300","0","3","790","12282","4.55","38","210","210"
"2026-03-16T16:35:30.0183937-03:00","8,37800147735774","23298","0","3","790","12282","4.52","38","210","210"
"2026-03-16T16:35:32.5733487-03:00","8,53831251338751","23299","0","3","790","12282","4.64","38","210","210"
"2026-03-16T16:35:35.1253094-03:00","6,74143885350105","23297","0","4","790","12282","4.59","38","210","210"
"2026-03-16T16:35:37.6865437-03:00","8,01424655560815","23303","0","3","790","12282","4.58","39","210","210"
"2026-03-16T16:35:40.2450150-03:00","8,10463855765391","23303","0","3","790","12282","4.59","38","210","210"
"2026-03-16T16:35:42.7995378-03:00","7,10245573543493","23302","0","3","790","12282","4.57","38","210","210"
"2026-03-16T16:35:45.3572923-03:00","7,91869059886448","23301","0","4","790","12282","4.59","38","210","210"
"2026-03-16T16:35:47.9137520-03:00","6,16687000882912","23301","0","3","790","12282","4.59","38","210","210"
"2026-03-16T16:35:50.4708034-03:00","7,49633825761269","23297","0","3","790","12282","4.59","38","210","210"
"2026-03-16T16:35:53.0284607-03:00","8,39038020671693","23366","0","5","790","12282","4.62","38","210","210"
"2026-03-16T16:35:55.5840626-03:00","13,4995286923264","23289","0","3","789","12282","4.67","39","210","210"
"2026-03-16T16:35:58.1516380-03:00","14,9014603981794","23285","0","5","789","12282","4.68","39","210","210"
"2026-03-16T16:36:00.7064434-03:00","12,8174056750019","23285","0","3","789","12282","4.86","38","210","210"
"2026-03-16T16:36:03.2648856-03:00","14,8609634653315","23285","0","3","789","12282","4.56","38","210","210"
"2026-03-16T16:36:05.8174044-03:00","13,8682536002675","23285","0","3","789","12282","4.58","38","210","210"
"2026-03-16T16:36:08.3730159-03:00","13,7069300571768","23283","0","3","789","12282","4.54","38","210","210"
"2026-03-16T16:36:10.9266235-03:00","12,6470838211115","23284","0","3","789","12282","4.55","38","210","210"
"2026-03-16T16:36:13.4831877-03:00","13,0277214606686","23282","0","3","789","12282","4.58","38","210","210"
"2026-03-16T16:36:16.0438647-03:00","14,1736908845863","23282","0","3","789","12282","4.71","38","210","210"
"2026-03-16T16:36:18.6063099-03:00","14,7808163460358","23280","0","3","789","12282","4.66","38","210","210"
"2026-03-16T16:36:21.1630482-03:00","12,5508721758111","23281","0","4","789","12282","4.67","38","210","210"
"2026-03-16T16:36:23.7210673-03:00","12,6714171348976","23279","0","3","789","12282","4.68","38","210","210"
"2026-03-16T16:36:26.2750144-03:00","12,8947174030611","23282","0","3","789","12282","4.67","38","210","210"
"2026-03-16T16:36:28.8332794-03:00","13,4559887197327","23278","0","5","789","12282","4.73","38","210","210"
"2026-03-16T16:36:31.3956349-03:00","13,37612316652","23279","0","3","789","12282","4.73","38","210","210"
"2026-03-16T16:36:33.9524694-03:00","25,9915816498322","23261","0","3","791","12282","4.72","38","210","210"
"2026-03-16T16:36:36.5101737-03:00","26,2653826235171","23260","0","3","791","12282","4.66","38","210","210"
"2026-03-16T16:36:39.0655680-03:00","26,0973515289714","23258","0","3","791","12282","4.70","38","210","210"
"2026-03-16T16:36:41.6183975-03:00","25,6335234258261","23256","0","3","791","12282","4.65","38","210","210"
"2026-03-16T16:36:44.1855801-03:00","26,2770752413381","23256","0","3","791","12282","4.64","38","210","210"
"2026-03-16T16:36:46.7364827-03:00","25,8058234957746","23253","0","3","791","12282","4.66","38","210","210"
"2026-03-16T16:36:49.3025797-03:00","25,3396230007372","23253","0","4","791","12282","4.65","38","210","210"
"2026-03-16T16:36:51.8699428-03:00","26,5203875791176","23224","0","2","791","12282","4.98","38","210","210"
"2026-03-16T16:36:54.4602534-03:00","49,1370783681097","23227","0","3","789","12282","4.80","38","210","210"
"2026-03-16T16:36:57.0247258-03:00","47,8555007785668","23307","0","3","789","12282","4.67","38","210","210"
"2026-03-16T16:36:59.5898575-03:00","49,5214747636946","23307","0","3","789","12282","4.81","38","210","210"
"2026-03-16T16:37:02.1535472-03:00","45,3643613522872","23318","0","2","790","12282","4.89","38","210","210"
"2026-03-16T16:37:04.7262989-03:00","50,7575576706448","23321","0","3","790","12282","4.80","38","210","210"
"2026-03-16T16:37:07.2930823-03:00","50,5603165576535","23323","0","5","790","12282","4.68","38","210","210"
"2026-03-16T16:37:09.8597428-03:00","50,4705107013899","23321","0","5","790","12282","4.70","38","210","210"
"2026-03-16T16:37:12.4277667-03:00","50,1804044438061","23322","0","3","790","12282","4.67","38","210","210"
"2026-03-16T16:37:14.9913278-03:00","49,6772593409917","23321","0","3","790","12282","4.70","38","210","210"
"2026-03-16T16:37:17.5406217-03:00","50,8980662621911","23321","0","5","790","12282","4.56","38","210","210"
"2026-03-16T16:37:20.1024445-03:00","49,8843750934976","23321","0","6","790","12282","4.59","38","210","210"
"2026-03-16T16:37:22.6707276-03:00","71,1288201200322","23313","0","2","789","12282","4.84","38","210","210"
"2026-03-16T16:37:25.3075554-03:00","100","23310","0","3","789","12282","4.62","38","210","210"
"2026-03-16T16:37:27.9367577-03:00","100","23318","0","3","789","12282","4.61","38","210","210"
"2026-03-16T16:37:30.6063565-03:00","100","23313","0","3","789","12282","4.63","38","210","210"
"2026-03-16T16:37:33.2575926-03:00","100","23376","11","4","798","12282","4.93","39","210","210"
"2026-03-16T16:37:35.8355674-03:00","6,18748403889988","23381","0","0","788","12282","32.81","41","2775","2775"
"2026-03-16T16:37:38.3890040-03:00","7,56256205898207","23387","0","0","788","12282","16.05","40","285","285"
"2026-03-16T16:37:40.9403746-03:00","6,58197695137842","23386","0","1","788","12282","9.36","39","210","210"
"2026-03-16T16:37:43.4936487-03:00","5,73427388991203","23384","0","5","788","12282","4.80","39","210","210"
"2026-03-16T16:37:46.0504106-03:00","6,54676184949406","23383","0","9","788","12282","4.62","39","210","210"
"2026-03-16T16:37:48.6087913-03:00","7,72075035727431","23381","0","6","788","12282","4.56","39","210","210"
"2026-03-16T16:37:51.1624351-03:00","6,59972527216847","23380","0","10","788","12282","4.57","39","210","210"
"2026-03-16T16:37:53.7194197-03:00","7,64237932411501","23378","0","5","788","12282","4.60","39","210","210"
"2026-03-16T16:37:56.2756073-03:00","5,78252452522169","23376","0","4","788","12282","4.62","39","210","210"
"2026-03-16T16:37:58.8286360-03:00","7,42838665805594","23373","0","3","788","12282","4.72","39","210","210"
"2026-03-16T16:38:01.3859390-03:00","7,27127331433456","23375","0","3","788","12282","4.66","39","210","210"
"2026-03-16T16:38:03.9430842-03:00","6,89597546661429","23373","0","4","788","12282","4.68","39","210","210"
"2026-03-16T16:38:06.4958755-03:00","7,42330035229001","23371","0","3","788","12282","4.69","39","210","210"
"2026-03-16T16:38:09.0519485-03:00","8,025893443646","23386","0","2","790","12282","4.82","39","210","210"
"2026-03-16T16:38:11.6034734-03:00","7,22587977118064","23388","0","4","790","12282","4.68","39","210","210"
"2026-03-16T16:38:14.1671173-03:00","8,01318168941995","23377","0","3","790","12282","4.70","39","210","210"
"2026-03-16T16:38:16.7246976-03:00","6,21840624671156","23377","0","3","790","12282","4.66","39","210","210"
"2026-03-16T16:38:19.2818249-03:00","7,20256564375038","23375","0","3","790","12282","4.67","39","210","210"
"2026-03-16T16:38:21.8410207-03:00","8,53092189047267","23375","0","3","790","12282","4.64","39","210","210"
"2026-03-16T16:38:24.3995400-03:00","6,0396544045816","23373","0","3","790","12282","4.67","39","210","210"
"2026-03-16T16:38:26.9565687-03:00","7,34673705603887","23372","0","3","790","12282","4.70","39","210","210"
"2026-03-16T16:38:29.5132520-03:00","8,39115154946743","23373","0","3","790","12282","4.64","39","210","210"
"2026-03-16T16:38:32.0713325-03:00","6,61445403979164","23372","0","3","790","12282","4.65","39","210","210"
"2026-03-16T16:38:34.6266349-03:00","7,26080718810306","23371","0","3","790","12282","4.62","39","210","210"
"2026-03-16T16:38:37.1820434-03:00","7,20748472578243","23371","0","3","790","12282","4.67","39","210","210"
"2026-03-16T16:38:39.7395199-03:00","7,10194023667156","23370","0","3","790","12282","4.64","39","210","210"
"2026-03-16T16:38:42.2932545-03:00","8,32294506764156","23370","0","3","790","12282","4.66","39","210","210"
"2026-03-16T16:38:44.8502337-03:00","8,32185572037647","23370","0","3","790","12282","4.68","39","210","210"
"2026-03-16T16:38:47.4027560-03:00","8,24571925495664","23368","0","5","790","12282","4.65","39","210","210"
"2026-03-16T16:38:49.9562747-03:00","8,18226327623663","23368","0","3","790","12282","4.63","39","210","210"
"2026-03-16T16:38:52.5139680-03:00","8,44310476513916","23366","0","3","790","12282","4.62","39","210","210"
"2026-03-16T16:38:55.0709920-03:00","7,38271374427943","23366","0","3","790","12282","4.62","39","210","210"
"2026-03-16T16:38:57.6263522-03:00","7,69672947020028","23365","0","3","790","12282","4.62","39","210","210"
"2026-03-16T16:39:00.1832000-03:00","8,49763359436357","23365","0","13","790","12282","4.86","39","210","210"
"2026-03-16T16:39:02.7372679-03:00","6,99714374415424","23364","0","3","790","12282","4.68","39","210","210"
"2026-03-16T16:39:05.2999110-03:00","7,14394976050754","23364","0","6","790","12282","4.61","39","210","210"
"2026-03-16T16:39:07.8580976-03:00","8,24310111252881","23362","0","5","790","12282","4.67","39","210","210"
"2026-03-16T16:39:10.4121274-03:00","6,70025263309372","23370","5","3","787","12282","4.71","39","210","210"
"2026-03-16T16:39:12.9726548-03:00","13,1513064877752","23358","0","3","787","12282","4.71","39","210","210"
"2026-03-16T16:39:15.5278414-03:00","13,967166057687","23358","0","3","787","12282","4.83","39","210","210"
"2026-03-16T16:39:18.0898982-03:00","14,1366786283729","23356","0","3","787","12282","4.66","39","210","210"
"2026-03-16T16:39:20.6445529-03:00","12,733475182653","23356","0","3","787","12282","4.67","39","210","210"
"2026-03-16T16:39:23.2025713-03:00","13,6600231401389","23354","0","3","787","12282","4.65","39","210","210"
"2026-03-16T16:39:25.7582529-03:00","14,4077544689568","23356","0","3","787","12282","4.65","39","210","210"
"2026-03-16T16:39:28.3172888-03:00","13,7565422800675","23355","0","3","787","12282","4.65","39","210","210"
"2026-03-16T16:39:30.8766870-03:00","13,9408076218965","23355","0","3","787","12282","4.61","39","210","210"
"2026-03-16T16:39:33.4340031-03:00","14,1008398222936","23354","0","3","787","12282","4.61","39","210","210"
"2026-03-16T16:39:35.9922057-03:00","12,5423513790434","23353","0","3","787","12282","4.64","39","210","210"
"2026-03-16T16:39:38.5487435-03:00","13,1144189586953","23316","0","3","787","12282","4.62","39","210","210"
"2026-03-16T16:39:41.1102336-03:00","13,6742522931893","23312","0","3","787","12282","4.64","39","210","210"
"2026-03-16T16:39:43.6689269-03:00","13,8763484246975","23311","0","3","787","12282","4.64","39","210","210"
"2026-03-16T16:39:46.2252211-03:00","13,4866501497027","23310","0","3","787","12282","4.59","39","210","210"
"2026-03-16T16:39:48.7861332-03:00","13,7923171326468","23340","0","5","787","12282","4.62","39","210","210"
"2026-03-16T16:39:51.3417232-03:00","14,2458671324642","23339","0","3","787","12282","4.66","39","210","210"
"2026-03-16T16:39:53.8998371-03:00","13,0968900599029","23337","0","4","787","12282","4.61","39","210","210"
"2026-03-16T16:39:56.4742744-03:00","12,9534308542282","23321","0","3","787","12282","4.56","39","210","210"
"2026-03-16T16:39:59.0327550-03:00","13,2460752947212","23321","0","3","787","12282","4.75","39","210","210"
"2026-03-16T16:40:01.5935457-03:00","14,2261313872227","23323","0","3","787","12282","4.62","39","210","210"
"2026-03-16T16:40:04.1656518-03:00","13,0417250892137","23323","0","3","787","12282","4.66","39","210","210"
"2026-03-16T16:40:06.7221247-03:00","13,0578050166345","23318","0","3","789","12282","4.68","39","210","210"
"2026-03-16T16:40:09.2982049-03:00","26,8158922098371","23314","0","11","789","12282","4.74","39","210","210"
"2026-03-16T16:40:11.8680172-03:00","25,5029644912242","23314","0","3","789","12282","4.66","39","210","210"
"2026-03-16T16:40:14.4441591-03:00","25,6241861366641","23313","0","4","789","12282","4.65","39","210","210"
"2026-03-16T16:40:17.0054728-03:00","25,1045904357036","23314","0","4","789","12282","4.62","39","210","210"
"2026-03-16T16:40:19.5683056-03:00","25,4929480710831","23310","0","4","789","12282","4.69","39","210","210"
"2026-03-16T16:40:22.1456658-03:00","25,4141690317046","23310","0","3","789","12282","4.66","39","210","210"
"2026-03-16T16:40:24.7248777-03:00","24,9823958671501","23308","0","6","789","12282","4.69","39","210","210"
"2026-03-16T16:40:27.2830169-03:00","26,2273449399288","23320","0","4","789","12282","4.66","39","210","210"
"2026-03-16T16:40:29.8624071-03:00","25,1594877548701","23318","0","3","789","12282","4.68","39","210","210"
"2026-03-16T16:40:32.4266391-03:00","24,784901893591","23319","0","3","789","12282","4.78","39","210","210"
"2026-03-16T16:40:34.9870450-03:00","25,6988683759365","23316","0","5","789","12282","4.72","39","210","210"
"2026-03-16T16:40:37.5599366-03:00","47,4122900238741","23326","0","2","789","12282","4.95","39","210","210"
"2026-03-16T16:40:40.1480962-03:00","58,6684408098772","23267","0","3","789","12282","4.79","39","210","210"
"2026-03-16T16:40:42.7241666-03:00","58,1385141173713","23242","0","3","789","12282","4.80","39","210","210"
"2026-03-16T16:40:45.2807316-03:00","57,1363706848383","23244","0","3","789","12282","4.67","39","210","210"
"2026-03-16T16:40:47.8448047-03:00","56,9860543688581","23243","0","3","789","12282","4.64","39","210","210"
"2026-03-16T16:40:50.4033164-03:00","50,8747032319914","23250","0","3","789","12282","4.70","39","210","210"
"2026-03-16T16:40:52.9832544-03:00","100","23255","0","3","789","12282","4.68","39","210","210"
"2026-03-16T16:40:55.7303885-03:00","100","23260","0","3","789","12282","4.65","39","210","210"
"2026-03-16T16:40:58.3467612-03:00","100","23256","0","3","789","12282","4.64","39","210","210"
"2026-03-16T16:41:01.0358708-03:00","26,5621249849994","23192","0","2","792","12282","4.83","39","210","210"
"2026-03-16T16:41:03.6141444-03:00","7,39755169419016","23289","0","3","790","12282","4.88","39","210","210"
"2026-03-16T16:41:06.1702163-03:00","7,60906732462752","23291","0","3","790","12282","4.70","39","210","210"
"2026-03-16T16:41:08.7252589-03:00","7,86511058593199","23290","0","3","790","12282","4.65","39","210","210"
"2026-03-16T16:41:11.2828829-03:00","7,16455262851061","23289","0","3","790","12282","4.64","39","210","210"
"2026-03-16T16:41:13.8369591-03:00","6,52185286932988","23291","0","3","790","12282","4.58","39","210","210"
"2026-03-16T16:41:16.4091928-03:00","7,00116823714907","23290","0","3","790","12282","4.63","39","210","210"
"2026-03-16T16:41:18.9637941-03:00","8,35491460838542","23297","0","3","790","12282","4.65","39","210","210"
"2026-03-16T16:41:21.5168587-03:00","8,40829922761491","23296","0","3","790","12282","4.67","39","210","210"
"2026-03-16T16:41:24.0754019-03:00","8,44529455953183","23296","0","3","790","12282","4.71","39","210","210"
"2026-03-16T16:41:26.6340764-03:00","5,99595667818553","23295","0","3","790","12282","4.67","39","210","210"
"2026-03-16T16:41:29.1880615-03:00","6,9028068282397","23295","0","3","790","12282","4.66","39","210","210"
"2026-03-16T16:41:31.7405803-03:00","6,81069304010014","23297","0","3","790","12282","4.70","39","210","210"
"2026-03-16T16:41:34.2953015-03:00","7,42537283124712","23295","0","5","790","12282","4.69","39","210","210"
"2026-03-16T16:41:36.8503381-03:00","6,7074268143826","23295","0","3","790","12282","4.70","39","210","210"
"2026-03-16T16:41:39.4068538-03:00","7,91787504188973","23294","0","3","790","12282","4.69","39","210","210"
"2026-03-16T16:41:41.9666992-03:00","7,70048399445461","23293","0","4","790","12282","4.77","39","210","210"
"2026-03-16T16:41:44.5240306-03:00","7,14813749563224","23289","11","6","791","12282","4.75","39","210","210"
"2026-03-16T16:41:47.0793403-03:00","12,6101035637508","23281","0","3","791","12282","4.78","39","210","210"
"2026-03-16T16:41:49.6604842-03:00","12,575563767456","23295","0","3","791","12282","4.70","39","210","210"
"2026-03-16T16:41:52.2215999-03:00","13,8109467110197","23296","0","3","791","12282","4.66","39","210","210"
"2026-03-16T16:41:54.7807881-03:00","13,8079706300322","23295","0","3","791","12282","4.73","39","210","210"
"2026-03-16T16:41:57.3348512-03:00","12,5840230815607","23296","0","3","791","12282","4.74","39","210","210"
"2026-03-16T16:41:59.8944901-03:00","13,3710797814733","23294","0","3","791","12282","4.95","39","210","210"
"2026-03-16T16:42:02.4520221-03:00","13,9386067973078","23296","0","3","791","12282","4.75","39","210","210"
"2026-03-16T16:42:05.0122177-03:00","15,0986678160941","23294","0","3","791","12282","4.75","39","210","210"
"2026-03-16T16:42:07.5707334-03:00","12,2310861155639","23293","0","3","791","12282","4.74","39","210","210"
"2026-03-16T16:42:10.1270164-03:00","13,911579510188","23292","0","3","791","12282","4.79","39","210","210"
"2026-03-16T16:42:12.6804486-03:00","12,5935573809527","23292","0","3","791","12282","4.74","39","210","210"
"2026-03-16T16:42:15.2364678-03:00","14,9868786003629","23291","0","3","791","12282","4.81","39","210","210"
"2026-03-16T16:42:17.8110666-03:00","14,0774512975512","23289","0","3","791","12282","4.71","39","210","210"
"2026-03-16T16:42:20.3668549-03:00","12,3937901733855","23289","0","3","791","12282","4.71","39","210","210"
"2026-03-16T16:42:22.9237708-03:00","13,3301674586295","23288","0","3","791","12282","4.72","39","210","210"
"2026-03-16T16:42:25.4830711-03:00","14,3825467666249","23280","0","2","791","12282","4.94","39","210","210"
"2026-03-16T16:42:28.0706328-03:00","25,8419928236781","23271","0","11","789","12282","4.88","39","210","210"
"2026-03-16T16:42:30.6195199-03:00","26,4054737974282","23269","0","5","789","12282","4.72","39","210","210"
"2026-03-16T16:42:33.1842236-03:00","27,0464026195057","23269","0","3","789","12282","4.75","39","210","210"
"2026-03-16T16:42:35.7529953-03:00","26,7416050654838","23269","0","3","789","12282","4.69","39","210","210"
"2026-03-16T16:42:38.3214986-03:00","25,7672810778217","23268","0","3","789","12282","4.69","39","210","210"
"2026-03-16T16:42:40.8888705-03:00","26,7574992919378","23270","0","3","789","12282","4.69","39","210","210"
"2026-03-16T16:42:43.4550183-03:00","25,4093224238006","23295","0","3","789","12282","4.66","39","210","210"
"2026-03-16T16:42:46.0090564-03:00","40,2815959136871","23271","0","2","789","12282","5.06","39","210","210"
"2026-03-16T16:42:48.5902745-03:00","47,5708832891373","23269","0","3","785","12282","4.92","39","210","210"
"2026-03-16T16:42:51.1752749-03:00","50,6208915968164","23269","0","3","785","12282","4.67","39","210","210"
"2026-03-16T16:42:53.7438348-03:00","49,7345132918894","23266","0","3","785","12282","4.66","39","210","210"
"2026-03-16T16:42:56.3099440-03:00","52,1020267383004","23272","0","0","790","12282","4.80","39","210","210"
"2026-03-16T16:42:58.8787969-03:00","50,5746696702146","23268","0","3","790","12282","4.86","39","210","210"
"2026-03-16T16:43:01.4399249-03:00","50,6537503008008","23269","0","6","790","12282","4.74","39","210","210"
"2026-03-16T16:43:04.0070374-03:00","51,8059330515632","23271","0","7","790","12282","4.70","39","210","210"
"2026-03-16T16:43:06.5679018-03:00","50,4658145267717","23269","0","3","790","12282","4.71","39","210","210"
"2026-03-16T16:43:09.1330830-03:00","50,9790828534238","23267","0","3","790","12282","4.75","39","210","210"
"2026-03-16T16:43:11.6842289-03:00","50,4849664950822","23265","0","5","790","12282","4.77","39","210","210"
"2026-03-16T16:43:14.2553684-03:00","53,0768532786604","23473","0","3","789","12282","4.72","39","210","210"
"2026-03-16T16:43:16.8240364-03:00","100","23257","0","3","789","12282","4.87","39","210","210"
"2026-03-16T16:43:19.5724481-03:00","100","23252","0","3","789","12282","4.69","39","210","210"
"2026-03-16T16:43:22.1898237-03:00","100","23249","0","3","789","12282","4.67","39","210","210"
"2026-03-16T16:43:24.8245294-03:00","100","23248","0","3","789","12282","4.68","39","210","210"
"2026-03-16T16:43:27.4596472-03:00","52,6542249152306","23323","0","0","788","12282","68.53","41","2775","2775"
"2026-03-16T16:43:30.0475260-03:00","8,28283691803335","23313","0","0","788","12282","24.01","40","465","465"
"2026-03-16T16:43:32.5960749-03:00","8,78886939605009","23313","0","0","788","12282","15.12","40","225","225"
"2026-03-16T16:43:35.1456119-03:00","7,92861545280157","23312","0","1","788","12282","5.86","39","210","210"
"2026-03-16T16:43:37.7049141-03:00","8,47849884734762","23314","0","7","788","12282","4.67","39","210","210"
"2026-03-16T16:43:40.2770894-03:00","7,39946288157804","23311","0","6","788","12282","4.65","39","210","210"
"2026-03-16T16:43:42.8308042-03:00","8,10053311997572","23337","0","8","788","12282","4.67","39","210","210"
"2026-03-16T16:43:45.3863291-03:00","6,96271214362377","23337","0","4","788","12282","4.67","39","210","210"
"2026-03-16T16:43:47.9434032-03:00","6,07238788361419","23333","0","4","788","12282","4.61","39","210","210"
"2026-03-16T16:43:50.4990745-03:00","7,40414170480486","23334","0","4","788","12282","4.63","39","210","210"
"2026-03-16T16:43:53.0562557-03:00","6,94205761644953","23332","0","5","788","12282","4.62","39","210","210"
"2026-03-16T16:43:55.6110800-03:00","8,36605356060181","23333","0","3","788","12282","4.64","39","210","210"
"2026-03-16T16:43:58.1685130-03:00","7,50911244143238","23330","0","6","788","12282","4.63","39","210","210"
"2026-03-16T16:44:00.7268048-03:00","6,21275995742375","23336","9","4","789","12282","4.80","39","210","210"
"2026-03-16T16:44:03.2768335-03:00","6,42055588404776","23327","0","3","790","12282","4.78","39","210","210"
"2026-03-16T16:44:05.8325214-03:00","7,28015457065816","23330","0","3","790","12282","4.71","39","210","210"
"2026-03-16T16:44:08.3910431-03:00","8,01877318074025","23328","0","3","790","12282","4.69","39","210","210"
"2026-03-16T16:44:10.9462772-03:00","6,89464000519315","23329","0","3","790","12282","4.65","39","210","210"
"2026-03-16T16:44:13.5012602-03:00","8,02593307472224","23316","0","3","790","12282","4.62","39","210","210"
"2026-03-16T16:44:16.0563680-03:00","7,25870628435784","23317","0","3","790","12282","4.89","39","210","210"
"2026-03-16T16:44:18.6219705-03:00","7,88143069978554","23314","0","3","790","12282","4.60","39","210","210"
"2026-03-16T16:44:21.1776128-03:00","6,99464301552986","23314","0","3","790","12282","4.63","39","210","210"
"2026-03-16T16:44:23.7306847-03:00","7,27084598365059","23311","0","3","790","12282","4.58","39","210","210"
"2026-03-16T16:44:26.2842157-03:00","6,1719189386275","23311","0","3","790","12282","4.56","39","210","210"
"2026-03-16T16:44:28.8422370-03:00","7,73790404767399","23311","0","3","790","12282","4.63","39","210","210"
"2026-03-16T16:44:31.3994250-03:00","6,54840801885626","23310","0","3","790","12282","4.60","39","210","210"
"2026-03-16T16:44:33.9544956-03:00","8,0635451932113","23309","0","3","790","12282","4.63","39","210","210"
"2026-03-16T16:44:36.5155037-03:00","7,61863094684423","23309","0","3","790","12282","4.62","39","210","210"
"2026-03-16T16:44:39.0742120-03:00","7,18499051403985","23271","0","3","790","12282","4.54","39","210","210"
"2026-03-16T16:44:41.6298549-03:00","6,89297906300622","23269","0","3","790","12282","4.62","39","210","210"
"2026-03-16T16:44:44.1853749-03:00","7,99067771439147","23268","0","3","790","12282","4.65","39","210","210"
"2026-03-16T16:44:46.7434045-03:00","8,12043908691669","23350","0","4","790","12282","4.59","39","210","210"
"2026-03-16T16:44:49.3000862-03:00","8,29741047350422","23383","0","3","790","12282","4.64","39","210","210"
"2026-03-16T16:44:51.8571132-03:00","8,07048296636873","23383","0","3","790","12282","4.58","39","210","210"
"2026-03-16T16:44:54.4143564-03:00","7,89740679683385","23385","0","3","790","12282","4.58","39","210","210"
"2026-03-16T16:44:56.9698629-03:00","8,00481248827419","23382","0","3","790","12282","4.66","39","210","210"
"2026-03-16T16:44:59.5243448-03:00","6,37188441485647","23381","0","3","790","12282","4.80","39","210","210"
"2026-03-16T16:45:02.0994347-03:00","7,49462620655122","23386","0","3","790","12282","4.62","39","210","210"
"2026-03-16T16:45:04.6617574-03:00","7,79021033676019","23384","0","2","790","12282","4.77","39","210","210"
"2026-03-16T16:45:07.2210355-03:00","12,6371289268676","23387","0","3","789","12282","4.74","39","210","210"
"2026-03-16T16:45:09.7985855-03:00","13,3379438343449","23386","0","3","789","12282","4.64","39","210","210"
"2026-03-16T16:45:12.3764010-03:00","13,1398902071532","23387","0","5","789","12282","4.67","39","210","210"
"2026-03-16T16:45:14.9326498-03:00","12,3315962480859","23387","0","3","789","12282","4.75","39","210","210"
"2026-03-16T16:45:17.5058788-03:00","13,5809247069392","23389","0","3","789","12282","4.74","39","210","210"
"2026-03-16T16:45:20.0827795-03:00","13,7027573107754","23388","0","3","789","12282","4.75","39","210","210"
"2026-03-16T16:45:22.6407279-03:00","13,8722689588594","23390","0","3","789","12282","4.76","39","210","210"
"2026-03-16T16:45:25.1954054-03:00","13,4641949375731","23389","0","3","789","12282","4.73","39","210","210"
"2026-03-16T16:45:27.7526999-03:00","12,8872972176628","23390","0","3","789","12282","4.71","39","210","210"
"2026-03-16T16:45:30.3128384-03:00","13,3963735152056","23389","0","3","789","12282","4.65","39","210","210"
"2026-03-16T16:45:32.8706464-03:00","12,6746822501331","23390","0","3","789","12282","4.66","39","210","210"
"2026-03-16T16:45:35.4418358-03:00","12,6614368005239","23389","0","3","789","12282","4.64","39","210","210"
"2026-03-16T16:45:37.9975587-03:00","13,6903907469997","23389","0","3","789","12282","4.70","39","210","210"
"2026-03-16T16:45:40.5560508-03:00","12,2851603014984","23389","0","3","789","12282","4.70","39","210","210"
"2026-03-16T16:45:43.1142586-03:00","13,968875292188","23389","0","3","789","12282","4.68","39","210","210"
"2026-03-16T16:45:45.6727749-03:00","14,5240894676234","23388","0","5","789","12282","4.78","39","210","210"
"2026-03-16T16:45:48.2268578-03:00","13,0957791226465","23388","0","3","789","12282","4.74","39","210","210"
"2026-03-16T16:45:50.7866566-03:00","13,5408686021585","23389","0","3","789","12282","4.66","39","210","210"
"2026-03-16T16:45:53.3440773-03:00","14,0661866380111","23390","0","3","789","12282","4.65","39","210","210"
"2026-03-16T16:45:55.9012194-03:00","18,0087720299374","23399","0","2","789","12282","4.90","39","210","210"
"2026-03-16T16:45:58.4686304-03:00","25,9766711192892","23393","0","18","789","12282","4.79","39","210","210"
"2026-03-16T16:46:01.0230778-03:00","26,3463979542124","23397","0","5","789","12282","4.68","39","210","210"
"2026-03-16T16:46:03.6024878-03:00","26,1399934531108","23395","0","4","789","12282","4.67","39","210","210"
"2026-03-16T16:46:06.1645793-03:00","25,7149836725408","23396","0","3","789","12282","4.67","39","210","210"
"2026-03-16T16:46:08.7301599-03:00","26,2986398001983","23396","0","3","789","12282","4.66","39","210","210"
"2026-03-16T16:46:11.3066571-03:00","24,7684668129974","23394","0","6","789","12282","4.59","39","210","210"
"2026-03-16T16:46:13.8676325-03:00","25,4422749661475","23404","0","4","789","12282","4.71","39","210","210"
"2026-03-16T16:46:16.4326791-03:00","26,1918941391201","23404","0","3","789","12282","4.67","39","210","210"
"2026-03-16T16:46:18.9844065-03:00","26,3716866345732","23403","0","3","789","12282","4.62","39","210","210"
"2026-03-16T16:46:21.5496894-03:00","25,5241372320338","23402","0","5","789","12282","4.64","39","210","210"
"2026-03-16T16:46:24.1136225-03:00","26,7669062103503","23405","0","2","789","12282","4.78","39","210","210"
"2026-03-16T16:46:26.7002942-03:00","50,2070162873538","23409","0","3","789","12282","4.71","39","210","210"
"2026-03-16T16:46:29.2497413-03:00","50,6680237955836","23407","0","3","789","12282","4.60","39","210","210"
"2026-03-16T16:46:31.8179100-03:00","50,0997351046733","23407","0","3","789","12282","4.67","39","210","210"
"2026-03-16T16:46:34.3831344-03:00","50,6368583656055","23406","0","3","789","12282","4.74","39","210","210"
"2026-03-16T16:46:36.9490139-03:00","49,7703424607381","23404","0","3","789","12282","4.64","39","210","210"
"2026-03-16T16:46:39.5082726-03:00","45,6086704218109","23403","0","7","789","12282","4.88","39","210","210"
"2026-03-16T16:46:42.1726408-03:00","100","23401","0","9","789","12282","4.76","39","210","210"
"2026-03-16T16:46:44.8335095-03:00","100","23401","0","4","789","12282","4.64","39","210","210"
"2026-03-16T16:46:47.5271788-03:00","100","23336","0","2","791","12282","4.79","39","210","210"
"2026-03-16T16:46:50.1715782-03:00","8,01000176534301","23326","0","3","790","12282","4.79","39","210","210"
"2026-03-16T16:46:52.7305359-03:00","6,51323648718872","23325","0","3","790","12282","4.71","39","210","210"
"2026-03-16T16:46:55.2887692-03:00","6,72350164230485","23324","0","3","790","12282","4.68","39","210","210"
"2026-03-16T16:46:57.8448614-03:00","8,16099513886015","23324","0","3","790","12282","4.72","39","210","210"
"2026-03-16T16:47:00.4029972-03:00","7,5862719543226","23323","0","3","790","12282","4.82","39","210","210"
"2026-03-16T16:47:02.9556928-03:00","8,21123398740017","23321","0","3","790","12282","4.66","39","210","210"
"2026-03-16T16:47:05.5132447-03:00","7,22892879095036","23321","0","3","790","12282","4.78","39","210","210"
"2026-03-16T16:47:08.0669928-03:00","7,52411609960757","23317","0","5","790","12282","4.80","39","210","210"
"2026-03-16T16:47:10.6202954-03:00","6,85920913363409","23319","0","3","790","12282","4.75","39","210","210"
"2026-03-16T16:47:13.1805788-03:00","6,44454277440865","23317","0","3","790","12282","4.58","39","210","210"
"2026-03-16T16:47:15.7355198-03:00","8,59225381485658","23314","1","0","790","12282","4.86","39","210","210"
"2026-03-16T16:47:18.3001552-03:00","8,61407422989128","23291","0","0","790","12282","4.54","39","210","210"
"2026-03-16T16:47:20.8396832-03:00","6,96738578063054","23284","0","0","790","12282","4.28","39","210","210"
"2026-03-16T16:47:23.3951543-03:00","8,03187980707534","23292","0","0","790","12282","4.19","39","210","210"
"2026-03-16T16:47:25.9360517-03:00","6,7126302259265","23291","0","0","790","12282","4.18","39","210","210"
"2026-03-16T16:47:28.4924044-03:00","7,6454093071144","23291","0","0","790","12282","4.15","39","210","210"
"2026-03-16T16:47:31.0372019-03:00","7,29453757916108","23293","0","0","790","12282","4.28","39","210","210"
"2026-03-16T16:47:33.5791884-03:00","10,8832848807589","23282","0","0","790","12282","4.61","39","210","210"
"2026-03-16T16:47:36.1377962-03:00","13,8795999496473","23280","0","0","789","12282","4.27","39","210","210"
"2026-03-16T16:47:38.6901400-03:00","13,2447884507057","23281","0","0","789","12282","4.23","39","210","210"
"2026-03-16T16:47:41.2323238-03:00","13,3526127070948","23279","0","1","789","12282","4.28","39","210","210"
"2026-03-16T16:47:43.7929494-03:00","12,3923377272393","23278","0","0","789","12282","4.20","39","210","210"
"2026-03-16T16:47:46.3381402-03:00","13,4845699122492","23277","0","0","789","12282","4.18","39","210","210"
"2026-03-16T16:47:48.9112961-03:00","13,381924309034","23278","0","0","789","12282","4.19","39","210","210"
"2026-03-16T16:47:51.4554350-03:00","12,9614954542516","23276","0","0","789","12282","4.15","39","210","210"
"2026-03-16T16:47:53.9995767-03:00","13,0614609838973","23275","0","0","789","12282","4.11","39","210","210"
"2026-03-16T16:47:56.5580744-03:00","12,9496797408293","23272","0","0","789","12282","4.12","39","210","210"
"2026-03-16T16:47:59.1021843-03:00","13,8958705858395","23272","0","0","789","12282","4.17","39","210","210"
"2026-03-16T16:48:01.6576229-03:00","13,0399491033946","23269","0","0","789","12282","4.13","39","210","210"
"2026-03-16T16:48:04.1992803-03:00","11,8532257154011","23268","0","0","789","12282","4.14","39","210","210"
"2026-03-16T16:48:06.7438136-03:00","14,2033817580363","23266","0","0","789","12282","4.14","39","210","210"
"2026-03-16T16:48:09.2901630-03:00","13,3849887989155","23265","0","0","789","12282","4.12","39","210","210"
"2026-03-16T16:48:11.8346640-03:00","22,3800575637489","23243","0","0","789","12282","4.51","39","210","210"
"2026-03-16T16:48:14.3954049-03:00","26,2235855684412","23243","0","0","789","12282","4.11","39","210","210"
"2026-03-16T16:48:16.9527077-03:00","25,5315656661441","23241","0","0","789","12282","4.08","39","210","210"
"2026-03-16T16:48:19.5080376-03:00","25,1652658570269","23240","0","0","789","12282","4.08","39","210","210"
"2026-03-16T16:48:22.0767002-03:00","25,7880626558482","23240","0","0","789","12282","4.15","39","210","210"
"2026-03-16T16:48:24.6174897-03:00","25,1922444069474","23237","0","0","789","12282","4.11","39","210","210"
"2026-03-16T16:48:27.1745708-03:00","25,1635460140892","23237","0","0","789","12282","4.11","39","210","210"
"2026-03-16T16:48:29.7313930-03:00","26,7349363370569","23206","0","0","789","12282","4.32","39","210","210"
"2026-03-16T16:48:32.3226145-03:00","48,2572250771713","23209","0","0","789","12282","4.33","39","210","210"
"2026-03-16T16:48:34.8838992-03:00","51,1986660999797","23208","0","1","789","12282","4.09","39","210","210"
"2026-03-16T16:48:37.4382809-03:00","50,1365013276156","23206","0","0","789","12282","4.05","39","210","210"
"2026-03-16T16:48:40.0106389-03:00","44,4021910119461","23203","0","0","790","12282","4.44","39","210","210"
"2026-03-16T16:48:42.5721229-03:00","50,4484615108784","23204","0","0","790","12282","4.19","39","210","210"
"2026-03-16T16:48:45.1287323-03:00","50,4269550100202","23202","0","0","790","12282","4.13","39","210","210"
"2026-03-16T16:48:47.6700595-03:00","49,5265904665548","23201","0","0","790","12282","4.11","39","210","210"
"2026-03-16T16:48:50.2238072-03:00","50,4018245779989","23282","0","0","790","12282","4.09","39","210","210"
"2026-03-16T16:48:52.7854903-03:00","50,1456398071217","23281","0","1","790","12282","4.10","39","210","210"
"2026-03-16T16:48:55.3384326-03:00","50,7307587171254","23280","0","0","790","12282","4.15","39","210","210"
"2026-03-16T16:48:57.8960362-03:00","50,7115912421035","23279","0","0","790","12282","4.15","39","210","210"
"2026-03-16T16:49:00.4599975-03:00","100","23270","0","0","779","12282","4.14","39","210","210"
"2026-03-16T16:49:03.1589803-03:00","100","23268","0","0","779","12282","4.09","39","210","210"
"2026-03-16T16:49:05.8262109-03:00","100","23265","0","0","779","12282","4.10","39","210","210"
"2026-03-16T16:49:08.4617328-03:00","100","23266","0","0","779","12282","4.16","38","210","210"
"2026-03-16T16:49:11.0972270-03:00","81,6298782868761","23346","0","0","788","12282","44.51","41","2775","2775"
"2026-03-16T16:49:13.6733254-03:00","7,45278230822609","23332","0","0","788","12282","23.04","40","555","555"
"2026-03-16T16:49:16.2378587-03:00","7,08750694588773","23330","0","0","788","12282","14.54","40","210","210"
"2026-03-16T16:49:18.7919154-03:00","6,10173732409183","23329","0","0","788","12282","4.89","39","210","210"
"2026-03-16T16:49:21.3562888-03:00","6,6531345198771","23330","0","0","788","12282","4.23","39","210","210"
"2026-03-16T16:49:23.9083712-03:00","7,9924374588732","23329","0","0","788","12282","4.12","39","210","210"
"2026-03-16T16:49:26.4731374-03:00","7,62672502657453","23329","0","0","788","12282","4.09","39","210","210"
"2026-03-16T16:49:29.0392862-03:00","7,43110522618444","23329","0","0","788","12282","4.14","39","210","210"
"2026-03-16T16:49:31.6026064-03:00","7,03356589505946","23329","0","0","788","12282","4.18","39","210","210"
"2026-03-16T16:49:34.1664759-03:00","6,27581202570472","23327","0","0","788","12282","4.20","39","210","210"
"2026-03-16T16:49:36.7292264-03:00","6,34826298428818","23326","0","0","788","12282","4.12","39","210","210"
"2026-03-16T16:49:39.2960691-03:00","8,96940398845352","23287","0","0","788","12282","4.17","39","210","210"
"2026-03-16T16:49:41.8649754-03:00","7,18490868750045","23290","0","0","788","12282","4.18","39","210","210"
"2026-03-16T16:49:44.4308664-03:00","6,73842750766838","23279","2","0","790","12282","4.22","39","210","210"
"2026-03-16T16:49:46.9990030-03:00","7,79278097450714","23278","0","0","790","12282","4.28","39","210","210"
"2026-03-16T16:49:49.5531243-03:00","7,16324787941406","23310","0","0","790","12282","4.11","39","210","210"
"2026-03-16T16:49:52.1212164-03:00","7,02675121230489","23310","0","0","790","12282","4.07","39","210","210"
"2026-03-16T16:49:54.6839535-03:00","7,79175769691175","23308","0","0","790","12282","4.09","39","210","210"
"2026-03-16T16:49:57.2485473-03:00","7,8469593782589","23305","0","0","790","12282","4.09","39","210","210"
"2026-03-16T16:49:59.8159841-03:00","6,80681349160326","23304","0","0","790","12282","4.09","39","210","210"
"2026-03-16T16:50:02.3671925-03:00","6,76116081113695","23306","0","0","790","12282","4.05","39","210","210"
"2026-03-16T16:50:04.9190331-03:00","6,7483399539854","23306","0","0","790","12282","4.07","39","210","210"
"2026-03-16T16:50:07.4848527-03:00","7,53909472755565","23304","0","0","790","12282","4.12","39","210","210"
"2026-03-16T16:50:10.0378492-03:00","6,90670720027852","23303","0","0","790","12282","4.10","39","210","210"
"2026-03-16T16:50:12.6011202-03:00","6,73981892431241","23301","0","0","790","12282","4.14","39","210","210"
"2026-03-16T16:50:15.1675182-03:00","6,97419049336661","23302","0","0","790","12282","4.14","39","210","210"
"2026-03-16T16:50:17.7350123-03:00","6,16536427343842","23299","0","0","790","12282","4.09","39","210","210"
"2026-03-16T16:50:20.2995909-03:00","7,59832514943733","23301","0","0","790","12282","4.08","39","210","210"
"2026-03-16T16:50:22.8648195-03:00","7,73580013706291","23298","0","0","790","12282","4.14","39","210","210"
"2026-03-16T16:50:25.4302371-03:00","6,05859214827484","23298","0","0","790","12282","4.14","39","210","210"
"2026-03-16T16:50:27.9963433-03:00","6,61993386365306","23296","0","1","790","12282","4.09","39","210","210"
"2026-03-16T16:50:30.5600070-03:00","6,3194898085973","23295","0","0","790","12282","4.10","39","210","210"
"2026-03-16T16:50:33.1261930-03:00","6,76522952294343","23296","0","0","790","12282","4.12","39","210","210"
"2026-03-16T16:50:35.6912561-03:00","7,2602193970329","23295","0","0","790","12282","4.13","39","210","210"
"2026-03-16T16:50:38.2451792-03:00","6,84678486498926","23293","0","0","790","12282","4.08","39","210","210"
"2026-03-16T16:50:40.7992858-03:00","6,63727592759752","23292","0","0","790","12282","4.03","39","210","210"
"2026-03-16T16:50:43.3620220-03:00","6,88630825199188","23293","0","0","790","12282","4.07","39","210","210"
"2026-03-16T16:50:45.9252184-03:00","7,10657682247949","23291","0","2","790","12282","4.14","39","210","210"
"2026-03-16T16:50:48.4902856-03:00","6,42943878442557","23291","0","0","790","12282","4.29","39","210","210"
"2026-03-16T16:50:51.0607137-03:00","14,3895093710001","23288","0","0","789","12282","4.31","39","210","210"
"2026-03-16T16:50:53.6201955-03:00","13,2004223804069","23290","0","0","789","12282","4.09","39","210","210"
"2026-03-16T16:50:56.1868085-03:00","13,7360772929771","23290","0","0","789","12282","4.10","39","210","210"
"2026-03-16T16:50:58.7427410-03:00","13,5355333499711","23288","0","0","789","12282","4.12","39","210","210"
"2026-03-16T16:51:01.2993478-03:00","13,3134453863835","23289","0","0","789","12282","4.10","39","210","210"
"2026-03-16T16:51:03.8383376-03:00","13,092942169745","23290","0","0","789","12282","4.24","39","210","210"
"2026-03-16T16:51:06.3927575-03:00","12,7236399064864","23288","0","0","789","12282","4.19","39","210","210"
"2026-03-16T16:51:08.9490882-03:00","13,5027291003231","23289","0","0","789","12282","4.16","39","210","210"
"2026-03-16T16:51:11.5184003-03:00","14,5044081690987","23288","0","0","789","12282","4.15","39","210","210"
"2026-03-16T16:51:14.0801570-03:00","14,5124324025583","23290","0","0","789","12282","4.17","39","210","210"
"2026-03-16T16:51:16.6458555-03:00","12,4732535205865","23289","0","0","789","12282","4.12","39","210","210"
"2026-03-16T16:51:19.2114713-03:00","12,7764534102494","23288","0","0","789","12282","4.06","39","210","210"
"2026-03-16T16:51:21.7766754-03:00","12,4085141703685","23289","0","0","789","12282","4.03","39","210","210"
"2026-03-16T16:51:24.3440820-03:00","13,850301774174","23285","0","0","789","12282","4.06","38","210","210"
"2026-03-16T16:51:26.8989200-03:00","14,0717250728092","23295","0","0","789","12282","4.04","38","210","210"
"2026-03-16T16:51:29.4483749-03:00","12,7474247684071","23293","0","0","789","12282","4.03","38","210","210"
"2026-03-16T16:51:32.0185651-03:00","12,9401168772167","23294","0","0","789","12282","3.97","38","210","210"
"2026-03-16T16:51:34.5959725-03:00","12,7532772361834","23291","0","0","789","12282","4.09","38","210","210"
"2026-03-16T16:51:37.1603183-03:00","12,8058492428281","23292","0","0","789","12282","4.03","38","210","210"
"2026-03-16T16:51:39.7357295-03:00","13,793789027338","23294","0","0","789","12282","4.39","38","210","210"
"2026-03-16T16:51:42.2874960-03:00","25,2977584136857","23294","0","0","789","12282","4.23","38","210","210"
"2026-03-16T16:51:44.8489908-03:00","25,6129304125078","23291","0","0","789","12282","4.09","38","210","210"
"2026-03-16T16:51:47.4063873-03:00","34,017675634355","23175","0","3","823","12282","4.91","39","210","210"
"2026-03-16T16:51:49.9747923-03:00","27,6867660341695","23167","0","3","830","12282","4.84","39","210","210"
"2026-03-16T16:51:52.5267635-03:00","25,6390524895377","23182","0","23","830","12282","4.74","39","210","210"
"2026-03-16T16:51:55.0847772-03:00","25,9499240228621","23180","0","3","830","12282","4.57","39","210","210"
"2026-03-16T16:51:57.6237304-03:00","27,4540329982583","23185","0","3","830","12282","4.59","39","210","210"
"2026-03-16T16:52:00.1874168-03:00","25,0364474903384","23273","0","3","790","12282","4.88","39","210","210"
"2026-03-16T16:52:02.7558185-03:00","25,3490322038599","23281","0","4","790","12282","4.64","39","210","210"
"2026-03-16T16:52:05.3078587-03:00","25,2706073360482","23282","0","5","790","12282","4.61","39","210","210"
"2026-03-16T16:52:07.8552454-03:00","31,0530883763256","23279","0","3","780","12282","4.82","39","210","210"
"2026-03-16T16:52:10.4407077-03:00","50,2361543296287","23279","0","3","780","12282","4.80","39","210","210"
"2026-03-16T16:52:12.9985858-03:00","50,6427959554635","23285","0","3","780","12282","4.70","39","210","210"
"2026-03-16T16:52:15.5547672-03:00","51,1489809311427","23291","0","3","780","12282","4.67","39","210","210"
"2026-03-16T16:52:18.1159920-03:00","50,5394615394719","23298","0","3","780","12282","4.71","39","210","210"
"2026-03-16T16:52:20.6737699-03:00","50,2171190012446","23297","0","5","780","12282","4.61","39","210","210"
"2026-03-16T16:52:23.2508397-03:00","100","23302","0","2","790","12282","4.88","39","210","210"
"2026-03-16T16:52:25.8974458-03:00","100","23300","0","5","790","12282","4.68","39","210","210"
"2026-03-16T16:52:28.5317053-03:00","100","23300","0","3","790","12282","4.68","39","210","210"
"2026-03-16T16:52:31.1641266-03:00","62,3392741629676","23232","0","2","791","12282","4.95","39","210","210"
"2026-03-16T16:52:33.7332731-03:00","7,40906690247022","23222","0","3","791","12282","4.86","39","210","210"
"2026-03-16T16:52:36.2935565-03:00","8,06539888099018","23222","0","3","791","12282","4.60","39","210","210"
"2026-03-16T16:52:38.8509910-03:00","8,21199915378212","23219","0","3","791","12282","4.59","39","210","210"
"2026-03-16T16:52:41.3997587-03:00","7,09050513456293","23219","0","3","791","12282","4.66","39","210","210"
"2026-03-16T16:52:43.9752424-03:00","8,5755834732483","23217","0","3","791","12282","4.64","39","210","210"
"2026-03-16T16:52:46.5468955-03:00","8,02591296168457","23231","0","3","791","12282","4.63","39","210","210"
"2026-03-16T16:52:49.1077003-03:00","6,5854506361009","23225","0","3","791","12282","4.59","39","210","210"
"2026-03-16T16:52:51.6687236-03:00","7,36230217671884","23226","0","3","791","12282","4.63","39","210","210"
"2026-03-16T16:52:54.2449522-03:00","7,03934304077912","23224","0","3","791","12282","4.74","39","210","210"
"2026-03-16T16:52:56.8178827-03:00","8,19581808353312","23223","0","3","791","12282","4.70","39","210","210"
"2026-03-16T16:52:59.3918112-03:00","8,55938495337888","23221","0","3","791","12282","4.74","39","210","210"
"2026-03-16T16:53:01.9599036-03:00","8,02754080683953","23223","0","3","791","12282","4.63","39","210","210"
"2026-03-16T16:53:04.5127621-03:00","7,76834692504443","23223","0","3","791","12282","4.58","39","210","210"
"2026-03-16T16:53:07.0628988-03:00","8,52270229618313","23221","0","3","791","12282","4.55","39","210","210"
"2026-03-16T16:53:09.6141779-03:00","8,40036811749554","23220","0","3","791","12282","4.62","39","210","210"
"2026-03-16T16:53:12.1621350-03:00","7,47995898504048","23218","0","3","791","12282","4.61","39","210","210"
"2026-03-16T16:53:14.7174763-03:00","6,83708750150669","23286","0","3","790","12282","4.59","39","210","210"
"2026-03-16T16:53:17.2918373-03:00","14,065023922059","23313","0","3","790","12282","4.69","39","210","210"
"2026-03-16T16:53:19.8365944-03:00","14,2230173728692","23314","0","3","790","12282","4.72","39","210","210"
"2026-03-16T16:53:22.4000627-03:00","14,4884176353211","23313","0","3","790","12282","4.60","39","210","210"
"2026-03-16T16:53:24.9669386-03:00","12,8777123996043","23311","0","3","790","12282","4.68","39","210","210"
"2026-03-16T16:53:27.5339607-03:00","14,5905806790292","23310","0","3","790","12282","4.62","39","210","210"
"2026-03-16T16:53:30.0971581-03:00","14,2330233186835","23308","0","4","790","12282","4.64","39","210","210"
"2026-03-16T16:53:32.6534563-03:00","13,4867535655803","23306","0","3","790","12282","4.64","39","210","210"
"2026-03-16T16:53:35.2055197-03:00","13,9074107150248","23307","0","3","790","12282","4.71","39","210","210"
"2026-03-16T16:53:37.7703394-03:00","13,4518882571123","23321","0","3","790","12282","4.64","39","210","210"
"2026-03-16T16:53:40.3319492-03:00","12,9763048278969","23316","0","3","790","12282","4.68","39","210","210"
"2026-03-16T16:53:42.8943637-03:00","12,9020049981472","23317","0","3","790","12282","4.65","39","210","210"
"2026-03-16T16:53:45.4555845-03:00","12,7307777684834","23315","0","3","790","12282","4.68","39","210","210"
"2026-03-16T16:53:48.0335890-03:00","15,519754389845","23316","0","3","790","12282","4.96","39","210","210"
"2026-03-16T16:53:50.5825733-03:00","13,6765391980885","23315","0","3","790","12282","4.62","38","210","210"
"2026-03-16T16:53:53.1439829-03:00","12,7078030695135","23316","0","3","790","12282","4.61","39","210","210"
"2026-03-16T16:53:55.7218378-03:00","25,3968325297521","23302","0","5","790","12282","4.68","39","210","210"
"2026-03-16T16:53:58.2740698-03:00","25,6668505249838","23302","0","3","790","12282","4.61","39","210","210"
"2026-03-16T16:54:00.8301267-03:00","25,9823999886409","23310","0","3","790","12282","4.63","39","210","210"
"2026-03-16T16:54:03.3820575-03:00","25,8513772397571","23310","0","4","790","12282","4.62","39","210","210"
"2026-03-16T16:54:05.9378195-03:00","27,2451235598075","23307","0","4","790","12282","4.57","39","210","210"
"2026-03-16T16:54:08.5057410-03:00","26,3209842242254","23308","0","3","790","12282","4.64","38","210","210"
"2026-03-16T16:54:11.0596751-03:00","25,9985185943959","23306","0","3","790","12282","4.61","39","210","210"
"2026-03-16T16:54:13.6137125-03:00","25,9198985201488","23278","0","5","790","12282","4.74","39","210","210"
"2026-03-16T16:54:16.1900087-03:00","47,9642182227871","23280","0","3","786","12282","4.82","39","210","210"
"2026-03-16T16:54:18.7668862-03:00","49,4187936131394","23280","0","3","786","12282","4.70","39","210","210"
"2026-03-16T16:54:21.3262959-03:00","50,2098193028591","23279","0","3","786","12282","4.61","39","210","210"
"2026-03-16T16:54:23.8875711-03:00","43,3682166311876","23284","0","2","791","12282","4.78","39","210","210"
"2026-03-16T16:54:26.4745621-03:00","51,27889708935","23274","0","3","791","12282","4.78","39","210","210"
"2026-03-16T16:54:29.0414652-03:00","49,8730102784183","23272","0","3","791","12282","4.66","39","210","210"
"2026-03-16T16:54:31.6030245-03:00","51,4106815942326","23270","0","3","791","12282","4.58","39","210","210"
"2026-03-16T16:54:34.1642822-03:00","50,3973147816724","23269","0","3","791","12282","4.54","39","210","210"
"2026-03-16T16:54:36.7262505-03:00","50,5219150462333","23230","0","3","791","12282","4.64","38","210","210"
"2026-03-16T16:54:39.2845033-03:00","50,3574197653359","23224","0","3","791","12282","4.65","39","210","210"
"2026-03-16T16:54:41.8460549-03:00","50,2600306119668","23221","0","3","791","12282","4.65","38","210","210"
"2026-03-16T16:54:44.4070267-03:00","66,050020125167","23210","0","2","790","12282","4.82","39","210","210"
"2026-03-16T16:54:47.0915910-03:00","100","23195","0","3","790","12282","4.80","39","210","210"
"2026-03-16T16:54:49.7178261-03:00","99,9037797436951","23235","0","3","790","12282","4.71","38","210","210"
"2026-03-16T16:54:52.3651894-03:00","100","23258","0","3","790","12282","4.64","39","210","210"
"2026-03-16T16:54:54.9619368-03:00","100","23430","63","68","790","12282","22.26","46","2490","2490"
"2026-03-16T16:54:57.5906505-03:00","9,06199558676669","23312","0","0","791","12282","33.08","41","2775","2775"
"2026-03-16T16:55:00.1543834-03:00","7,41915448462487","23315","0","0","791","12282","15.36","40","315","315"
"2026-03-16T16:55:02.7164102-03:00","7,4980308959352","23314","0","0","791","12282","15.16","40","225","225"
"2026-03-16T16:55:05.2907304-03:00","7,37907937128839","23315","0","5","791","12282","4.82","39","210","210"
"2026-03-16T16:55:07.8396190-03:00","7,3117037471894","23315","0","5","791","12282","4.61","39","210","210"
"2026-03-16T16:55:10.4134167-03:00","6,29811911888404","23314","0","9","791","12282","4.61","39","210","210"
"2026-03-16T16:55:12.9756592-03:00","6,79740749229381","23303","0","5","791","12282","4.61","39","210","210"
"2026-03-16T16:55:15.5325434-03:00","6,9076632923449","23303","0","8","791","12282","4.66","39","210","210"
"2026-03-16T16:55:18.0839225-03:00","8,02627009060698","23300","0","6","791","12282","4.67","39","210","210"
"2026-03-16T16:55:20.6373143-03:00","6,90028517895781","23304","0","3","791","12282","4.81","39","210","210"
"2026-03-16T16:55:23.1875014-03:00","7,15968039106626","23303","0","4","791","12282","4.63","39","210","210"
"2026-03-16T16:55:25.7588776-03:00","7,2132103843214","23304","0","3","791","12282","4.70","39","210","210"
"2026-03-16T16:55:28.3165142-03:00","7,49923367221996","23301","0","3","791","12282","4.77","39","210","210"
"2026-03-16T16:55:30.8901413-03:00","7,10775888901892","23301","0","2","791","12282","4.94","39","210","210"
"2026-03-16T16:55:33.4450029-03:00","8,04989026602057","23299","0","3","791","12282","5.03","39","210","210"
"2026-03-16T16:55:36.0074869-03:00","7,22875997002382","23299","0","3","791","12282","4.67","39","210","210"
"2026-03-16T16:55:38.5720323-03:00","7,26007620845827","23297","0","3","791","12282","4.69","39","210","210"
"2026-03-16T16:55:41.1326860-03:00","6,64310589845257","23297","0","3","791","12282","4.69","39","210","210"
"2026-03-16T16:55:43.6948456-03:00","7,34680531606081","23296","0","3","791","12282","4.70","39","210","210"
"2026-03-16T16:55:46.2451246-03:00","7,63432029987825","23279","5","4","798","12282","4.68","39","210","210"
"2026-03-16T16:55:48.8028855-03:00","7,83629662876343","23275","0","3","798","12282","4.84","39","210","210"
"2026-03-16T16:55:51.3523931-03:00","6,47203196171788","23275","0","3","798","12282","4.68","39","210","210"
"2026-03-16T16:55:53.9220111-03:00","8,43880017688203","23275","0","3","798","12282","4.67","39","210","210"
"2026-03-16T16:55:56.4841938-03:00","6,44245874325611","23285","0","3","798","12282","4.64","39","210","210"
"2026-03-16T16:55:59.0560480-03:00","6,39279353858387","23285","0","3","798","12282","4.75","39","210","210"
"2026-03-16T16:56:01.6291824-03:00","8,20014666060848","23283","0","3","798","12282","4.70","39","210","210"
"2026-03-16T16:56:04.1868026-03:00","6,97750534112105","23283","0","3","798","12282","4.68","39","210","210"
"2026-03-16T16:56:06.7571811-03:00","8,14610125008359","23279","0","3","798","12282","4.66","39","210","210"
"2026-03-16T16:56:09.3092789-03:00","7,04571104777134","23278","0","3","798","12282","4.65","39","210","210"
"2026-03-16T16:56:11.8688904-03:00","8,08664283708851","23276","0","3","798","12282","4.64","39","210","210"
"2026-03-16T16:56:14.4346040-03:00","8,06746621848072","23281","0","3","798","12282","4.63","39","210","210"
"2026-03-16T16:56:16.9827039-03:00","7,31132525048748","23282","0","3","798","12282","4.64","39","210","210"
"2026-03-16T16:56:19.5324128-03:00","8,14568251145591","23281","0","3","798","12282","4.68","39","210","210"
"2026-03-16T16:56:22.0810621-03:00","8,63554774212816","23281","0","3","798","12282","4.60","39","210","210"
"2026-03-16T16:56:24.6311640-03:00","8,12036766767401","23281","0","3","798","12282","4.57","39","210","210"
"2026-03-16T16:56:27.1983365-03:00","7,68046547351693","23279","0","3","798","12282","4.55","39","210","210"
"2026-03-16T16:56:29.7692556-03:00","8,67938401160698","23279","0","3","798","12282","4.60","39","210","210"
"2026-03-16T16:56:32.3454066-03:00","7,35779694030082","23288","0","3","791","12282","4.67","39","210","210"
"2026-03-16T16:56:34.9095227-03:00","13,1951998823881","23278","0","3","791","12282","4.85","39","210","210"
"2026-03-16T16:56:37.4629466-03:00","13,2559484313363","23277","0","3","791","12282","4.98","39","210","210"
"2026-03-16T16:56:40.0424777-03:00","13,2898256362446","23276","0","3","791","12282","4.74","39","210","210"
"2026-03-16T16:56:42.5930937-03:00","13,6845252170557","23276","0","3","791","12282","4.70","39","210","210"
"2026-03-16T16:56:45.1535993-03:00","12,9363551167582","23274","0","3","791","12282","4.71","39","210","210"
"2026-03-16T16:56:47.7164008-03:00","14,0546711403744","23290","0","3","791","12282","4.82","39","210","210"
"2026-03-16T16:56:50.2610936-03:00","14,2669647158492","23292","0","3","791","12282","4.63","39","210","210"
"2026-03-16T16:56:52.8007264-03:00","14,7585873375964","23374","0","4","791","12282","4.60","39","210","210"
"2026-03-16T16:56:55.3489117-03:00","13,9356729606997","23374","0","3","791","12282","4.64","39","210","210"
"2026-03-16T16:56:57.9163784-03:00","15,3392990653788","23375","0","5","791","12282","4.65","39","210","210"
"2026-03-16T16:57:00.4648612-03:00","13,4813619568312","23374","0","3","791","12282","4.74","39","210","210"
"2026-03-16T16:57:03.0184059-03:00","14,0895743376088","23374","0","3","791","12282","4.61","39","210","210"
"2026-03-16T16:57:05.5964840-03:00","13,7829486701894","23375","0","3","791","12282","4.60","39","210","210"
"2026-03-16T16:57:08.1568852-03:00","13,5856084556483","23375","0","3","791","12282","4.61","39","210","210"
"2026-03-16T16:57:10.7345184-03:00","12,5700711640806","23375","0","4","791","12282","4.64","39","210","210"
"2026-03-16T16:57:13.2943453-03:00","12,6232674341639","23376","0","5","791","12282","4.64","39","210","210"
"2026-03-16T16:57:15.8693951-03:00","13,0608506914444","23375","0","3","791","12282","4.65","39","210","210"
"2026-03-16T16:57:18.4285362-03:00","15,1301702925525","23354","5","3","790","12282","4.77","39","210","210"
"2026-03-16T16:57:20.9939912-03:00","25,8246370351414","23357","0","3","790","12282","4.89","39","210","210"
"2026-03-16T16:57:23.5524580-03:00","26,215731705676","23358","0","3","790","12282","4.73","39","210","210"
"2026-03-16T16:57:26.1068165-03:00","25,9706175989185","23359","0","3","790","12282","4.68","39","210","210"
"2026-03-16T16:57:28.6582839-03:00","26,9459985186357","23369","0","3","790","12282","4.70","39","210","210"
"2026-03-16T16:57:31.2133876-03:00","26,1415008004125","23385","0","3","790","12282","4.71","39","210","210"
"2026-03-16T16:57:33.7665122-03:00","25,9554780007183","23384","0","3","790","12282","4.75","39","210","210"
"2026-03-16T16:57:36.3318222-03:00","25,6015396351344","23387","0","3","790","12282","4.69","39","210","210"
"2026-03-16T16:57:38.8831330-03:00","25,7648504730775","23388","0","3","790","12282","4.72","39","210","210"
"2026-03-16T16:57:41.4401482-03:00","28,288898495853","23387","0","3","790","12282","4.74","39","210","210"
"2026-03-16T16:57:44.0041003-03:00","25,870405663109","23387","0","3","790","12282","4.71","39","210","210"
"2026-03-16T16:57:46.5685707-03:00","25,2773581598347","23518","0","3","790","12282","4.71","39","210","210"
"2026-03-16T16:57:49.1652363-03:00","50,453504502786","23388","0","4","780","12282","4.66","39","210","210"
"2026-03-16T16:57:51.7464420-03:00","50,2281617143526","23390","0","4","780","12282","4.61","39","210","210"
"2026-03-16T16:57:54.3043754-03:00","50,3290440817144","23392","0","3","780","12282","4.68","39","210","210"
"2026-03-16T16:57:56.8623361-03:00","50,448148323181","23392","0","3","780","12282","4.67","39","210","210"
"2026-03-16T16:57:59.4219906-03:00","51,0596423305668","23390","0","3","780","12282","4.72","39","210","210"
"2026-03-16T16:58:01.9848070-03:00","50,1028454572547","23396","0","2","792","12282","4.76","39","210","210"
"2026-03-16T16:58:04.6204933-03:00","100","23388","0","3","792","12282","4.74","39","210","210"
"2026-03-16T16:58:07.2756545-03:00","100","23385","0","3","792","12282","4.63","39","210","210"
"2026-03-16T16:58:09.9169287-03:00","100","23385","0","3","792","12282","4.56","39","210","210"
"2026-03-16T16:58:12.5558000-03:00","6,07689703447187","23314","0","3","791","12282","4.72","39","210","210"
"2026-03-16T16:58:15.1158396-03:00","7,62274007804971","23312","0","4","791","12282","4.62","39","210","210"
"2026-03-16T16:58:17.6814771-03:00","7,0133674444938","23311","0","3","791","12282","4.57","39","210","210"
"2026-03-16T16:58:20.2416576-03:00","7,9945926179933","23312","0","3","791","12282","4.81","39","210","210"
"2026-03-16T16:58:22.8149446-03:00","6,78893939479539","23310","0","3","791","12282","4.64","39","210","210"
"2026-03-16T16:58:25.3731680-03:00","6,87992873305718","23310","0","3","791","12282","4.60","39","210","210"
"2026-03-16T16:58:27.9245968-03:00","7,74194150202743","23310","0","3","791","12282","4.68","39","210","210"
"2026-03-16T16:58:30.4753247-03:00","7,57204609162212","23310","0","3","791","12282","4.66","39","210","210"
"2026-03-16T16:58:33.0239032-03:00","7,67900891412645","23309","0","3","791","12282","4.86","39","210","210"
"2026-03-16T16:58:35.5764386-03:00","6,8656275155594","23308","0","3","791","12282","4.71","39","210","210"
"2026-03-16T16:58:38.1246186-03:00","6,90993409521222","23314","0","3","791","12282","4.73","39","210","210"
"2026-03-16T16:58:40.6734491-03:00","6,07259986274241","23315","0","5","791","12282","4.63","39","210","210"
"2026-03-16T16:58:43.2229837-03:00","7,68281545678754","23314","0","5","791","12282","4.67","39","210","210"
"2026-03-16T16:58:45.7884777-03:00","7,54542737977162","23314","0","3","791","12282","4.65","39","210","210"
"2026-03-16T16:58:48.3374789-03:00","8,36332525615974","23313","0","3","791","12282","4.64","39","210","210"
"2026-03-16T16:58:50.8897139-03:00","6,5508537341006","23312","0","3","791","12282","4.67","39","210","210"
"2026-03-16T16:58:53.4503935-03:00","6,71769298595435","23312","0","3","791","12282","4.65","39","210","210"
"2026-03-16T16:58:56.0211458-03:00","8,00221783803693","23313","0","2","792","12282","4.82","39","210","210"
"2026-03-16T16:58:58.5930787-03:00","12,7321534820202","23301","5","3","792","12282","4.83","39","210","210"
"2026-03-16T16:59:01.1685622-03:00","12,5701752056803","23301","0","3","792","12282","4.68","39","210","210"
"2026-03-16T16:59:03.7292520-03:00","12,1707863379913","23301","0","3","792","12282","4.62","39","210","210"
"2026-03-16T16:59:06.3047275-03:00","12,3565936472442","23298","0","3","792","12282","4.63","39","210","210"
"2026-03-16T16:59:08.8623321-03:00","14,3542795379529","23298","0","3","792","12282","4.63","39","210","210"
"2026-03-16T16:59:11.4244973-03:00","12,8562906875435","23297","0","3","792","12282","4.59","39","210","210"
"2026-03-16T16:59:13.9848472-03:00","13,0568512626713","23296","0","3","792","12282","4.58","39","210","210"
"2026-03-16T16:59:16.5555596-03:00","13,2728391858081","23294","0","4","792","12282","4.66","39","210","210"
"2026-03-16T16:59:19.1250951-03:00","13,2547735432354","23294","0","4","792","12282","4.62","39","210","210"
"2026-03-16T16:59:21.6855988-03:00","13,0970396415806","23293","0","3","792","12282","4.61","39","210","210"
"2026-03-16T16:59:24.2506624-03:00","12,8432667937329","23292","0","3","792","12282","4.56","39","210","210"
"2026-03-16T16:59:26.8173861-03:00","12,7702325126502","23292","0","3","792","12282","4.63","39","210","210"
"2026-03-16T16:59:29.3834564-03:00","14,3422497237962","23293","0","3","792","12282","4.59","39","210","210"
"2026-03-16T16:59:31.9603200-03:00","18,2604142133802","23281","0","3","780","12282","4.93","39","210","210"
"2026-03-16T16:59:34.5191361-03:00","27,8257873325228","23277","0","11","780","12282","4.69","39","210","210"
"2026-03-16T16:59:37.0859139-03:00","26,2128485114915","23277","0","3","780","12282","4.59","39","210","210"
"2026-03-16T16:59:39.6415152-03:00","25,5245934095775","23276","0","5","780","12282","4.57","39","210","210"
"2026-03-16T16:59:42.2110000-03:00","25,7286672202029","23275","0","3","780","12282","4.58","39","210","210"
"2026-03-16T16:59:44.7625622-03:00","26,4563881710825","23275","0","3","780","12282","4.53","39","210","210"
"2026-03-16T16:59:47.3171618-03:00","25,1154495114881","23274","0","3","780","12282","4.61","39","210","210"
"2026-03-16T16:59:49.8823914-03:00","25,8591571976167","23474","0","3","790","12282","4.63","39","210","210"
"2026-03-16T16:59:52.4535570-03:00","50,6836025238441","23244","0","3","790","12282","4.73","39","210","210"
"2026-03-16T16:59:55.0290815-03:00","50,9383865831192","23240","0","3","790","12282","4.78","39","210","210"
"2026-03-16T16:59:57.5910116-03:00","51,1637571536499","23240","0","3","790","12282","4.68","39","210","210"
"2026-03-16T17:00:00.1518415-03:00","50,4391987031816","23248","0","2","791","12282","5.02","39","210","210"
"2026-03-16T17:00:02.7249780-03:00","50,13000194531","23235","0","3","791","12282","4.85","39","210","210"
"2026-03-16T17:00:05.2883547-03:00","50,2888887029375","23232","0","3","791","12282","4.72","39","210","210"
"2026-03-16T17:00:07.8475290-03:00","50,5465475229215","23234","0","5","791","12282","4.67","39","210","210"
"2026-03-16T17:00:10.4093798-03:00","50,0485330712528","23229","0","3","791","12282","4.75","39","210","210"
"2026-03-16T17:00:12.9702439-03:00","49,9281424523342","23230","0","3","791","12282","4.81","39","210","210"
"2026-03-16T17:00:15.5309907-03:00","50,4858442119177","23227","0","3","791","12282","4.84","39","210","210"
"2026-03-16T17:00:18.0932177-03:00","51,1259390536472","23243","0","3","791","12282","4.78","39","210","210"
"2026-03-16T17:00:20.6544279-03:00","50,2811798156705","23236","0","2","790","12282","4.81","39","210","210"
"2026-03-16T17:00:23.3406685-03:00","100","23230","0","3","790","12282","4.80","39","210","210"
"2026-03-16T17:00:25.9670146-03:00","100","23226","0","3","790","12282","4.64","39","210","210"
"2026-03-16T17:00:28.5731608-03:00","99,7108960426694","23229","0","5","790","12282","4.61","39","210","210"
"2026-03-16T17:00:31.2144388-03:00","100","23311","0","3","790","12282","4.61","39","210","210"
"2026-03-16T17:00:33.8424100-03:00","12,2132189680628","23389","0","0","790","12282","36.97","41","2775","2775"
"2026-03-16T17:00:36.3830414-03:00","8,10621770854384","23391","0","0","789","12282","18.85","40","375","375"
"2026-03-16T17:00:38.9335722-03:00","8,31183994773232","23397","0","0","789","12282","15.43","40","225","225"
"2026-03-16T17:00:41.4834145-03:00","6,84602631704851","23398","0","3","789","12282","5.22","39","210","210"
"2026-03-16T17:00:44.0394399-03:00","8,65088391758122","23397","0","6","789","12282","4.54","39","210","210"
"2026-03-16T17:00:46.5923790-03:00","6,87159375390945","23396","0","7","789","12282","4.53","39","210","210"
"2026-03-16T17:00:49.1459648-03:00","8,30733046422863","23395","0","6","789","12282","4.53","39","210","210"
"2026-03-16T17:00:51.7022526-03:00","7,24648790891862","23398","0","3","789","12282","4.60","39","210","210"
"2026-03-16T17:00:54.2607368-03:00","7,24065129232819","23397","0","5","789","12282","4.59","39","210","210"
"2026-03-16T17:00:56.8179353-03:00","8,00939167869266","23396","0","6","789","12282","4.55","39","210","210"
"2026-03-16T17:00:59.3695003-03:00","7,92311590701308","23399","0","3","789","12282","4.66","39","210","210"
"2026-03-16T17:01:01.9274999-03:00","8,26943652942828","23398","0","3","789","12282","4.62","39","210","210"
"2026-03-16T17:01:04.4846969-03:00","7,09167842086998","23398","0","3","789","12282","4.64","39","210","210"
"2026-03-16T17:01:07.0392738-03:00","7,54117815538418","23398","0","2","791","12282","4.86","39","210","210"
"2026-03-16T17:01:09.5917455-03:00","6,51216360542071","23397","0","3","791","12282","4.74","39","210","210"
"2026-03-16T17:01:12.1545069-03:00","6,24331779026538","23398","0","3","791","12282","4.65","39","210","210"
"2026-03-16T17:01:14.7095246-03:00","7,83815072726327","23387","0","3","791","12282","4.61","39","210","210"
"2026-03-16T17:01:17.2672453-03:00","6,7457464998284","23388","0","4","791","12282","4.64","39","210","210"
"2026-03-16T17:01:19.8237154-03:00","6,32464886929985","23389","0","5","791","12282","4.64","39","210","210"
"2026-03-16T17:01:22.3805831-03:00","7,97242533062201","23386","0","3","791","12282","4.67","39","210","210"
"2026-03-16T17:01:24.9389454-03:00","7,10297122847724","23385","0","3","791","12282","4.68","39","210","210"
"2026-03-16T17:01:27.4957423-03:00","7,31809549472616","23384","0","3","791","12282","4.66","39","210","210"
"2026-03-16T17:01:30.0496750-03:00","6,30962397281473","23381","0","3","791","12282","4.69","39","210","210"
"2026-03-16T17:01:32.6072108-03:00","7,29607675712852","23381","0","3","791","12282","4.83","39","210","210"
"2026-03-16T17:01:35.1640045-03:00","7,70963278179103","23379","0","3","791","12282","4.75","39","210","210"
"2026-03-16T17:01:37.7154349-03:00","7,62632610332947","23383","0","3","791","12282","4.75","39","210","210"
"2026-03-16T17:01:40.2690451-03:00","7,18168482163604","23383","0","3","791","12282","4.70","39","210","210"
"2026-03-16T17:01:42.8234984-03:00","6,98706312904428","23382","0","3","791","12282","4.72","39","210","210"
"2026-03-16T17:01:45.3821927-03:00","7,47443339600853","23380","0","5","791","12282","4.72","39","210","210"
"2026-03-16T17:01:47.9332294-03:00","6,46475907640236","23379","0","5","791","12282","4.77","39","210","210"
"2026-03-16T17:01:50.4852539-03:00","6,50723386070385","23378","0","3","791","12282","4.76","39","210","210"
"2026-03-16T17:01:53.0410039-03:00","9,38068179238073","23362","0","3","791","12282","4.70","39","210","210"
"2026-03-16T17:01:55.6176833-03:00","12,7144586685756","23353","0","3","791","12282","4.68","39","210","210"
"2026-03-16T17:01:58.1772255-03:00","13,2812445861197","23359","0","3","791","12282","4.71","39","210","210"
"2026-03-16T17:02:00.7339344-03:00","7,56564828788862","23354","0","3","791","12282","4.75","39","210","210"
"2026-03-16T17:02:03.2879091-03:00","8,39413074990647","23354","0","3","791","12282","4.70","39","210","210"
"2026-03-16T17:02:05.8465681-03:00","7,33067347865231","23353","0","3","791","12282","4.65","39","210","210"
"2026-03-16T17:02:08.3991349-03:00","6,39770650736934","23352","0","3","791","12282","4.69","39","210","210"
"2026-03-16T17:02:10.9561971-03:00","10,9370760489087","23350","0","2","791","12282","4.81","39","210","210"
"2026-03-16T17:02:13.5275806-03:00","13,4627146865263","23349","0","3","790","12282","4.87","39","210","210"
"2026-03-16T17:02:16.0778308-03:00","13,5750385317407","23348","0","3","790","12282","4.84","39","210","210"
"2026-03-16T17:02:18.6322108-03:00","13,7823946176078","23347","0","3","790","12282","4.64","39","210","210"
"2026-03-16T17:02:21.2003820-03:00","12,9414969891595","23346","0","3","790","12282","4.64","39","210","210"
"2026-03-16T17:02:23.7648063-03:00","13,1985821998792","23345","0","3","790","12282","4.66","39","210","210"
"2026-03-16T17:02:26.3175082-03:00","12,8408154090902","23346","0","3","790","12282","4.63","39","210","210"
"2026-03-16T17:02:28.8748668-03:00","12,7079503139025","23351","0","3","790","12282","4.73","39","210","210"
"2026-03-16T17:02:31.4334382-03:00","14,0821106920535","23352","0","3","790","12282","4.79","39","210","210"
"2026-03-16T17:02:34.0042377-03:00","15,3730998768275","23352","0","4","790","12282","4.80","39","210","210"
"2026-03-16T17:02:36.5782998-03:00","13,2098542343109","23350","0","3","790","12282","4.75","39","210","210"
"2026-03-16T17:02:39.1436168-03:00","14,0882399353019","23350","0","4","790","12282","4.74","39","210","210"
"2026-03-16T17:02:41.7199140-03:00","12,7879827683087","23351","0","3","790","12282","4.72","39","210","210"
"2026-03-16T17:02:44.2794277-03:00","12,4228832620339","23350","0","3","790","12282","4.72","39","210","210"
"2026-03-16T17:02:46.8398770-03:00","13,1056497934235","23349","0","3","790","12282","4.63","39","210","210"
"2026-03-16T17:02:49.4013079-03:00","12,7609850807377","23348","0","3","790","12282","4.64","39","210","210"
"2026-03-16T17:02:51.9686149-03:00","13,5242584264368","23347","0","3","790","12282","4.65","39","210","210"
"2026-03-16T17:02:54.5303364-03:00","13,1844663182927","23416","0","3","785","12282","4.65","39","210","210"
"2026-03-16T17:02:57.1018909-03:00","25,4812830282508","23346","0","3","781","12282","4.75","39","210","210"
"2026-03-16T17:02:59.6511094-03:00","26,6738722661627","23344","0","4","781","12282","4.83","39","210","210"
"2026-03-16T17:03:02.2057320-03:00","26,5965078379187","23345","0","3","781","12282","4.67","39","210","210"
"2026-03-16T17:03:04.7612638-03:00","24,9601073680707","23344","0","3","781","12282","4.69","39","210","210"
"2026-03-16T17:03:07.3381500-03:00","26,1658850537058","23344","0","3","781","12282","4.69","39","210","210"
"2026-03-16T17:03:09.8885349-03:00","26,1190161574756","23343","0","3","781","12282","4.63","39","210","210"
"2026-03-16T17:03:12.4556183-03:00","24,7838975756207","23342","0","4","781","12282","4.60","39","210","210"
"2026-03-16T17:03:15.0226379-03:00","25,8538339215029","23341","0","3","781","12282","4.69","39","210","210"
"2026-03-16T17:03:17.5886478-03:00","26,0619189791593","23340","0","3","781","12282","4.68","39","210","210"
"2026-03-16T17:03:20.1420909-03:00","25,8939482571606","23339","0","5","781","12282","4.70","39","210","210"
"2026-03-16T17:03:22.7086656-03:00","26,2719659600984","23339","0","3","781","12282","4.65","39","210","210"
"2026-03-16T17:03:25.2723503-03:00","39,4320033959576","23336","0","2","792","12282","4.89","39","210","210"
"2026-03-16T17:03:27.8471603-03:00","50,7370480547332","23345","0","3","790","12282","4.61","39","210","210"
"2026-03-16T17:03:30.4262004-03:00","50,3178116494566","23345","0","3","790","12282","4.60","39","210","210"
"2026-03-16T17:03:32.9874704-03:00","49,8447458718853","23345","0","3","790","12282","4.67","39","210","210"
"2026-03-16T17:03:35.5473775-03:00","50,7665578060328","23344","0","3","790","12282","4.67","39","210","210"
"2026-03-16T17:03:38.1024555-03:00","50,6764059714421","23360","22","5","790","12282","4.65","39","210","210"
"2026-03-16T17:03:40.6536490-03:00","100","23352","0","3","790","12282","4.72","39","210","210"
"2026-03-16T17:03:43.2959431-03:00","100","23349","0","3","790","12282","4.56","39","210","210"
"2026-03-16T17:03:45.9182414-03:00","100","23348","0","3","790","12282","4.63","39","210","210"
"2026-03-16T17:03:48.5624287-03:00","27,9223294752948","23277","0","2","791","12282","4.81","39","210","210"
"2026-03-16T17:03:51.1697222-03:00","7,31276925988119","23276","0","3","791","12282","4.64","39","210","210"
"2026-03-16T17:03:53.7280004-03:00","7,8553637541784","23276","0","3","791","12282","4.60","39","210","210"
"2026-03-16T17:03:56.3036333-03:00","8,30902689661689","23275","0","3","791","12282","4.52","39","210","210"
"2026-03-16T17:03:58.8786842-03:00","7,71981390203068","23272","0","6","791","12282","4.64","39","210","210"
"2026-03-16T17:04:01.4358990-03:00","7,13415464323982","23277","0","3","791","12282","4.69","39","210","210"
"2026-03-16T17:04:03.9779359-03:00","7,5386853354279","23277","0","3","791","12282","4.66","39","210","210"
"2026-03-16T17:04:06.5278692-03:00","7,08464009495504","23277","0","3","791","12282","4.61","39","210","210"
"2026-03-16T17:04:09.0809032-03:00","6,89295138013437","23276","0","5","791","12282","4.70","39","210","210"
"2026-03-16T17:04:11.6550650-03:00","7,06130830911558","23279","0","3","791","12282","4.72","39","210","210"
"2026-03-16T17:04:14.2050862-03:00","7,5481428813138","23280","0","3","791","12282","4.70","39","210","210"
"2026-03-16T17:04:16.7548561-03:00","7,49953831214865","23280","0","3","791","12282","4.77","39","210","210"
"2026-03-16T17:04:19.3046085-03:00","8,26290321636681","23278","0","3","791","12282","4.73","39","210","210"
"2026-03-16T17:04:21.8540754-03:00","8,26869325986049","23277","0","3","791","12282","4.69","39","210","210"
"2026-03-16T17:04:24.4029651-03:00","8,68259086307638","23276","0","3","791","12282","4.72","39","210","210"
"2026-03-16T17:04:26.9523693-03:00","7,16583156966648","23275","0","4","791","12282","4.63","39","210","210"
"2026-03-16T17:04:29.5063013-03:00","8,6372436881677","23274","0","3","791","12282","4.64","39","210","210"
"2026-03-16T17:04:32.0811987-03:00","7,43273044355734","23279","0","2","790","12282","4.80","39","210","210"
"2026-03-16T17:04:34.6391065-03:00","13,7835621327854","23267","0","3","790","12282","4.76","39","210","210"
"2026-03-16T17:04:37.2099453-03:00","13,6169454899962","23267","0","3","790","12282","4.64","39","210","210"
"2026-03-16T17:04:39.7699662-03:00","12,7654875883632","23228","0","3","790","12282","4.64","39","210","210"
"2026-03-16T17:04:42.3272506-03:00","14,2370344999042","23227","0","3","790","12282","4.59","39","210","210"
"2026-03-16T17:04:44.8809858-03:00","13,112755928194","23227","0","3","790","12282","4.57","39","210","210"
"2026-03-16T17:04:47.4196698-03:00","13,094432509258","23225","0","4","790","12282","4.55","39","210","210"
"2026-03-16T17:04:49.9754891-03:00","13,9174273935772","23258","0","3","790","12282","4.64","39","210","210"
"2026-03-16T17:04:52.5344487-03:00","12,4135992710755","23257","0","3","790","12282","4.56","39","210","210"
"2026-03-16T17:04:55.1071158-03:00","12,4579222298207","23255","0","3","790","12282","4.67","39","210","210"
"2026-03-16T17:04:57.6789578-03:00","13,2291117008036","23254","0","3","790","12282","4.67","39","210","210"
"2026-03-16T17:05:00.2491096-03:00","13,9551138133261","23260","0","3","790","12282","4.80","39","210","210"
"2026-03-16T17:05:02.8244171-03:00","13,1273875110937","23259","0","3","790","12282","4.69","39","210","210"
"2026-03-16T17:05:05.3827994-03:00","13,4181742871372","23260","0","3","790","12282","4.72","39","210","210"
"2026-03-16T17:05:07.9559533-03:00","12,2421573314244","23259","0","4","790","12282","4.71","39","210","210"
"2026-03-16T17:05:10.5130085-03:00","13,0860515999337","23258","0","3","790","12282","4.69","39","210","210"
"2026-03-16T17:05:13.0700361-03:00","13,684972214085","23253","0","2","790","12282","4.86","39","210","210"
"2026-03-16T17:05:15.6450479-03:00","24,7268713538167","23326","0","3","786","12282","4.97","39","210","210"
"2026-03-16T17:05:18.1962478-03:00","25,9653898281417","23326","0","3","786","12282","4.69","39","210","210"
"2026-03-16T17:05:20.7508417-03:00","25,0869472994688","23326","0","3","786","12282","4.66","39","210","210"
"2026-03-16T17:05:23.3181728-03:00","26,9467865168539","23325","0","3","786","12282","4.65","39","210","210"
"2026-03-16T17:05:25.8728872-03:00","25,6271263417472","23324","0","3","786","12282","4.65","39","210","210"
"2026-03-16T17:05:28.4306925-03:00","25,3646079961431","23327","0","3","786","12282","4.67","39","210","210"
"2026-03-16T17:05:30.9846166-03:00","26,0315665755517","23323","0","3","786","12282","4.64","39","210","210"
"2026-03-16T17:05:33.5404547-03:00","42,3616004872011","23299","0","2","790","12282","4.99","39","210","210"
"2026-03-16T17:05:36.1317285-03:00","49,6961939267425","23298","0","3","790","12282","4.65","39","210","210"
"2026-03-16T17:05:38.6925048-03:00","51,1111568027792","23298","0","3","790","12282","4.63","39","210","210"
"2026-03-16T17:05:41.2545817-03:00","49,5409277338626","23398","0","3","790","12282","4.62","39","210","210"
"2026-03-16T17:05:43.8148455-03:00","52,1155844193002","23316","0","3","791","12282","4.72","39","210","210"
"2026-03-16T17:05:46.3964334-03:00","50,9234955841863","23314","0","3","791","12282","4.59","39","210","210"
"2026-03-16T17:05:48.9529269-03:00","50,7038815038547","23312","0","3","791","12282","4.60","39","210","210"
"2026-03-16T17:05:51.5104452-03:00","50,5272081188928","23312","0","3","791","12282","4.61","39","210","210"
"2026-03-16T17:05:54.0743711-03:00","50,2563291359624","23311","0","3","791","12282","4.65","39","210","210"
"2026-03-16T17:05:56.6328354-03:00","50,1546004911168","23309","0","3","791","12282","4.62","39","210","210"
"2026-03-16T17:05:59.1902155-03:00","50,4175485474105","23308","0","11","791","12282","4.72","39","210","210"
"2026-03-16T17:06:01.7470790-03:00","50,439874352035","23302","6","4","791","12282","4.69","39","210","210"
"2026-03-16T17:06:04.3891661-03:00","100","23301","0","3","790","12282","4.75","39","210","210"
"2026-03-16T17:06:07.1037549-03:00","100","23294","0","3","790","12282","4.57","39","210","210"
"2026-03-16T17:06:09.7298289-03:00","100","23297","0","3","790","12282","4.59","39","210","210"
"2026-03-16T17:06:12.3922970-03:00","100","23293","0","3","790","12282","4.59","39","210","210"
"2026-03-16T17:06:15.0395781-03:00","30,9378279959","23372","0","0","793","12282","73.26","41","2775","2775"
"2026-03-16T17:06:17.6098313-03:00","6,54671953251034","23372","0","0","791","12282","15.44","40","285","285"
"2026-03-16T17:06:20.1604893-03:00","6,1367605879633","23372","0","0","791","12282","14.54","40","210","210"
"2026-03-16T17:06:22.7087200-03:00","7,01009944711925","23370","0","7","791","12282","4.60","39","210","210"
"2026-03-16T17:06:25.2809582-03:00","6,95491895556498","23368","0","6","791","12282","4.61","39","210","210"
"2026-03-16T17:06:27.8346884-03:00","7,95642036039429","23367","0","5","791","12282","4.61","39","210","210"
"2026-03-16T17:06:30.3886400-03:00","7,42371302142804","23365","0","3","791","12282","4.62","39","210","210"
"2026-03-16T17:06:32.9446681-03:00","8,15030081008039","23364","0","8","791","12282","4.66","39","210","210"
"2026-03-16T17:06:35.5080720-03:00","7,88720291800374","23366","0","5","791","12282","4.62","39","210","210"
"2026-03-16T17:06:38.0665321-03:00","7,17234818311699","23366","0","4","791","12282","4.61","39","210","210"
"2026-03-16T17:06:40.6251395-03:00","6,27832580619603","23365","0","5","791","12282","4.58","39","210","210"
"2026-03-16T17:06:43.1823805-03:00","8,43348287735625","23363","0","6","791","12282","4.56","39","210","210"
"2026-03-16T17:06:45.7413322-03:00","8,49613247729631","23362","0","7","791","12282","4.63","39","210","210"
"2026-03-16T17:06:48.3004149-03:00","6,79163514826572","23365","0","2","791","12282","4.72","39","210","210"
"2026-03-16T17:06:50.8535581-03:00","8,1011976613776","23356","0","3","791","12282","4.63","39","210","210"
"2026-03-16T17:06:53.4101480-03:00","7,82038631952887","23355","0","3","791","12282","4.61","39","210","210"
"2026-03-16T17:06:55.9679012-03:00","8,32371156701182","23353","0","3","791","12282","4.62","39","210","210"
"2026-03-16T17:06:58.5263617-03:00","8,54457544164905","23349","0","5","791","12282","4.67","39","210","210"
"2026-03-16T17:07:01.0808936-03:00","7,26047245421054","23364","0","3","791","12282","4.71","39","210","210"
"2026-03-16T17:07:03.6360393-03:00","8,39815415267165","23363","0","5","791","12282","4.59","39","210","210"
"2026-03-16T17:07:06.1935750-03:00","7,14935138250902","23363","0","5","791","12282","4.70","39","210","210"
"2026-03-16T17:07:08.7508746-03:00","7,94184770717197","23364","0","3","791","12282","4.72","39","210","210"
"2026-03-16T17:07:11.3088566-03:00","7,13967738025445","23364","0","3","791","12282","4.70","39","210","210"
"2026-03-16T17:07:13.8669065-03:00","8,44977186804876","23353","0","4","791","12282","4.72","39","210","210"
"2026-03-16T17:07:16.4255851-03:00","6,84548284832441","23352","0","3","791","12282","4.82","39","210","210"
"2026-03-16T17:07:18.9829170-03:00","6,68753661957366","23350","0","3","791","12282","4.66","39","210","210"
"2026-03-16T17:07:21.5377663-03:00","8,3779280632905","23351","0","3","791","12282","4.63","39","210","210"
"2026-03-16T17:07:24.0913442-03:00","8,43122912208627","23349","0","3","791","12282","4.80","39","210","210"
"2026-03-16T17:07:26.6481338-03:00","8,17062299518722","23347","0","3","791","12282","4.69","39","210","210"
"2026-03-16T17:07:29.2080234-03:00","6,27281978087475","23346","0","3","791","12282","4.66","39","210","210"
"2026-03-16T17:07:31.7673346-03:00","6,77732510932892","23345","0","3","791","12282","4.56","39","210","210"
"2026-03-16T17:07:34.3238078-03:00","7,51985742891105","23345","0","3","791","12282","4.70","39","210","210"
"2026-03-16T17:07:36.8772869-03:00","7,45977526051653","23345","0","5","791","12282","4.63","39","210","210"
"2026-03-16T17:07:39.4355114-03:00","7,27806497069172","23345","0","3","791","12282","4.60","39","210","210"
"2026-03-16T17:07:41.9907423-03:00","7,31770067882047","23343","0","3","791","12282","4.67","39","210","210"
"2026-03-16T17:07:44.5460928-03:00","7,05226904496529","23342","0","3","791","12282","4.61","39","210","210"
"2026-03-16T17:07:47.1008455-03:00","8,23929354913495","23341","0","3","791","12282","4.58","39","210","210"
"2026-03-16T17:07:49.6532706-03:00","7,5590684312894","23341","0","3","791","12282","4.59","39","210","210"
"2026-03-16T17:07:52.2067932-03:00","10,3367600346981","23338","0","2","791","12282","4.83","39","210","210"
"2026-03-16T17:07:54.7676672-03:00","13,5682363835764","23337","0","3","790","12282","4.74","39","210","210"
"2026-03-16T17:07:57.3200224-03:00","13,7659644032224","23336","0","3","790","12282","4.66","39","210","210"
"2026-03-16T17:07:59.8760579-03:00","13,9229617278621","23336","0","2","790","12282","4.71","39","210","210"
"2026-03-16T17:08:02.4354131-03:00","13,2888185538234","23336","0","3","790","12282","4.62","39","210","210"
"2026-03-16T17:08:04.9923170-03:00","13,535362669051","23334","0","3","790","12282","4.63","39","210","210"
"2026-03-16T17:08:07.5478545-03:00","13,6143154663429","23335","0","3","790","12282","4.62","39","210","210"
"2026-03-16T17:08:10.1065122-03:00","13,8081967666182","23334","0","3","790","12282","4.64","39","210","210"
"2026-03-16T17:08:12.6615387-03:00","12,8654810745239","23333","0","3","790","12282","4.62","39","210","210"
"2026-03-16T17:08:15.2154324-03:00","13,8998741668313","23331","0","3","790","12282","4.69","39","210","210"
"2026-03-16T17:08:17.7706305-03:00","13,5665712244051","23331","0","3","790","12282","4.64","39","210","210"
"2026-03-16T17:08:20.3343686-03:00","13,2569762339664","23328","0","3","790","12282","4.61","39","210","210"
"2026-03-16T17:08:22.8904958-03:00","13,4567745985601","23329","0","3","790","12282","4.57","39","210","210"
"2026-03-16T17:08:25.4453441-03:00","13,1616542153756","23327","0","3","790","12282","4.62","39","210","210"
"2026-03-16T17:08:28.0027994-03:00","12,6838522696274","23327","0","3","790","12282","4.64","39","210","210"
"2026-03-16T17:08:30.5761249-03:00","13,4392126308813","23326","0","4","790","12282","4.64","39","210","210"
"2026-03-16T17:08:33.1324497-03:00","13,3967297145964","23326","0","3","790","12282","4.64","39","210","210"
"2026-03-16T17:08:35.6866438-03:00","12,8837104997527","23323","0","3","790","12282","4.66","39","210","210"
"2026-03-16T17:08:38.2437148-03:00","13,6566567833739","23324","0","3","790","12282","4.64","39","210","210"
"2026-03-16T17:08:40.8044067-03:00","13,4966911248594","23323","0","3","790","12282","4.62","39","210","210"
"2026-03-16T17:08:43.3621502-03:00","12,7372660018278","23322","0","3","790","12282","4.61","39","210","210"
"2026-03-16T17:08:45.9215956-03:00","12,1773661009084","23322","0","3","790","12282","4.63","39","210","210"
"2026-03-16T17:08:48.4756241-03:00","14,4198489000775","23322","0","2","792","12282","4.79","39","210","210"
"2026-03-16T17:08:51.0362834-03:00","25,9798977484126","23319","0","3","792","12282","4.79","39","210","210"
"2026-03-16T17:08:53.5958779-03:00","24,8455364207792","23318","0","3","792","12282","4.62","39","210","210"
"2026-03-16T17:08:56.1665473-03:00","25,6832606697286","23318","0","4","792","12282","4.59","39","210","210"
"2026-03-16T17:08:58.7383958-03:00","25,2277540426268","23313","0","3","792","12282","4.54","39","210","210"
"2026-03-16T17:09:01.2959386-03:00","25,1384502995217","23314","0","3","792","12282","4.59","39","210","210"
"2026-03-16T17:09:03.8666291-03:00","25,8454988537291","23313","0","3","792","12282","4.83","39","210","210"
"2026-03-16T17:09:06.4278641-03:00","24,9844977016849","23312","0","3","792","12282","4.66","39","210","210"
"2026-03-16T17:09:08.9930626-03:00","26,0753544221296","23315","0","3","792","12282","4.62","39","210","210"
"2026-03-16T17:09:11.5521731-03:00","24,8962729842588","23314","0","4","792","12282","4.65","39","210","210"
"2026-03-16T17:09:14.1239272-03:00","25,3497315028474","23313","0","5","792","12282","4.64","39","210","210"
"2026-03-16T17:09:16.6956574-03:00","26,2032126503864","23328","0","3","781","12282","4.82","39","210","210"
"2026-03-16T17:09:19.2684407-03:00","50,2811901021797","23319","0","3","781","12282","4.81","39","210","210"
"2026-03-16T17:09:21.8224325-03:00","50,3291241902033","23317","0","5","781","12282","4.74","39","210","210"
"2026-03-16T17:09:24.4006884-03:00","50,4637174859178","23401","0","3","781","12282","4.70","39","210","210"
"2026-03-16T17:09:26.9648096-03:00","50,3379399451633","23400","0","3","781","12282","4.66","39","210","210"
"2026-03-16T17:09:29.5290031-03:00","50,6429558642621","23408","0","3","781","12282","4.63","39","210","210"
"2026-03-16T17:09:32.0961204-03:00","49,083506945861","23404","0","2","790","12282","4.97","39","210","210"
"2026-03-16T17:09:34.7052337-03:00","100","23407","0","3","790","12282","4.80","39","210","210"
"2026-03-16T17:09:37.3309631-03:00","100","23403","0","3","790","12282","4.64","39","210","210"
"2026-03-16T17:09:39.9326738-03:00","100","23328","0","3","790","12282","4.70","39","210","210"
"2026-03-16T17:09:42.4988573-03:00","6,39816896193648","23297","0","3","791","12282","4.88","39","210","210"
"2026-03-16T17:09:45.0601833-03:00","8,15022038241155","23296","0","3","791","12282","4.72","39","210","210"
"2026-03-16T17:09:47.6136702-03:00","6,67357231384599","23297","0","3","791","12282","4.67","39","210","210"
"2026-03-16T17:09:50.1688447-03:00","7,43992342207835","23300","0","3","791","12282","4.62","39","210","210"
"2026-03-16T17:09:52.7258952-03:00","6,21158612514875","23300","0","4","791","12282","4.66","39","210","210"
"2026-03-16T17:09:55.2829335-03:00","7,82502341604112","23286","0","3","791","12282","4.69","39","210","210"
"2026-03-16T17:09:57.8396258-03:00","7,90771985779738","23282","0","3","791","12282","4.63","39","210","210"
"2026-03-16T17:10:00.3926614-03:00","6,89584876474999","23281","0","3","791","12282","4.77","39","210","210"
"2026-03-16T17:10:02.9510633-03:00","7,10997117417409","23280","0","3","791","12282","4.62","39","210","210"
"2026-03-16T17:10:05.5079347-03:00","8,13785998756535","23280","0","3","791","12282","4.63","39","210","210"
"2026-03-16T17:10:08.0654606-03:00","6,57745844074914","23280","0","5","791","12282","4.65","39","210","210"
"2026-03-16T17:10:10.6186477-03:00","8,53650233130671","23280","0","5","791","12282","4.64","39","210","210"
"2026-03-16T17:10:13.1762242-03:00","7,91412334245422","23280","0","7","791","12282","4.58","39","210","210"
"2026-03-16T17:10:15.7341740-03:00","6,91450212675558","23279","0","3","791","12282","4.71","39","210","210"
"2026-03-16T17:10:18.2918793-03:00","8,45357217016399","23279","0","3","791","12282","4.65","39","210","210"
"2026-03-16T17:10:20.8439048-03:00","7,19146830719812","23278","0","3","791","12282","4.64","39","210","210"
"2026-03-16T17:10:23.4001702-03:00","8,14568234819188","23278","0","3","791","12282","4.69","39","210","210"
"2026-03-16T17:10:25.9541458-03:00","10,0247927667765","23278","0","2","790","12282","4.91","39","210","210"
"2026-03-16T17:10:28.5218796-03:00","13,1739232198613","23268","0","3","790","12282","4.81","39","210","210"
"2026-03-16T17:10:31.0778591-03:00","14,3217371399749","23271","0","3","790","12282","4.70","39","210","210"
"2026-03-16T17:10:33.6333934-03:00","14,0205057986069","23268","0","3","790","12282","4.85","39","210","210"
"2026-03-16T17:10:36.1868322-03:00","13,5543902200636","23267","0","3","790","12282","4.63","39","210","210"
"2026-03-16T17:10:38.7406196-03:00","12,8409598241372","23266","0","3","790","12282","4.72","39","210","210"
"2026-03-16T17:10:41.3093199-03:00","14,0737733661123","23266","0","3","790","12282","4.66","39","210","210"
"2026-03-16T17:10:43.8663490-03:00","13,4442710691977","23266","0","3","790","12282","4.62","39","210","210"
"2026-03-16T17:10:46.4235453-03:00","13,6077503835491","23265","0","3","790","12282","4.66","39","210","210"
"2026-03-16T17:10:48.9771148-03:00","13,8490486156615","23262","0","3","790","12282","4.62","39","210","210"
"2026-03-16T17:10:51.5493174-03:00","13,1301524351479","23260","0","3","790","12282","4.65","39","210","210"
"2026-03-16T17:10:54.1084679-03:00","12,9874612075112","23271","0","5","790","12282","4.61","39","210","210"
"2026-03-16T17:10:56.6685916-03:00","14,4299716257594","23269","0","3","790","12282","4.65","39","210","210"
"2026-03-16T17:10:59.2236916-03:00","13,6840726900455","23265","0","3","790","12282","4.72","39","210","210"
"2026-03-16T17:11:01.7777754-03:00","13,8070066665229","23264","0","3","790","12282","4.61","39","210","210"
"2026-03-16T17:11:04.3363774-03:00","24,9442885816176","23246","0","3","790","12282","4.70","39","210","210"
"2026-03-16T17:11:06.8970617-03:00","25,2689566070785","23244","0","3","786","12282","4.98","39","210","210"
"2026-03-16T17:11:09.4681544-03:00","25,5798019406738","23243","0","3","786","12282","4.75","39","210","210"
"2026-03-16T17:11:12.0343481-03:00","25,7028916741333","23242","0","3","786","12282","4.75","39","210","210"
"2026-03-16T17:11:14.6000359-03:00","25,6016083719241","23241","0","3","786","12282","4.65","39","210","210"
"2026-03-16T17:11:17.1747610-03:00","25,0500698759978","23245","0","3","786","12282","4.69","39","210","210"
"2026-03-16T17:11:19.7299752-03:00","26,3960395353179","23245","0","3","786","12282","4.64","39","210","210"
"2026-03-16T17:11:22.3035965-03:00","25,755497238037","23220","0","2","792","12282","4.95","39","210","210"
"2026-03-16T17:11:24.8842526-03:00","47,7302557565798","23218","0","3","790","12282","4.76","39","210","210"
"2026-03-16T17:11:27.4484208-03:00","49,871587037946","23219","0","3","790","12282","4.64","39","210","210"
"2026-03-16T17:11:30.0179433-03:00","50,3105336740382","23216","0","3","790","12282","4.74","39","210","210"
"2026-03-16T17:11:32.5841654-03:00","43,789895314301","23225","0","2","791","12282","4.92","39","210","210"
"2026-03-16T17:11:35.1693563-03:00","51,0231999729614","23221","0","4","791","12282","4.74","39","210","210"
"2026-03-16T17:11:37.7529170-03:00","50,4232428447768","23221","0","3","791","12282","4.70","39","210","210"
"2026-03-16T17:11:40.3225401-03:00","50,6422908598301","23220","0","3","791","12282","4.62","39","210","210"
"2026-03-16T17:11:42.8861916-03:00","50,5034181292022","23218","0","3","791","12282","4.64","39","210","210"
"2026-03-16T17:11:45.4538219-03:00","50,3649289353087","23222","0","3","791","12282","4.59","39","210","210"
"2026-03-16T17:11:48.0036586-03:00","50,9829144739668","23221","0","3","791","12282","4.69","39","210","210"
"2026-03-16T17:11:50.5720760-03:00","50,7800824416639","23219","0","3","791","12282","4.64","39","210","210"
"2026-03-16T17:11:53.1409345-03:00","75,6128233418233","23214","0","2","790","12282","4.84","39","210","210"
"2026-03-16T17:11:55.7981615-03:00","100","23208","0","3","786","12282","4.89","39","210","210"
"2026-03-16T17:11:58.4177001-03:00","100","23204","0","3","786","12282","4.63","39","210","210"
"2026-03-16T17:12:01.0715276-03:00","100","23207","0","5","786","12282","4.70","39","210","210"
"2026-03-16T17:12:03.6850242-03:00","100","23224","39","39","926","12282","30.22","41","2775","2775"
"2026-03-16T17:12:06.2816954-03:00","7,58724822671563","23272","0","0","789","12282","32.72","41","2775","2775"
"2026-03-16T17:12:08.8342332-03:00","6,72115166975172","23270","0","0","789","12282","15.49","40","225","225"
"2026-03-16T17:12:11.3852866-03:00","8,01310902519938","23269","0","1","789","12282","8.68","39","210","210"
"2026-03-16T17:12:13.9363502-03:00","6,74872196192616","23257","0","3","789","12282","4.75","39","210","210"
"2026-03-16T17:12:16.4889134-03:00","6,39651034803442","23257","0","3","789","12282","4.90","39","210","210"
"2026-03-16T17:12:19.0448429-03:00","8,11587524208921","23257","0","3","789","12282","4.65","39","210","210"
"2026-03-16T17:12:21.6004094-03:00","6,91553094488905","23255","0","3","789","12282","4.68","39","210","210"
"2026-03-16T17:12:24.1544918-03:00","6,99408386666156","23253","0","3","789","12282","4.70","39","210","210"
"2026-03-16T17:12:26.7086086-03:00","6,50718753211662","23252","0","3","789","12282","4.71","39","210","210"
"2026-03-16T17:12:29.2626433-03:00","6,80486505681818","23250","0","3","789","12282","4.72","39","210","210"
"2026-03-16T17:12:31.8197568-03:00","6,42132669796208","23247","0","3","789","12282","4.63","39","210","210"
"2026-03-16T17:12:34.3733694-03:00","7,13833327621309","23245","0","3","789","12282","4.66","39","210","210"
"2026-03-16T17:12:36.9455705-03:00","6,79187652038225","23267","0","3","789","12282","4.66","39","210","210"
"2026-03-16T17:12:39.5072644-03:00","7,46161927962227","23266","0","34","789","12282","4.90","39","210","210"
"2026-03-16T17:12:42.0688009-03:00","6,13978852396608","23266","0","17","789","12282","4.89","39","210","210"
"2026-03-16T17:12:44.6255067-03:00","7,28512137062488","23263","0","3","789","12282","4.74","39","210","210"
"2026-03-16T17:12:47.1795718-03:00","6,41498278509444","23265","0","4","789","12282","4.66","39","210","210"
"2026-03-16T17:12:49.7363039-03:00","8,02560046312951","23263","0","9","789","12282","4.66","39","210","210"
"2026-03-16T17:12:52.2957579-03:00","7,30557065156813","23263","0","9","789","12282","4.70","39","210","210"
"2026-03-16T17:12:54.8518348-03:00","7,21515376786935","23262","0","5","789","12282","4.58","39","210","210"
"2026-03-16T17:12:57.4047192-03:00","6,81254829910514","23344","0","5","789","12282","4.63","39","210","210"
"2026-03-16T17:12:59.9590337-03:00","7,47591725290336","23352","0","3","789","12282","4.73","39","210","210"
"2026-03-16T17:13:02.5229805-03:00","6,6167659400594","23353","0","3","789","12282","4.64","39","210","210"
"2026-03-16T17:13:05.0959172-03:00","6,40305468176017","23353","0","3","789","12282","4.61","39","210","210"
"2026-03-16T17:13:07.6489392-03:00","7,38813582207692","23353","0","3","789","12282","4.61","39","210","210"
"2026-03-16T17:13:10.2071465-03:00","7,32545063543565","23354","0","3","789","12282","4.66","39","210","210"
"2026-03-16T17:13:12.7637095-03:00","7,14578320030997","23353","0","7","789","12282","4.61","39","210","210"
"2026-03-16T17:13:15.3212778-03:00","8,34822201562151","23354","0","3","789","12282","4.66","39","210","210"
"2026-03-16T17:13:17.8920710-03:00","5,92504915249971","23354","0","3","789","12282","4.62","39","210","210"
"2026-03-16T17:13:20.4481540-03:00","7,58167197251934","23355","0","3","789","12282","4.59","39","210","210"
"2026-03-16T17:13:23.0052415-03:00","6,74657804000391","23354","0","3","789","12282","4.59","39","210","210"
"2026-03-16T17:13:25.5588193-03:00","8,15226407842735","23354","0","3","789","12282","4.51","39","210","210"
"2026-03-16T17:13:28.1150863-03:00","7,85023217055307","23353","0","3","789","12282","4.48","39","210","210"
"2026-03-16T17:13:30.6723427-03:00","7,64310579661315","23353","0","3","789","12282","4.55","39","210","210"
"2026-03-16T17:13:33.2300820-03:00","7,45586057857726","23354","0","3","789","12282","4.74","39","210","210"
"2026-03-16T17:13:35.7866337-03:00","6,95774170051781","23352","0","3","789","12282","4.51","39","210","210"
"2026-03-16T17:13:38.3411108-03:00","7,82883013862952","23352","0","3","789","12282","4.62","39","210","210"
"2026-03-16T17:13:40.8988362-03:00","6,65643877061229","23347","13","5","793","12282","4.59","39","210","210"
"2026-03-16T17:13:43.4660621-03:00","13,6832152443404","23351","0","3","792","12282","4.70","39","210","210"
"2026-03-16T17:13:46.0409030-03:00","13,5716706050159","23350","0","3","792","12282","4.63","39","210","210"
"2026-03-16T17:13:48.5959288-03:00","13,5419790876135","23352","0","3","792","12282","4.55","39","210","210"
"2026-03-16T17:13:51.1541525-03:00","14,664418641037","23353","0","3","792","12282","4.56","39","210","210"
"2026-03-16T17:13:53.7283558-03:00","13,2870977554716","23354","0","3","792","12282","4.58","39","210","210"
"2026-03-16T17:13:56.2823592-03:00","13,4073797753692","23354","0","4","792","12282","4.55","39","210","210"
"2026-03-16T17:13:58.8542290-03:00","14,9173677475564","23352","1","3","792","12282","4.62","39","210","210"
"2026-03-16T17:14:01.4093006-03:00","14,4148471477498","23353","0","3","792","12282","4.61","39","210","210"
"2026-03-16T17:14:03.9647607-03:00","14,5171374708214","23352","0","3","792","12282","4.61","39","210","210"
"2026-03-16T17:14:06.5218792-03:00","13,6436072644522","23353","0","3","792","12282","4.59","39","210","210"
"2026-03-16T17:14:09.0941704-03:00","14,1805174801065","23352","0","3","792","12282","4.63","39","210","210"
"2026-03-16T17:14:11.6497009-03:00","13,7798157792204","23351","0","3","792","12282","4.66","39","210","210"
"2026-03-16T17:14:14.2073987-03:00","14,2914426795796","23351","0","3","792","12282","4.62","39","210","210"
"2026-03-16T17:14:16.7646574-03:00","13,2007439233424","23350","0","3","792","12282","4.73","39","210","210"
"2026-03-16T17:14:19.3237749-03:00","13,6487540232526","23351","0","3","792","12282","4.67","39","210","210"
"2026-03-16T17:14:21.8819363-03:00","13,153639277962","23349","0","3","792","12282","4.64","39","210","210"
"2026-03-16T17:14:24.4395882-03:00","12,6807245069019","23348","0","5","792","12282","4.64","39","210","210"
"2026-03-16T17:14:26.9938757-03:00","14,2794571494405","23348","0","3","792","12282","4.68","39","210","210"
"2026-03-16T17:14:29.5529131-03:00","12,7258927470615","23357","0","3","792","12282","4.64","39","210","210"
"2026-03-16T17:14:32.1091097-03:00","13,1092651314993","23356","0","4","792","12282","4.64","39","210","210"
"2026-03-16T17:14:34.6711863-03:00","24,5098325367217","23363","0","2","780","12282","4.70","39","210","210"
"2026-03-16T17:14:37.2280254-03:00","27,2320398803376","23361","0","4","780","12282","4.70","39","210","210"
"2026-03-16T17:14:39.7834040-03:00","26,5771005789447","23362","0","3","780","12282","4.65","39","210","210"
"2026-03-16T17:14:42.3522555-03:00","25,4970982609831","23364","0","4","780","12282","4.68","39","210","210"
"2026-03-16T17:14:44.9072928-03:00","25,9220326905947","23362","0","7","780","12282","4.69","39","210","210"
"2026-03-16T17:14:47.4769819-03:00","25,9005515010884","23361","0","8","780","12282","4.68","39","210","210"
"2026-03-16T17:14:50.0441755-03:00","26,2744779416411","23360","0","3","780","12282","4.68","39","210","210"
"2026-03-16T17:14:52.5946994-03:00","25,9995631710611","23361","0","4","780","12282","4.68","39","210","210"
"2026-03-16T17:14:55.1629071-03:00","25,7218875536765","23359","0","3","780","12282","4.68","39","210","210"
"2026-03-16T17:14:57.7311176-03:00","26,2748973551792","23358","0","5","780","12282","4.60","39","210","210"
"2026-03-16T17:15:00.3012688-03:00","25,8655327310582","23356","0","3","780","12282","4.80","39","210","210"
"2026-03-16T17:15:02.8552816-03:00","27,8301316110207","23356","0","2","790","12282","4.88","39","210","210"
"2026-03-16T17:15:05.4381287-03:00","51,315927445691","23353","0","3","790","12282","4.82","39","210","210"
"2026-03-16T17:15:08.0054731-03:00","50,4343045367878","23354","0","3","790","12282","4.65","39","210","210"
"2026-03-16T17:15:10.5740182-03:00","50,8938574525281","23352","0","3","790","12282","4.65","39","210","210"
"2026-03-16T17:15:13.1387911-03:00","50,6117808323709","23351","0","3","790","12282","4.62","39","210","210"
"2026-03-16T17:15:15.7022751-03:00","50,6878175758881","23350","0","3","790","12282","4.89","39","210","210"
"2026-03-16T17:15:18.2562110-03:00","88,775763512788","23348","0","2","792","12282","4.92","39","210","210"
"2026-03-16T17:15:20.9310426-03:00","100","23346","0","3","792","12282","4.64","39","210","210"
"2026-03-16T17:15:23.5870257-03:00","100","23346","0","3","792","12282","4.61","39","210","210"
"2026-03-16T17:15:26.2603254-03:00","73,9428937809833","23275","0","2","793","12282","4.96","39","210","210"
"2026-03-16T17:15:28.8242834-03:00","8,14749434424532","23272","0","22","791","12282","4.83","39","210","210"
"2026-03-16T17:15:31.3840340-03:00","7,28650466778263","23271","0","3","791","12282","4.65","39","210","210"
"2026-03-16T17:15:33.9414234-03:00","7,39651448253826","23272","0","3","791","12282","4.68","39","210","210"
"2026-03-16T17:15:36.4987107-03:00","8,45840235737711","23269","0","3","791","12282","4.67","39","210","210"
"2026-03-16T17:15:39.0563144-03:00","6,85213509303697","23269","0","3","791","12282","4.66","39","210","210"
"2026-03-16T17:15:41.6094386-03:00","7,52515768077848","23268","0","4","791","12282","4.64","39","210","210"
"2026-03-16T17:15:44.1629764-03:00","7,54234180309694","23266","0","3","791","12282","4.65","39","210","210"
"2026-03-16T17:15:46.7200122-03:00","7,78464941428529","23264","0","4","791","12282","4.65","39","210","210"
"2026-03-16T17:15:49.2737744-03:00","6,35274265047656","23264","0","3","791","12282","4.67","39","210","210"
"2026-03-16T17:15:51.8302312-03:00","7,14513942689683","23263","0","3","791","12282","4.68","39","210","210"
"2026-03-16T17:15:54.3847662-03:00","6,28186726325058","23263","0","3","791","12282","4.70","39","210","210"
"2026-03-16T17:15:56.9419578-03:00","7,12910039945873","23263","0","3","791","12282","4.70","39","210","210"
"2026-03-16T17:15:59.5014951-03:00","6,8626564552507","23266","0","3","791","12282","4.77","39","210","210"
"2026-03-16T17:16:02.0586929-03:00","7,13302562583673","23263","0","3","791","12282","4.64","39","210","210"
"2026-03-16T17:16:04.6142226-03:00","7,14675502624415","23263","0","3","791","12282","4.63","39","210","210"
"2026-03-16T17:16:07.1707953-03:00","8,06484663531385","23263","0","3","791","12282","4.66","39","210","210"
"2026-03-16T17:16:09.7264461-03:00","6,56099415101941","23263","0","4","791","12282","4.65","39","210","210"
"2026-03-16T17:16:12.2775073-03:00","14,0459838349868","23253","0","3","792","12282","4.73","39","210","210"
"2026-03-16T17:16:14.8507186-03:00","12,8511723672893","23251","0","3","792","12282","4.71","39","210","210"
"2026-03-16T17:16:17.4089250-03:00","13,8236818531949","23250","0","4","792","12282","4.70","39","210","210"
"2026-03-16T17:16:19.9699023-03:00","12,9117674307765","23248","0","3","792","12282","4.67","39","210","210"
"2026-03-16T17:16:22.5266038-03:00","14,1948653474648","23252","0","3","792","12282","4.71","39","210","210"
"2026-03-16T17:16:25.0801300-03:00","12,1678324584371","23250","0","3","792","12282","4.65","39","210","210"
"2026-03-16T17:16:27.6378994-03:00","13,9182481293068","23249","0","4","792","12282","4.65","39","210","210"
"2026-03-16T17:16:30.2105669-03:00","13,0702615138735","23248","0","3","792","12282","4.64","39","210","210"
"2026-03-16T17:16:32.7645563-03:00","14,1735754475734","23248","0","3","792","12282","4.81","39","210","210"
"2026-03-16T17:16:35.3226486-03:00","12,8202264376725","23246","0","3","792","12282","4.69","39","210","210"
"2026-03-16T17:16:37.8792795-03:00","12,2213877853908","23245","0","3","792","12282","4.72","39","210","210"
"2026-03-16T17:16:40.4378168-03:00","13,6397362002518","23244","0","3","792","12282","4.74","39","210","210"
"2026-03-16T17:16:43.0096763-03:00","12,0767164210479","23243","0","3","792","12282","4.70","39","210","210"
"2026-03-16T17:16:45.5637036-03:00","13,920680001285","23242","0","3","792","12282","4.61","39","210","210"
"2026-03-16T17:16:48.1187421-03:00","11,8694827933437","23240","0","3","792","12282","4.64","39","210","210"
"2026-03-16T17:16:50.6764272-03:00","14,0094683103469","23235","0","2","792","12282","4.77","39","210","210"
"2026-03-16T17:16:53.2380517-03:00","25,1809311055864","23224","0","3","790","12282","4.77","39","210","210"
"2026-03-16T17:16:55.7946535-03:00","26,928383355603","23223","0","5","790","12282","4.64","39","210","210"
"2026-03-16T17:16:58.3708833-03:00","25,5970148293804","23217","0","3","790","12282","4.61","39","210","210"
"2026-03-16T17:17:00.9273254-03:00","26,6756168312624","23218","0","4","790","12282","4.60","39","210","210"
"2026-03-16T17:17:03.5012852-03:00","26,0228668405397","23216","0","5","790","12282","4.66","39","210","210"
"2026-03-16T17:17:06.0791484-03:00","25,948348647766","23215","0","3","790","12282","4.59","39","210","210"
"2026-03-16T17:17:08.6533075-03:00","26,6983926495353","23214","0","3","790","12282","4.69","39","210","210"
"2026-03-16T17:17:11.2297098-03:00","37,6610693673697","23190","0","2","790","12282","4.85","39","210","210"
"2026-03-16T17:17:13.8081323-03:00","48,1639795739881","23187","0","3","790","12282","4.71","39","210","210"
"2026-03-16T17:17:16.3932762-03:00","49,7417057889317","23186","0","10","790","12282","4.93","39","210","210"
"2026-03-16T17:17:18.9586931-03:00","49,8656451742222","23186","0","3","790","12282","4.70","39","210","210"
"2026-03-16T17:17:21.5273335-03:00","53,5089715391093","23277","0","3","791","12282","4.83","39","210","210"
"2026-03-16T17:17:24.1012751-03:00","50,5829266574977","23281","0","4","791","12282","4.71","39","210","210"
"2026-03-16T17:17:26.6654040-03:00","50,358121475861","23280","0","5","791","12282","4.72","39","210","210"
"2026-03-16T17:17:29.2279007-03:00","51,7281129271917","23280","0","5","791","12282","4.67","39","210","210"
"2026-03-16T17:17:31.7971202-03:00","51,048887718295","23279","0","4","791","12282","4.66","39","210","210"
"2026-03-16T17:17:34.3674075-03:00","51,3220156911633","23280","0","5","791","12282","4.66","39","210","210"
"2026-03-16T17:17:36.9365265-03:00","50,9208878341856","23277","0","3","791","12282","4.64","39","210","210"
"2026-03-16T17:17:39.5012165-03:00","50,6013776320109","23285","0","3","791","12282","4.70","39","210","210"
"2026-03-16T17:17:42.0651045-03:00","100","23276","0","21","792","12282","4.77","39","210","210"
"2026-03-16T17:17:44.7642723-03:00","100","23268","0","3","792","12282","4.68","39","210","210"
"2026-03-16T17:17:47.3825584-03:00","100","23266","0","5","792","12282","4.65","39","210","210"
"2026-03-16T17:17:50.0025945-03:00","100","23267","0","3","792","12282","4.68","39","210","210"
"2026-03-16T17:17:52.6517266-03:00","76,2745788485428","23341","100","85","793","12282","40.58","47","2775","2775"
"2026-03-16T17:17:55.2222398-03:00","7,7053201925651","23335","0","0","791","12282","21.66","40","465","465"
"2026-03-16T17:17:57.7712683-03:00","6,34224820870317","23333","0","0","791","12282","15.00","40","210","210"
"2026-03-16T17:18:00.3216232-03:00","6,76562675481782","23331","0","3","791","12282","5.33","39","210","210"
"2026-03-16T17:18:02.8813272-03:00","6,0541336059676","23330","0","5","791","12282","4.85","39","210","210"
"2026-03-16T17:18:05.4408553-03:00","7,05643414351042","23356","0","3","791","12282","4.76","39","210","210"
"2026-03-16T17:18:07.9926407-03:00","7,03756144151791","23355","0","3","791","12282","4.77","39","210","210"
"2026-03-16T17:18:10.5466260-03:00","9,08434813879509","23353","0","3","791","12282","4.76","39","210","210"
"2026-03-16T17:18:13.1031528-03:00","7,00688952477991","23352","0","3","791","12282","4.70","39","210","210"
"2026-03-16T17:18:15.6561508-03:00","8,31574358795909","23341","0","3","791","12282","4.90","39","210","210"
"2026-03-16T17:18:18.2128516-03:00","7,37700303844007","23341","0","4","791","12282","4.76","39","210","210"
"2026-03-16T17:18:20.7653787-03:00","7,16412036524799","23340","0","4","791","12282","4.78","39","210","210"
"2026-03-16T17:18:23.3194063-03:00","7,39858186755586","23340","0","3","791","12282","4.73","39","210","210"
"2026-03-16T17:18:25.8738238-03:00","8,51978357236838","23351","0","4","791","12282","4.77","39","210","210"
"2026-03-16T17:18:28.4251006-03:00","7,09111990624334","23339","0","2","791","12282","4.92","39","210","210"
"2026-03-16T17:18:30.9963917-03:00","9,01628972680292","23337","0","3","791","12282","4.88","39","210","210"
"2026-03-16T17:18:33.5549226-03:00","7,64236099326548","23338","0","3","791","12282","4.71","39","210","210"
"2026-03-16T17:18:36.1087798-03:00","8,5189764928327","23337","0","3","791","12282","4.74","39","210","210"
"2026-03-16T17:18:38.6620975-03:00","8,53880476178158","23336","0","3","791","12282","4.73","39","210","210"
"2026-03-16T17:18:41.2141801-03:00","7,90818097260978","23336","0","4","791","12282","4.71","39","210","210"
"2026-03-16T17:18:43.7712099-03:00","6,43793140000675","23335","0","3","791","12282","4.70","39","210","210"
"2026-03-16T17:18:46.3293593-03:00","8,87878391966071","23335","0","3","791","12282","4.76","39","210","210"
"2026-03-16T17:18:48.8863837-03:00","8,97336836548067","23332","0","3","791","12282","4.71","39","210","210"
"2026-03-16T17:18:51.4420529-03:00","7,87028623262879","23331","0","3","791","12282","4.69","39","210","210"
"2026-03-16T17:18:53.9976214-03:00","8,6663720031963","23331","0","3","791","12282","4.70","39","210","210"
"2026-03-16T17:18:56.5536496-03:00","7,1115460674505","23331","0","3","791","12282","4.78","39","210","210"
"2026-03-16T17:18:59.1100182-03:00","8,31738113709432","23331","0","4","791","12282","4.77","39","210","210"
"2026-03-16T17:19:01.6679252-03:00","7,29429953429488","23331","0","3","791","12282","4.84","39","210","210"
"2026-03-16T17:19:04.2239018-03:00","7,25042270570314","23329","0","3","791","12282","4.70","39","210","210"
"2026-03-16T17:19:06.7758044-03:00","7,55225466336547","23329","0","4","791","12282","4.68","39","210","210"
"2026-03-16T17:19:09.3291315-03:00","7,13873582339409","23328","0","3","791","12282","4.75","39","210","210"
"2026-03-16T17:19:11.8821612-03:00","7,60558636083088","23327","0","5","791","12282","4.71","39","210","210"
"2026-03-16T17:19:14.4394348-03:00","7,32252087541007","23327","0","3","791","12282","4.77","39","210","210"
"2026-03-16T17:19:16.9949404-03:00","6,29680751362993","23325","0","3","791","12282","4.85","39","210","210"
"2026-03-16T17:19:19.5509551-03:00","7,40087731705155","23325","0","3","791","12282","4.80","39","210","210"
"2026-03-16T17:19:22.1039523-03:00","7,06139986134484","23324","0","3","791","12282","4.82","39","210","210"
"2026-03-16T17:19:24.6580602-03:00","6,82237934499362","23323","0","3","791","12282","4.79","39","210","210"
"2026-03-16T17:19:27.2131796-03:00","5,92188150831079","23323","0","3","791","12282","4.74","39","210","210"
"2026-03-16T17:19:29.7662061-03:00","6,76573469383911","23323","0","2","791","12282","4.92","39","210","210"
"2026-03-16T17:19:32.3314010-03:00","12,7588791314545","23321","0","3","791","12282","5.04","39","210","210"
"2026-03-16T17:19:34.9050987-03:00","13,4138994370468","23322","0","3","791","12282","4.78","39","210","210"
"2026-03-16T17:19:37.4795163-03:00","11,9844781510839","23319","0","3","791","12282","4.77","39","210","210"
"2026-03-16T17:19:40.0357552-03:00","12,600383301745","23313","0","5","791","12282","4.74","39","210","210"
"2026-03-16T17:19:42.5931206-03:00","13,3938404024824","23312","0","4","791","12282","4.76","39","210","210"
"2026-03-16T17:19:45.1517277-03:00","13,1973269754677","23312","0","4","791","12282","4.81","39","210","210"
"2026-03-16T17:19:47.7109568-03:00","12,6872931321124","23312","0","3","791","12282","4.77","39","210","210"
"2026-03-16T17:19:50.2679804-03:00","12,2523094064994","23345","0","4","791","12282","4.80","39","210","210"
"2026-03-16T17:19:52.8291958-03:00","13,8402291977159","23344","0","3","791","12282","4.74","39","210","210"
"2026-03-16T17:19:55.3851785-03:00","16,0618985794718","23343","0","5","791","12282","4.75","39","210","210"
"2026-03-16T17:19:57.9397044-03:00","12,4150720831788","23344","0","3","791","12282","4.76","39","210","210"
"2026-03-16T17:20:00.4949025-03:00","12,6522128103721","23347","0","2","791","12282","4.92","39","210","210"
"2026-03-16T17:20:03.0564276-03:00","12,5219299006175","23346","0","3","791","12282","4.76","39","210","210"
"2026-03-16T17:20:05.6110642-03:00","12,6270702404869","23345","0","3","791","12282","4.81","39","210","210"
"2026-03-16T17:20:08.1686492-03:00","13,811579133485","23343","0","3","791","12282","4.81","39","210","210"
"2026-03-16T17:20:10.7413584-03:00","14,8022776021773","23343","0","3","791","12282","4.83","39","210","210"
"2026-03-16T17:20:13.2995455-03:00","13,0912569337051","23343","0","3","791","12282","4.84","39","210","210"
"2026-03-16T17:20:15.8597102-03:00","14,3833939677722","23342","0","6","791","12282","4.88","39","210","210"
"2026-03-16T17:20:18.4227756-03:00","12,4524760772987","23342","0","4","791","12282","4.79","39","210","210"
"2026-03-16T17:20:20.9800040-03:00","12,4449221721074","23340","0","5","791","12282","4.74","39","210","210"
"2026-03-16T17:20:23.5351272-03:00","25,6816902283895","23346","0","2","790","12282","4.98","39","210","210"
"2026-03-16T17:20:26.0951458-03:00","26,0370300810873","23345","0","5","790","12282","4.80","39","210","210"
"2026-03-16T17:20:28.6694352-03:00","25,9824496393107","23356","0","6","790","12282","4.75","39","210","210"
"2026-03-16T17:20:31.2396438-03:00","25,441387018126","23355","0","3","790","12282","4.74","39","210","210"
"2026-03-16T17:20:33.7933430-03:00","25,5717772070886","23355","0","3","790","12282","4.69","39","210","210"
"2026-03-16T17:20:36.3473475-03:00","26,1570707519759","23353","0","3","790","12282","4.68","39","210","210"
"2026-03-16T17:20:38.9028787-03:00","26,0637577083337","23353","0","5","790","12282","4.72","39","210","210"
"2026-03-16T17:20:41.4787417-03:00","25,4142151193459","23354","0","3","790","12282","4.72","39","210","210"
"2026-03-16T17:20:44.0502163-03:00","26,1937978806549","23351","0","4","790","12282","4.69","39","210","210"
"2026-03-16T17:20:46.6196102-03:00","25,7188189886469","23351","0","3","790","12282","4.68","39","210","210"
"2026-03-16T17:20:49.1920053-03:00","25,2260006358349","23349","0","3","790","12282","4.69","39","210","210"
"2026-03-16T17:20:51.7661570-03:00","33,9071712756475","23346","0","2","792","12282","4.92","39","210","210"
"2026-03-16T17:20:54.3379141-03:00","50,6232216443539","23344","0","4","792","12282","4.73","39","210","210"
"2026-03-16T17:20:56.9039982-03:00","51,3505767658243","23344","0","3","792","12282","4.73","39","210","210"
"2026-03-16T17:20:59.4862021-03:00","51,2904327786694","23343","0","10","792","12282","4.82","39","210","210"
"2026-03-16T17:21:02.0501577-03:00","51,4860981751032","23342","0","5","792","12282","4.75","39","210","210"
"2026-03-16T17:21:04.6168471-03:00","50,9907619162253","23341","0","5","792","12282","4.72","39","210","210"
"2026-03-16T17:21:07.2039036-03:00","100","23342","0","3","790","12282","4.77","39","210","210"
"2026-03-16T17:21:09.8909064-03:00","100","23337","0","3","790","12282","4.68","39","210","210"
"2026-03-16T17:21:12.5560827-03:00","100","23336","0","3","790","12282","4.69","39","210","210"
"2026-03-16T17:21:15.1832079-03:00","59,2622952505241","23271","0","3","791","12282","4.89","39","210","210"
"2026-03-16T17:21:17.7543143-03:00","8,14199547986814","23260","0","3","791","12282","4.73","39","210","210"
"2026-03-16T17:21:20.3175629-03:00","6,81271321868754","23259","0","3","791","12282","4.66","39","210","210"
"2026-03-16T17:21:22.8771187-03:00","9,97687306030166","23232","0","3","791","12282","4.67","39","210","210"
"2026-03-16T17:21:25.4347418-03:00","8,01276286738505","23235","0","3","791","12282","4.70","39","210","210"
"2026-03-16T17:21:27.9848135-03:00","7,40652453027332","23235","0","3","791","12282","4.76","39","210","210"
"2026-03-16T17:21:30.5415377-03:00","6,92495891536159","23235","0","3","791","12282","4.75","39","210","210"
"2026-03-16T17:21:33.1000037-03:00","6,79719734425991","23233","0","3","791","12282","4.72","39","210","210"
"2026-03-16T17:21:35.6560359-03:00","8,03499909896392","23231","0","3","791","12282","4.67","39","210","210"
"2026-03-16T17:21:38.2112532-03:00","6,79513739003237","23231","0","3","791","12282","4.72","39","210","210"
"2026-03-16T17:21:40.7628200-03:00","7,57542824110014","23229","0","3","791","12282","4.72","39","210","210"
"2026-03-16T17:21:43.3181323-03:00","9,34902908412112","23202","0","0","791","12282","4.58","39","210","210"
"2026-03-16T17:21:45.8839764-03:00","7,08465793189982","23206","0","0","791","12282","4.25","39","210","210"
"2026-03-16T17:21:48.4675194-03:00","8,25639118332803","23215","0","0","791","12282","4.25","38","210","210"
"2026-03-16T17:21:51.0289718-03:00","8,92818162188791","23213","0","0","791","12282","4.22","39","210","210"
"2026-03-16T17:21:53.5942307-03:00","6,35868290500415","23216","0","0","791","12282","4.21","38","210","210"
"2026-03-16T17:21:56.1611475-03:00","7,25311343362396","23215","0","0","791","12282","4.22","39","210","210"
"2026-03-16T17:21:58.7140624-03:00","6,94174585547813","23280","3","1","788","12282","4.41","39","210","210"
"2026-03-16T17:22:01.2876454-03:00","13,7546401272292","23293","0","0","788","12282","4.36","39","210","210"
"2026-03-16T17:22:03.8654301-03:00","13,985156705986","23294","0","0","788","12282","4.22","38","210","210"
"2026-03-16T17:22:06.4054385-03:00","13,5763005100587","23295","0","0","788","12282","4.18","38","210","210"
"2026-03-16T17:22:08.9514212-03:00","13,721030625159","23295","0","0","788","12282","4.16","38","210","210"
"2026-03-16T17:22:11.4978369-03:00","13,2345560217928","23294","0","0","788","12282","4.23","38","210","210"
"2026-03-16T17:22:14.0436792-03:00","12,9190297207444","23293","0","0","788","12282","4.20","38","210","210"
"2026-03-16T17:22:16.5874616-03:00","13,3496417004489","23294","0","0","788","12282","4.18","38","210","210"
"2026-03-16T17:22:19.1326394-03:00","13,712709729613","23292","0","0","788","12282","4.22","38","210","210"
"2026-03-16T17:22:21.6751460-03:00","13,3879511293104","23295","0","0","788","12282","4.23","38","210","210"
"2026-03-16T17:22:24.2183615-03:00","13,8146790767698","23303","0","0","788","12282","4.17","38","210","210"
"2026-03-16T17:22:26.7604222-03:00","13,9675414191994","23302","0","0","788","12282","4.19","38","210","210"
"2026-03-16T17:22:29.3160502-03:00","13,0363521412568","23302","0","0","788","12282","4.20","38","210","210"
"2026-03-16T17:22:31.8868682-03:00","12,3464862995248","23302","0","7","788","12282","4.19","38","210","210"
"2026-03-16T17:22:34.4308610-03:00","13,1713012936982","23300","0","0","788","12282","4.17","38","210","210"
"2026-03-16T17:22:36.9740627-03:00","13,1554730832202","23300","0","0","788","12282","4.15","38","210","210"
"2026-03-16T17:22:39.5196517-03:00","14,9555513962477","23303","0","0","790","12282","4.31","38","210","210"
"2026-03-16T17:22:42.0708959-03:00","26,271662624511","23293","0","0","790","12282","4.33","38","210","210"
"2026-03-16T17:22:44.6275475-03:00","25,731075842232","23290","0","0","790","12282","4.19","38","210","210"
"2026-03-16T17:22:47.1976592-03:00","25,8067958648947","23289","0","0","790","12282","4.21","38","210","210"
"2026-03-16T17:22:49.7672817-03:00","25,3351316451548","23287","0","0","790","12282","4.17","38","210","210"
"2026-03-16T17:22:52.3368976-03:00","25,2667286301189","23286","0","0","790","12282","4.19","38","210","210"
"2026-03-16T17:22:54.9069547-03:00","25,3014098921531","23285","0","0","790","12282","4.18","38","210","210"
"2026-03-16T17:22:57.4643533-03:00","26,0551485880806","23283","0","1","790","12282","4.19","38","210","210"
"2026-03-16T17:23:00.0202364-03:00","35,4506946201844","23247","0","0","790","12282","4.55","38","210","210"
"2026-03-16T17:23:02.6063416-03:00","50,7148649846866","23248","0","0","790","12282","4.32","38","210","210"
"2026-03-16T17:23:05.1684393-03:00","51,1792659166876","23248","0","0","790","12282","4.23","38","210","210"
"2026-03-16T17:23:07.7421895-03:00","50,3854676182595","23460","0","0","790","12282","4.17","38","210","210"
"2026-03-16T17:23:10.3024921-03:00","50,0242832007927","23246","0","0","791","12282","4.39","38","210","210"
"2026-03-16T17:23:12.8732465-03:00","50,3902564482609","23245","0","0","791","12282","4.19","38","210","210"
"2026-03-16T17:23:15.4334300-03:00","50,3132698648292","23243","0","0","791","12282","4.14","38","210","210"
"2026-03-16T17:23:17.9926812-03:00","50,1643430459374","23243","0","0","791","12282","4.16","38","210","210"
"2026-03-16T17:23:20.5501130-03:00","50,3729078954917","23240","0","0","791","12282","4.14","38","210","210"
"2026-03-16T17:23:23.1140068-03:00","50,7051713422896","23240","0","0","791","12282","4.17","38","210","210"
"2026-03-16T17:23:25.6861672-03:00","50,3048232609798","23238","0","5","791","12282","4.19","38","210","210"
"2026-03-16T17:23:28.2371519-03:00","50,4799626131764","23234","4","1","792","12282","4.21","38","210","210"
"2026-03-16T17:23:30.8418038-03:00","100","23222","0","0","792","12282","4.18","38","210","210"
"2026-03-16T17:23:33.4722368-03:00","100","23219","0","0","790","12282","4.13","38","210","210"
"2026-03-16T17:23:36.0969946-03:00","100","23216","0","0","790","12282","4.14","38","210","210"
"2026-03-16T17:23:38.7400294-03:00","100","23218","0","0","790","12282","4.15","38","210","210"
"2026-03-16T17:23:41.3894133-03:00","38,2489705669867","23288","0","0","789","12282","57.30","40","2775","2775"
"2026-03-16T17:23:43.9497074-03:00","6,96604954531364","23276","0","0","789","12282","21.83","39","510","510"
"2026-03-16T17:23:46.4893409-03:00","6,2664114998507","23277","0","0","789","12282","14.57","39","225","225"
"2026-03-16T17:23:49.0577459-03:00","7,01928870055178","23274","0","0","789","12282","4.64","39","210","210"
"2026-03-16T17:23:51.6240659-03:00","8,6349971498894","23273","0","0","789","12282","4.23","39","210","210"
"2026-03-16T17:23:54.1918546-03:00","6,63787466144367","23272","0","0","789","12282","4.18","39","210","210"
"2026-03-16T17:23:56.7593906-03:00","7,0726271559734","23272","0","0","789","12282","4.20","39","210","210"
"2026-03-16T17:23:59.3257641-03:00","7,71047101659219","23271","0","0","789","12282","4.17","39","210","210"
"2026-03-16T17:24:01.8923094-03:00","7,05015901663338","23269","0","0","789","12282","4.18","39","210","210"
"2026-03-16T17:24:04.4496454-03:00","7,38476789508298","23273","0","0","789","12282","4.21","39","210","210"
"2026-03-16T17:24:07.0198785-03:00","7,29286414356453","23271","0","0","789","12282","4.22","39","210","210"
"2026-03-16T17:24:09.5726590-03:00","7,34041901223119","23269","0","0","789","12282","4.21","39","210","210"
"2026-03-16T17:24:12.1410700-03:00","7,10655695367033","23267","0","0","789","12282","4.15","39","210","210"
"2026-03-16T17:24:14.7076654-03:00","7,07527139102027","23252","0","0","789","12282","4.26","39","210","210"
"2026-03-16T17:24:17.2808758-03:00","7,362957920709","23252","0","0","789","12282","4.17","39","210","210"
"2026-03-16T17:24:19.8479040-03:00","6,24329777362745","23251","0","0","789","12282","4.14","39","210","210"
"2026-03-16T17:24:22.4018859-03:00","8,01537510482846","23250","0","0","789","12282","4.15","39","210","210"
"2026-03-16T17:24:24.9669199-03:00","7,945564713341","23249","0","0","789","12282","4.21","39","210","210"
"2026-03-16T17:24:27.5333023-03:00","7,17258273786274","23248","0","0","789","12282","4.21","39","210","210"
"2026-03-16T17:24:30.0967146-03:00","5,84740806146277","23247","0","0","789","12282","4.19","39","210","210"
"2026-03-16T17:24:32.6637252-03:00","7,13835671701297","23245","0","0","789","12282","4.11","39","210","210"
"2026-03-16T17:24:35.2286071-03:00","6,9850638068184","23243","0","0","789","12282","4.07","38","210","210"
"2026-03-16T17:24:37.7829647-03:00","7,96560844624883","23195","0","0","789","12282","4.15","38","210","210"
"2026-03-16T17:24:40.3323300-03:00","7,67285479182975","23186","0","0","789","12282","4.12","39","210","210"
"2026-03-16T17:24:42.8978170-03:00","6,98869919572653","23184","0","0","789","12282","4.14","38","210","210"
"2026-03-16T17:24:45.4375563-03:00","6,55328847743748","23182","0","0","789","12282","4.13","38","210","210"
"2026-03-16T17:24:48.0053739-03:00","6,77046734963078","23211","0","0","789","12282","4.12","38","210","210"
"2026-03-16T17:24:50.5717727-03:00","6,15403198383258","23224","0","0","789","12282","4.14","38","210","210"
"2026-03-16T17:24:53.1244977-03:00","8,12949428166586","23224","0","0","789","12282","4.12","38","210","210"
"2026-03-16T17:24:55.6937251-03:00","26,4149796729429","23156","0","0","789","12282","4.11","38","210","210"
"2026-03-16T17:24:58.2546887-03:00","10,9102640056263","23153","0","0","789","12282","4.12","38","210","210"
"2026-03-16T17:25:00.8095982-03:00","7,37650142348572","23157","0","0","789","12282","4.11","38","210","210"
"2026-03-16T17:25:03.3648564-03:00","6,61900200028519","23158","0","0","789","12282","4.16","38","210","210"
"2026-03-16T17:25:05.9362450-03:00","6,58431254293611","23156","0","0","789","12282","4.12","38","210","210"
"2026-03-16T17:25:08.4914735-03:00","6,03320751922175","23156","0","0","789","12282","4.17","38","210","210"
"2026-03-16T17:25:11.0477367-03:00","6,80907714409363","23155","0","0","789","12282","4.24","38","210","210"
"2026-03-16T17:25:13.5876961-03:00","7,4209650914794","23156","0","0","789","12282","4.20","38","210","210"
"2026-03-16T17:25:16.1428294-03:00","6,38099427026179","23156","0","0","789","12282","4.23","38","210","210"
"2026-03-16T17:25:18.7089437-03:00","8,64651230099873","23166","0","0","791","12282","4.52","38","210","210"
"2026-03-16T17:25:21.2725599-03:00","13,6626276892735","23159","0","3","790","12282","4.22","38","210","210"
"2026-03-16T17:25:23.8393696-03:00","14,2872437604927","23162","0","0","790","12282","4.27","38","210","210"
"2026-03-16T17:25:26.3939519-03:00","12,6533457861379","23160","0","0","790","12282","4.19","38","210","210"
"2026-03-16T17:25:28.9399694-03:00","13,8437880390891","23159","0","0","790","12282","4.14","38","210","210"
"2026-03-16T17:25:31.4834932-03:00","12,9073892165188","23245","0","0","790","12282","4.15","38","210","210"
"2026-03-16T17:25:34.0260962-03:00","13,0874348126103","23247","0","0","790","12282","4.34","38","210","210"
"2026-03-16T17:25:36.5836142-03:00","13,5360236913505","23248","0","0","790","12282","4.18","38","210","210"
"2026-03-16T17:25:39.1289831-03:00","12,8073337768069","23249","0","0","790","12282","4.19","38","210","210"
"2026-03-16T17:25:41.6743005-03:00","13,0340662647784","23250","0","0","790","12282","4.19","38","210","210"
"2026-03-16T17:25:44.2400532-03:00","12,9733314431296","23250","0","0","790","12282","4.22","38","210","210"
"2026-03-16T17:25:46.7825666-03:00","12,4399527609748","23250","0","0","790","12282","4.14","38","210","210"
"2026-03-16T17:25:49.3373350-03:00","12,611767161175","23250","0","0","790","12282","4.22","38","210","210"
"2026-03-16T17:25:51.8834333-03:00","13,4712607762474","23250","0","0","790","12282","4.16","38","210","210"
"2026-03-16T17:25:54.4357935-03:00","12,6654576466935","23260","0","0","790","12282","4.13","38","210","210"
"2026-03-16T17:25:57.0052889-03:00","12,8246582367309","23286","0","0","790","12282","4.14","38","210","210"
"2026-03-16T17:25:59.5581389-03:00","13,2039492329414","23285","0","0","790","12282","4.12","38","210","210"
"2026-03-16T17:26:02.1114544-03:00","13,3610791017157","23284","0","0","790","12282","4.16","38","210","210"
"2026-03-16T17:26:04.6534165-03:00","13,7322932750195","23284","0","0","790","12282","4.09","38","210","210"
"2026-03-16T17:26:07.2230175-03:00","13,1072183394027","23284","0","0","790","12282","4.14","38","210","210"
"2026-03-16T17:26:09.7906915-03:00","13,7280516655606","23283","0","0","790","12282","4.24","38","210","210"
"2026-03-16T17:26:12.3391447-03:00","26,6332753265054","23282","0","0","790","12282","4.26","38","210","210"
"2026-03-16T17:26:14.8944533-03:00","25,7897388814297","23283","0","0","790","12282","4.17","38","210","210"
"2026-03-16T17:26:17.4536501-03:00","26,8819397573427","23283","0","0","790","12282","4.10","38","210","210"
"2026-03-16T17:26:20.0151274-03:00","25,6146024967132","23283","0","0","790","12282","4.15","38","210","210"
"2026-03-16T17:26:22.5887498-03:00","25,3120388477272","23282","0","2","790","12282","4.20","38","210","210"
"2026-03-16T17:26:25.1634301-03:00","25,3939650666488","23281","0","0","790","12282","4.22","38","210","210"
"2026-03-16T17:26:27.7186965-03:00","26,0036173118046","23289","0","0","790","12282","4.14","38","210","210"
"2026-03-16T17:26:30.2791691-03:00","25,4364922526432","23299","0","0","790","12282","4.12","38","210","210"
"2026-03-16T17:26:32.8452392-03:00","25,0714967573822","23299","0","0","790","12282","4.09","38","210","210"
"2026-03-16T17:26:35.4246064-03:00","26,9224521858444","23300","0","0","790","12282","4.09","38","210","210"
"2026-03-16T17:26:37.9985518-03:00","25,049730927631","23300","0","0","790","12282","4.05","38","210","210"
"2026-03-16T17:26:40.5571682-03:00","35,7657703856914","23297","0","0","793","12282","4.40","38","210","210"
"2026-03-16T17:26:43.1164591-03:00","50,257514584958","23296","0","0","790","12282","4.25","38","210","210"
"2026-03-16T17:26:45.6881821-03:00","50,2427620572885","23294","0","0","790","12282","4.13","38","210","210"
"2026-03-16T17:26:48.2463900-03:00","50,9076333886044","23292","0","1","790","12282","4.08","38","210","210"
"2026-03-16T17:26:50.8008953-03:00","50,2458378457278","23293","0","0","790","12282","4.10","38","210","210"
"2026-03-16T17:26:53.3601451-03:00","50,3408060819403","23368","0","0","790","12282","4.09","38","210","210"
"2026-03-16T17:26:55.9235488-03:00","100","23292","0","0","790","12282","4.23","38","210","210"
"2026-03-16T17:26:58.7095246-03:00","100","23280","0","0","790","12282","4.16","38","210","210"
"2026-03-16T17:27:01.3647692-03:00","100","23280","0","0","790","12282","4.18","38","210","210"
"2026-03-16T17:27:03.9949265-03:00","8,78596196200822","23206","0","0","791","12282","4.49","38","210","210"
"2026-03-16T17:27:06.5495998-03:00","6,93617615059708","23204","0","0","791","12282","4.17","38","210","210"
"2026-03-16T17:27:09.1130055-03:00","7,21279567945903","23203","0","0","791","12282","4.16","38","210","210"
"2026-03-16T17:27:11.6741879-03:00","7,99450156585627","23204","0","0","791","12282","4.13","38","210","210"
"2026-03-16T17:27:14.2346052-03:00","8,38116800643254","23203","0","0","791","12282","4.05","38","210","210"
"2026-03-16T17:27:16.7966716-03:00","8,00109094147874","23201","0","0","791","12282","4.17","38","210","210"
"2026-03-16T17:27:19.3588253-03:00","7,45644406692158","23203","0","0","791","12282","4.15","38","210","210"
"2026-03-16T17:27:21.9249571-03:00","7,00793430263473","23201","0","0","791","12282","4.17","38","210","210"
"2026-03-16T17:27:24.4865614-03:00","7,95585073061563","23201","0","0","791","12282","4.21","38","210","210"
"2026-03-16T17:27:27.0495533-03:00","6,75533542019131","23200","0","0","791","12282","4.27","38","210","210"
"2026-03-16T17:27:29.6117908-03:00","7,98583106912909","23200","0","0","791","12282","4.24","38","210","210"
"2026-03-16T17:27:32.1758561-03:00","7,53751350742964","23197","0","0","791","12282","4.21","38","210","210"
"2026-03-16T17:27:34.7399672-03:00","5,93296497234523","23196","0","0","791","12282","4.24","38","210","210"
"2026-03-16T17:27:37.2991943-03:00","7,20295101873712","23197","0","0","791","12282","4.21","38","210","210"
"2026-03-16T17:27:39.8623019-03:00","7,76566523537379","23205","0","0","791","12282","4.19","38","210","210"
"2026-03-16T17:27:42.4261217-03:00","6,73125036025295","23204","0","0","791","12282","4.27","38","210","210"
"2026-03-16T17:27:44.9878604-03:00","7,9545133110617","23201","0","0","791","12282","4.21","38","210","210"
"2026-03-16T17:27:47.5487624-03:00","8,29947344007017","23198","0","0","791","12282","4.38","38","210","210"
"2026-03-16T17:27:50.0997838-03:00","13,3588220126815","23188","0","0","790","12282","4.15","38","210","210"
"2026-03-16T17:27:52.6580856-03:00","14,3042092240713","23185","0","0","790","12282","4.16","38","210","210"
"2026-03-16T17:27:55.2204425-03:00","12,6777441676226","23182","0","0","790","12282","4.19","38","210","210"
"2026-03-16T17:27:57.7863954-03:00","13,0817887840441","23181","0","0","790","12282","4.19","38","210","210"
"2026-03-16T17:28:00.3505838-03:00","12,4849205743718","23179","0","0","790","12282","4.28","38","210","210"
"2026-03-16T17:28:02.9142336-03:00","13,4462631276696","23178","0","0","790","12282","4.26","38","210","210"
"2026-03-16T17:28:05.4813514-03:00","12,4176660531168","23175","0","0","790","12282","4.22","38","210","210"
"2026-03-16T17:28:08.0493189-03:00","13,0045171380547","23177","0","0","790","12282","4.24","38","210","210"
"2026-03-16T17:28:10.6157311-03:00","13,4492206841215","23176","0","0","790","12282","4.24","38","210","210"
"2026-03-16T17:28:13.1709553-03:00","12,890262738972","23178","0","0","790","12282","4.24","38","210","210"
"2026-03-16T17:28:15.7394233-03:00","13,2585024923208","23175","0","0","790","12282","4.24","38","210","210"
"2026-03-16T17:28:18.3111176-03:00","13,1403898324008","23176","0","0","790","12282","4.22","38","210","210"
"2026-03-16T17:28:20.8657224-03:00","13,682165892045","23175","0","0","790","12282","4.20","38","210","210"
"2026-03-16T17:28:23.4207928-03:00","12,7737413943444","23175","0","0","790","12282","4.17","38","210","210"
"2026-03-16T17:28:25.9860647-03:00","14,2328058166037","23326","0","0","790","12282","4.20","38","210","210"
"2026-03-16T17:28:28.5797905-03:00","24,8269533489222","23152","0","0","790","12282","4.29","38","210","210"
"2026-03-16T17:28:31.1321170-03:00","25,036494441692","23149","0","0","790","12282","4.21","38","210","210"
"2026-03-16T17:28:33.7058659-03:00","26,0788260007857","23148","0","0","790","12282","4.13","38","210","210"
"2026-03-16T17:28:36.2656456-03:00","25,6614933263683","23150","0","0","790","12282","4.11","38","210","210"
"2026-03-16T17:28:38.8249123-03:00","24,8241421402898","23150","0","0","790","12282","4.17","38","210","210"
"2026-03-16T17:28:41.3971311-03:00","25,7344509181329","23151","0","0","790","12282","4.20","38","210","210"
"2026-03-16T17:28:43.9672270-03:00","25,3905199854652","23149","0","0","790","12282","4.21","38","210","210"
"2026-03-16T17:28:46.5394524-03:00","25,627654664584","23115","0","0","790","12282","4.48","38","210","210"
"2026-03-16T17:28:49.1141672-03:00","48,1861698267652","23112","0","0","790","12282","4.32","38","210","210"
"2026-03-16T17:28:51.6732892-03:00","50,4710426584163","23113","0","0","790","12282","4.13","38","210","210"
"2026-03-16T17:28:54.2350267-03:00","49,6330188740419","23109","0","0","790","12282","4.14","38","210","210"
"2026-03-16T17:28:56.7999353-03:00","44,8257574809767","23248","0","0","789","12282","4.44","38","210","210"
"2026-03-16T17:28:59.3828518-03:00","50,3984927339126","23247","0","0","789","12282","4.40","38","210","210"
"2026-03-16T17:29:01.9414973-03:00","50,401273670954","23246","0","0","789","12282","4.17","38","210","210"
"2026-03-16T17:29:04.4996254-03:00","51,332193177187","23244","0","0","789","12282","4.15","38","210","210"
"2026-03-16T17:29:07.0577116-03:00","50,400912494139","23243","0","0","789","12282","4.19","38","210","210"
"2026-03-16T17:29:09.6157155-03:00","50,1911909815748","23241","0","0","789","12282","4.14","38","210","210"
"2026-03-16T17:29:12.1713824-03:00","49,7970286662513","23205","0","1","789","12282","4.26","38","210","210"
"2026-03-16T17:29:14.7290550-03:00","58,0458448157194","23128","0","4","789","12282","4.23","38","210","210"
"2026-03-16T17:29:17.2952167-03:00","99,1237061752139","23193","0","0","792","12282","4.23","38","210","210"
"2026-03-16T17:29:19.9669578-03:00","99,805612747791","23175","0","0","790","12282","4.34","38","210","210"
"2026-03-16T17:29:22.6175667-03:00","100","23174","0","0","790","12282","4.22","38","210","210"
"2026-03-16T17:29:25.2361135-03:00","99,5165258778167","23182","0","0","790","12282","4.23","38","210","210"
"2026-03-16T17:29:27.8663243-03:00","99,8054070963844","23158","17","1","1055","12282","4.48","42","2490","2490"
